"id","title","date","developer_name","publisher_name","reviews_total","reviews_recent","reviews_total_summary","reviews_recent_summary","original_price","discount_price","discount_percent","achievements_number","langs_number","dlcs_number","has_ost","is_dlc","is_ost","short_desc","dlcs","tags","genres","languages","url","developer_url","publisher_url","owners","owners_numeric","is_indie"
3321460,"Crimson Desert","19 Mar, 2026","Pearl Abyss","Pearl Abyss",NA,NA,"Very Positive","",69.99,NA,NA,34,14,1,"False","False","False","Crimson Desert is an open-world action-adventure set on the continent of Pywel. Join Kliff on his journey to rebuild the Greymane faction and to save the land from a looming threat. From vast wilderness and cities to ruins and the mysterious Abyss, forge your path through battles and discovery.","Crimson Desert - Deluxe Pack","Open World|Action|Singleplayer|Adventure|Exploration|Combat|Dragons|Action-Adventure|Medieval|Third Person|Fantasy|RPG|Horses|Choose Your Own Adventure|Story Rich|3D|PvE|Artificial Intelligence|Gore|Souls-like","Action|Adventure","English|French|Italian|German|Spanish - Spain|Japanese|Korean|Polish|Russian|Simplified Chinese|Spanish - Latin America|Traditional Chinese|Portuguese - Brazil|Turkish","https://store.steampowered.com/app/3321460/","https://store.steampowered.com/developer/Pearlabyss","https://store.steampowered.com/publisher/Pearlabyss","0 .. 20,000",6.66666666666667,FALSE
2868840,"Slay the Spire 2","5 Mar, 2026","Mega Crit","Mega Crit",NA,NA,"Very Positive","Mostly Positive",22.99,NA,NA,0,14,0,"False","False","False","The iconic roguelike deckbuilder returns. Craft a unique deck, encounter bizarre creatures, and discover relics of immense power in Slay the Spire 2!","","Strategy|Roguelike|Card Game|Deckbuilding|Co-op|Roguelike Deckbuilder|Multiplayer|Turn-Based Combat|Card Battler|Indie|Dungeon Crawler|Roguelite|2D|Early Access|Difficult|Singleplayer|Fantasy|Replay Value|Procedural Generation|Mouse only","Indie|Strategy|Early Access","English|French|Italian|German|Spanish - Spain|Japanese|Korean|Polish|Portuguese - Brazil|Russian|Simplified Chinese|Spanish - Latin America|Thai|Turkish","https://store.steampowered.com/app/2868840/","https://store.steampowered.com/developer/megacrit","https://store.steampowered.com/publisher/megacrit","0 .. 20,000",6.66666666666667,TRUE
2050650,"Resident Evil 4","23 Mar, 2023","CAPCOM Co., Ltd.","CAPCOM Co., Ltd.",NA,NA,"Overwhelmingly Positive","Overwhelmingly Positive",39.99,15.99,60,46,14,26,"True","False","False","Survival is just the beginning. Six years have passed since the biological disaster in Raccoon City. Leon S. Kennedy, one of the survivors, tracks the president's kidnapped daughter to a secluded European village, where there is something terribly wrong with the locals.","Resident Evil 4 - Separate Ways|Resident Evil 4 - The Mercenaries|Resident Evil 4 Treasure Map: Expansion|Resident Evil 4 Leon & Ashley Costumes: 'Casual'|Resident Evil 4 Leon & Ashley Costumes: 'Romantic'|Resident Evil 4 Leon Costume & Filter: 'Hero'|Resident Evil 4 Leon Costume & Filter: 'Villain'|Resident Evil 4 'Original Ver.' Soundtrack Swap|Resident Evil 4 Deluxe Weapon: 'Sentinel Nine'|Resident Evil 4 Deluxe Weapon: 'Skull Shaker'|Resident Evil 4 Leon Accessory: 'Sunglasses (Sporty)'|Resident Evil 4 Weapon Exclusive Upgrade Ticket x1 (A)|Resident Evil 4 Weapon Exclusive Upgrade Ticket x1 (B)|Resident Evil 4 Weapon Exclusive Upgrade Ticket x1 (C)|Resident Evil 4 Weapon Exclusive Upgrade Ticket x1 (D)|Resident Evil 4 Weapon Exclusive Upgrade Ticket x1 (E)|Resident Evil 4 Weapon Exclusive Upgrade Ticket x1 (F)|Resident Evil 4 Weapon Exclusive Upgrade Ticket x3 (A)|Resident Evil 4 Weapon Exclusive Upgrade Ticket x3 (B)|Resident Evil 4 Weapon Exclusive Upgrade Ticket x3 (C)|Resident Evil 4 Weapon Exclusive Upgrade Ticket x3 (D)|Resident Evil 4 Weapon Exclusive Upgrade Ticket x5 (A)|Resident Evil 4 Attaché Case: 'Gold'|Resident Evil 4 Attaché Case: 'Classic'|Resident Evil 4 Charm: 'Handgun Ammo'|Resident Evil 4 Charm: 'Green Herb'","Horror|Action|Survival Horror|Third-Person Shooter|Singleplayer|Zombies|Story Rich|Survival|Remake|Dark|Cinematic|Realistic|Gore|Third Person|VR|Resource Management|Adventure|Action-Adventure|Violent|Psychological Horror","Action|Adventure","English|French|Italian|German|Spanish - Spain|Arabic|Japanese|Korean|Portuguese - Brazil|Russian|Simplified Chinese|Traditional Chinese|Spanish - Latin America|Polish","https://store.steampowered.com/app/2050650/","https://store.steampowered.com/developer/capcom","https://store.steampowered.com/publisher/capcom","5,000,000 .. 10,000,000",2.5,FALSE
1174180,"Red Dead Redemption 2","5 Dec, 2019","Rockstar Games","Rockstar Games",NA,NA,"Very Positive","Very Positive",59.99,14.99,75,51,13,0,"False","False","False","Arthur Morgan and the Van der Linde Gang are outlaws on the run. With federal agents and bounty hunters massing on their heels, the gang must rob, steal, and fight their way across the rugged heartland in order to survive.","","Open World|Story Rich|Western|Multiplayer|Adventure|Action|Realistic|Singleplayer|Shooter|Horses|Beautiful|Atmospheric|Mature|Third-Person Shooter|Great Soundtrack|Third Person|Gore|Sandbox|First-Person|FPS","Action|Adventure","English|French|Italian|German|Spanish - Spain|Japanese|Korean|Polish|Russian|Simplified Chinese|Spanish - Latin America|Traditional Chinese|Portuguese - Brazil","https://store.steampowered.com/app/1174180/","https://store.steampowered.com/developer/rockstargames","https://store.steampowered.com/publisher/rockstargames","10,000,000 .. 20,000,000",5,FALSE
227300,"Euro Truck Simulator 2","18 Oct, 2012","SCS Software","SCS Software",NA,NA,"Overwhelmingly Positive","Overwhelmingly Positive",50.33,23.54,53,106,30,106,"False","False","False","Travel across Europe as king of the road, a trucker who delivers important cargo across impressive distances! With dozens of cities to explore, your endurance, skill and speed will all be pushed to their limits.","Euro Truck Simulator 2 - Bobcat Cargo Pack|Euro Truck Simulator 2 - Nordic Horizons|Euro Truck Simulator 2 - Farm Machinery|Euro Truck Simulator 2 - Forest Machinery|Euro Truck Simulator 2 - Greece|Euro Truck Simulator 2 - DAF XF Electric|Euro Truck Simulator 2 - Greek Mythology Pack|Euro Truck Simulator 2 - Volvo FH Series 6|Euro Truck Simulator 2 - Iveco S-Way|Euro Truck Simulator 2 - Volvo FH Series 5|Euro Truck Simulator 2 - Kässbohrer Trailer Pack|Euro Truck Simulator 2 - Krone Trailer Pack|Euro Truck Simulator 2 - Kögel Trailer Pack|Euro Truck Simulator 2 - JCB Equipment Pack|Euro Truck Simulator 2 - Scania S BEV|Euro Truck Simulator 2 - Renault Trucks E-Tech T|Euro Truck Simulator 2 - Modern Lines Paint Jobs Pack|Euro Truck Simulator 2 - Street Art Paint Jobs Pack|Euro Truck Simulator 2 - Ukrainian Paint Jobs Pack|Euro Truck Simulator 2 - Renault Trucks T Tuning Pack|Euro Truck Simulator 2 - Iberia|Euro Truck Simulator 2 - Road to the Black Sea|Euro Truck Simulator 2 - Beyond the Baltic Sea|Euro Truck Simulator 2 - Italia|Euro Truck Simulator 2 - Vive la France !|Euro Truck Simulator 2 - Scandinavia|Euro Truck Simulator 2 - Going East!|Euro Truck Simulator 2 - Special Transport|Euro Truck Simulator 2 - Volvo Construction Equipment|Euro Truck Simulator 2 - Heavy Cargo Pack|Euro Truck Simulator 2 - High Power Cargo Pack|Euro Truck Simulator 2 - Actros Tuning Pack|Euro Truck Simulator 2 - Mighty Griffin Tuning Pack|Euro Truck Simulator 2 - FH Tuning Pack|Euro Truck Simulator 2 - XF Tuning Pack|Euro Truck Simulator 2 - Schwarzmüller Trailer Pack|Euro Truck Simulator 2 - Goodyear Tyres Pack|Euro Truck Simulator 2 - Schmitz Cargobull Trailer Pack|Euro Truck Simulator 2 - HS-Schoch Tuning Pack|Euro Truck Simulator 2 - Wheel Tuning Pack|Euro Truck Simulator 2 - Cabin Accessories|Euro Truck Simulator 2 - Super Stripes Paint Jobs Pack|Euro Truck Simulator 2 - Raven Truck Design Pack|Euro Truck Simulator 2 - Window Flags|Euro Truck Simulator 2 - Lunar New Year Pack|Euro Truck Simulator 2 - Valentine's Paint Jobs Pack|Euro Truck Simulator 2 - Force of Nature Paint Jobs Pack|Euro Truck Simulator 2 - Halloween Paint Jobs Pack|Euro Truck Simulator 2 - Ice Cold Paint Jobs Pack|Euro Truck Simulator 2 - Christmas Paint Jobs Pack|Euro Truck Simulator 2 - Space Paint Jobs Pack|Euro Truck Simulator 2 - Pirate Paint Jobs Pack|Euro Truck Simulator 2 - Prehistoric Paint Jobs Pack|Euro Truck Simulator 2 - Viking Legends|Euro Truck Simulator 2 - Dragon Truck Design Pack|Euro Truck Simulator 2 - Fantasy Paint Jobs Pack|Euro Truck Simulator 2 - Metallic Paint Jobs Pack|Euro Truck Simulator 2 - Flip Paint Designs|Euro Truck Simulator 2 - Czech Paint Jobs Pack|Euro Truck Simulator 2 - Slovak Paint Jobs Pack|Euro Truck Simulator 2 - Polish Paint Jobs Pack|Euro Truck Simulator 2 - German Paint Jobs Pack|Euro Truck Simulator 2 - Austrian Paint Jobs Pack|Euro Truck Simulator 2 - Swiss Paint Jobs Pack|Euro Truck Simulator 2 - Hungarian Paint Jobs Pack|Euro Truck Simulator 2 - Norwegian Paint Jobs Pack|Euro Truck Simulator 2 - Swedish Paint Jobs Pack|Euro Truck Simulator 2 - Finnish Paint Jobs Pack|Euro Truck Simulator 2 - Danish Paint Jobs Pack|Euro Truck Simulator 2 - Estonian Paint Jobs Pack|Euro Truck Simulator 2 - Latvian Paint Jobs Pack|Euro Truck Simulator 2 - Lithuanian Paint Jobs Pack|Euro Truck Simulator 2 - Michelin Fan Pack|Euro Truck Simulator 2 - Dutch Paint Jobs Pack|Euro Truck Simulator 2 - Spanish Paint Jobs Pack|Euro Truck Simulator 2 - Portuguese Paint Jobs Pack|Euro Truck Simulator 2 - French Paint Jobs Pack|Euro Truck Simulator 2 - Italian Paint Jobs Pack|Euro Truck Simulator 2 - Romanian Paint Jobs Pack|Euro Truck Simulator 2 - Bulgarian Paint Jobs  Pack|Euro Truck Simulator 2 - UK Paint Jobs Pack|Euro Truck Simulator 2 - Irish Paint Jobs Pack|Euro Truck Simulator 2 - Scottish Paint Jobs Pack|Euro Truck Simulator 2 - Belgian Paint Jobs Pack|Euro Truck Simulator 2 - Turkish Paint Jobs Pack|Euro Truck Simulator 2 - Canadian Paint Jobs Pack|Euro Truck Simulator 2 - USA Paint Jobs Pack|Euro Truck Simulator 2 - Brazilian Paint Jobs Pack|Euro Truck Simulator 2 - Japanese Paint Jobs Pack|Euro Truck Simulator 2 - South Korean Paint Jobs Pack|Euro Truck Simulator 2 - Chinese Paint Jobs Pack|Euro Truck Simulator 2 - Australian Paint Jobs Pack|Euro Truck Simulator 2 - DAF XG/XG+|Euro Truck Simulator 2 - Pink Ribbon Charity Pack|Euro Truck Simulator 2 - West Balkans|Euro Truck Simulator 2 - Feldbinder Trailer Pack|Euro Truck Simulator 2 - Heart of Russia|Euro Truck Simulator 2 - MAN TGX|Euro Truck Simulator 2 - Wielton Trailer Pack|Euro Truck Simulator 2 - TIRSAN Trailer Pack|Euro Truck Simulator 2 - DAF XD|Euro Truck Simulator 2 - Russian Paint Jobs Pack|Euro Truck Simulator 2 - Iceland|Euro Truck Simulator 2 - Coaches|Euro Truck Simulator 2 - Isle of Ireland|Euro Truck Simulator 2 - KRONE Agriculture Equipment","Driving|Transportation|Simulation|Open World|Automobile Sim|Realistic|Moddable|Relaxing|Exploration|Economy|Immersive Sim|Management|Atmospheric|Multiplayer|Controller|Family Friendly|Third Person|Adventure|Casual|Indie","Indie|Simulation","English|German|French|Italian|Korean|Spanish - Spain|Simplified Chinese|Russian|Japanese|Portuguese - Portugal|Polish|Danish|Dutch|Finnish|Norwegian|Swedish|Hungarian|Czech|Romanian|Turkish|Portuguese - Brazil|Bulgarian|Greek|Ukrainian|Traditional Chinese|Catalan|Lithuanian|Serbian|Slovak|Slovenian","https://store.steampowered.com/app/227300/","https://store.steampowered.com/developer/SCSsoftware","https://store.steampowered.com/publisher/SCSsoftware","10,000,000 .. 20,000,000",5,TRUE
1808500,"ARC Raiders","30 Oct, 2025","Embark Studios","Embark Studios",NA,NA,"Very Positive","Mostly Positive",39.99,NA,NA,50,13,3,"False","False","False","ARC Raiders is a multiplayer extraction adventure, set in a lethal future earth, ravaged by a mysterious mechanized threat known as ARC.","ARC Raiders - Upgrade to Deluxe Edition|ARC Raiders - The Bonecrown Set|ARC Raiders - The Wasp Hunter Set","Extraction Shooter|Multiplayer|PvP|PvE|Third-Person Shooter|Post-apocalyptic|Shooter|Online Co-Op|Survival|Sci-fi|Atmospheric|Third Person|Crafting|Inventory Management|Action|Open World|Combat|Futuristic|Character Customization|Realistic","Action","English|French|Italian|German|Spanish - Spain|Japanese|Korean|Polish|Portuguese - Brazil|Russian|Simplified Chinese|Traditional Chinese|Turkish","https://store.steampowered.com/app/1808500/","","","0 .. 20,000",6.66666666666667,FALSE
252490,"Rust","8 Feb, 2018","Facepunch Studios","Facepunch Studios",NA,NA,"Very Positive","Very Positive",39.99,NA,NA,92,25,4,"True","False","False","The only aim in Rust is to survive. Everything wants you to die - the island’s wildlife, other inhabitants, the environment, and other survivors. Do whatever it takes to last another night.","Rust - Warhammer 40,000 Pack|Rust - Instruments Pack|Rust - Sunburn Pack|Rust - Voice Props Pack","Survival|Crafting|Multiplayer|Open World|Open World Survival Craft|Building|PvP|Sandbox|Adventure|First-Person|Action|Nudity|FPS|Shooter|Co-op|Online Co-Op|Indie|Post-apocalyptic|Early Access|Simulation","Action|Adventure|Indie|Massively Multiplayer|RPG","English|French|Italian|German|Spanish - Spain|Japanese|Korean|Russian|Simplified Chinese|Ukrainian|Polish|Portuguese - Portugal|Turkish|Arabic|Czech|Danish|Dutch|Finnish|Greek|Norwegian|Portuguese - Brazil|Spanish - Latin America|Swedish|Traditional Chinese|Vietnamese","https://store.steampowered.com/app/252490/","https://store.steampowered.com/developer/facepunch","https://store.steampowered.com/publisher/facepunch","20,000,000 .. 50,000,000",11.6666666666667,TRUE
3240220,"Grand Theft Auto V Enhanced","4 Mar, 2025","Rockstar North","Rockstar Games",NA,NA,"Very Positive","Very Positive",29.99,14.99,50,77,13,0,"False","False","False","Experience entertainment blockbusters Grand Theft Auto V and Grand Theft Auto Online — now upgraded for a new generation with stunning visuals, faster loading, 3D audio, and more, plus exclusive content for GTA Online players.","","Open World|Action|Sexual Content|Multiplayer|Crime|Mature|Shooter|Third Person|First-Person|Adventure|Automobile Sim|Racing|Third-Person Shooter|Sandbox|Funny|Moddable|Atmospheric|Comedy|PvP|Co-op","Action|Adventure|Racing","English|French|Italian|German|Spanish - Spain|Japanese|Korean|Polish|Portuguese - Brazil|Russian|Simplified Chinese|Spanish - Latin America|Traditional Chinese","https://store.steampowered.com/app/3240220/","https://store.steampowered.com/developer/rockstargames","https://store.steampowered.com/publisher/rockstargames","5,000,000 .. 10,000,000",2.5,FALSE
3472040,"NBA 2K26","4 Sep, 2025","Visual Concepts","2K",NA,NA,"Mixed","Mostly Positive",69.99,17.49,75,48,9,4,"False","False","False","Bragging rights are on the line in MyCAREER, MyTEAM, MyNBA, The W, and Play Now. Showcase your bag of moves with hyper realism, Powered by ProPLAY™, and challenge your friends, or rivals, in NBA 2K26’s competitive modes—and leave no doubt that you wear the crown.","NBA 2K26 Hall of Fame Pass: Season 6|NBA 2K26 Pro Pass: Season 6|NBA 2K26 MyCAREER Season 6 Bonus Offer|NBA 2K26 MyTEAM Season 6 Bonus Offer","Gambling|Sports|Basketball|Simulation|eSports|3D|Multiplayer|Controller|Singleplayer|Character Customization|Management|PvP|Team-Based|Online Co-Op|Hentai|LGBTQ+|Trading|Local Multiplayer|Co-op|Sexual Content","Sports","English|French|Italian|German|Spanish - Spain|Japanese|Korean|Simplified Chinese|Traditional Chinese","https://store.steampowered.com/app/3472040/","","https://store.steampowered.com/publisher/2K","0 .. 20,000",6.66666666666667,FALSE
381210,"Dead by Daylight","14 Jun, 2016","Behaviour Interactive Inc.","Behaviour Interactive Inc.",NA,NA,"Mostly Positive","Mostly Positive",19.99,NA,NA,297,15,36,"True","False","False","Trapped forever in a realm of eldritch evil where even death is not an escape, four determined Survivors face a bloodthirsty Killer in a vicious game of nerve and wits. Pick a side and step into a world of tension and terror with horror gaming's best asymmetrical multiplayer.","Dead by Daylight: Stranger Things Chapter 2|Dead by Daylight - Sinister Grace|Dead by Daylight: The Walking Dead|Dead by Daylight: Five Nights at Freddy’s|Dead by Daylight - Steady Pulse|Dead by Daylight - Tokyo Ghoul|Dead by Daylight - Doomed Course|Dead by Daylight - Castlevania Chapter|Dead by Daylight - Tomb Raider Chapter|Dead by Daylight - Dungeons & Dragons|Dead by Daylight - All Things Wicked Chapter|Dead by Daylight - Alan Wake Chapter|Dead by Daylight - Endless Hunt Pack|Dead by Daylight - Maddening Darkness Pack|Dead by Daylight - Old Wounds Pack|Dead by Daylight - Macabre Tales Pack|Dead by Daylight - Chucky Chapter|Dead by Daylight - Stranger Things Chapter|Dead by Daylight - Alien Chapter Pack|Dead by Daylight - Nicolas Cage Chapter Pack|Dead by Daylight - End Transmission Chapter|Dead by Daylight - Resident Evil: PROJECT W Chapter|Dead by Daylight - Sadako Rising Chapter|Dead by Daylight - Resident Evil Chapter|Dead by Daylight - Escape Expansion Pack|Dead by Daylight - Terror Expansion Pack|Dead by Daylight - A Nightmare on Elm Street™|Dead by Daylight - Ash vs Evil Dead|Dead by Daylight - The Saw® Chapter|Dead by Daylight - Leatherface™|Dead by Daylight - Ghost Face®|Dead By Daylight - Silent Hill Chapter|Dead by Daylight - A Lullaby for the Dark Chapter|Dead by Daylight - The Last Breath Chapter|Dead by Daylight - Left Behind|Dead by Daylight - Charity Case","Horror|Multiplayer|Survival Horror|Online Co-Op|Co-op|Survival|Gore|Team-Based|Blood|Third Person|Stealth|Violent|First-Person|Psychological Horror|Action|Atmospheric|Strategy|Comedy|Mature|Difficult","Action","English|French|Italian|German|Spanish - Spain|Russian|Simplified Chinese|Portuguese - Brazil|Thai|Traditional Chinese|Japanese|Korean|Polish|Spanish - Latin America|Turkish","https://store.steampowered.com/app/381210/","https://store.steampowered.com/developer/behaviourinteractive","https://store.steampowered.com/publisher/behaviourinteractive","20,000,000 .. 50,000,000",11.6666666666667,FALSE
2399830,"ARK: Survival Ascended","25 Oct, 2023","Studio Wildcard","Studio Wildcard",NA,NA,"Mixed","Mixed",44.99,11.24,75,32,16,15,"True","False","False","ARK is reimagined from the ground-up into the next-generation of video game technology with Unreal Engine 5! Form a tribe, tame & breed hundreds of unique dinosaurs and primeval creatures, explore, craft, build, and fight your way to the top of the food-chain. Your new world awaits!","ARK: Lost Colony Expansion Pass|ARK: Bob's Tall Tales|ARK: Astraeos|ARK: Lost Colony|ARK Fantastic Tames - Elderclaw|ARK Fantastic Tames - Drakelings|ARK Fantastic Tames - Dreadmare|ARK Fantastic Tames - Pyromane|ARK Animated Series 109-Costumes Pack|ARK: Valguero Ascended|ARK: Ragnarok Ascended|ARK: Extinction Ascended|ARK: Aberration Ascended|ARK: The Center Ascended|ARK: Scorched Earth Ascended","Early Access|Survival|Open World|Multiplayer|Dinosaurs|Base Building|Building|Crafting|Adventure|Sandbox|Action|Character Customization|Singleplayer|PvE|PvP|Massively Multiplayer|Inventory Management|RPG|Fantasy|Sci-fi","Action|Adventure|Indie|Massively Multiplayer|RPG|Early Access","English|French|Italian|German|Spanish - Spain|Danish|Dutch|Japanese|Korean|Portuguese - Brazil|Portuguese - Portugal|Russian|Simplified Chinese|Spanish - Latin America|Traditional Chinese|Turkish","https://store.steampowered.com/app/2399830/","","","2,000,000 .. 5,000,000",1.16666666666667,TRUE
3764200,"Resident Evil Requiem","26 Feb, 2026","CAPCOM Co., Ltd.","CAPCOM Co., Ltd.",NA,NA,"Overwhelmingly Positive","Overwhelmingly Positive",69.99,NA,NA,49,14,1,"True","False","False","Requiem for the dead. Nightmare for the living. Prepare to escape death in a heart-stopping experience that will chill you to your core.","Resident Evil Requiem - Deluxe Kit","Survival Horror|Zombies|Horror|Third-Person Shooter|Action|FPS|First-Person|Action-Adventure|Cinematic|Singleplayer|Realistic|Dark|3D|Story Rich|Post-apocalyptic|Female Protagonist|Violent|Inventory Management|Modern|Metroidvania","Action|Adventure","English|French|Italian|German|Spanish - Spain|Arabic|Spanish - Latin America|Portuguese - Brazil|Polish|Russian|Simplified Chinese|Traditional Chinese|Japanese|Korean","https://store.steampowered.com/app/3764200/","https://store.steampowered.com/developer/capcom","https://store.steampowered.com/publisher/capcom","0 .. 20,000",6.66666666666667,FALSE
264710,"Subnautica","23 Jan, 2018","Unknown Worlds Entertainment","Unknown Worlds Entertainment",NA,NA,"Overwhelmingly Positive","Overwhelmingly Positive",29.99,7.49,75,17,27,0,"True","False","False","Descend into the depths of an alien underwater world filled with wonder and peril. Craft equipment, pilot submarines and out-smart wildlife to explore lush coral reefs, volcanoes, cave systems, and more - all while trying to survive.","","Open World Survival Craft|Survival|Horror|Underwater|Open World|Exploration|Crafting|Base Building|Singleplayer|Adventure|First-Person|Multiplayer|Sci-fi|Atmospheric|Aliens|Sandbox|Survival Horror|VR|Action|Indie","Adventure|Indie","English|French|German|Polish|Russian|Simplified Chinese|Turkish|Finnish|Italian|Czech|Hungarian|Spanish - Spain|Danish|Japanese|Korean|Portuguese - Brazil|Bulgarian|Ukrainian|Dutch|Swedish|Vietnamese|Spanish - Latin America|Traditional Chinese|Portuguese - Portugal|Latvian|Lithuanian|Slovak","https://store.steampowered.com/app/264710/","https://store.steampowered.com/developer/unknown-worlds","https://store.steampowered.com/publisher/unknown-worlds","5,000,000 .. 10,000,000",2.5,TRUE
2479810,"Gray Zone Warfare","30 Apr, 2024","MADFINGER Games, a.s.","MADFINGER Games, a.s.",NA,NA,"Mostly Positive","Mostly Positive",39.99,26.79,33,0,12,0,"False","False","False","Enter a high-stakes PvE-first open-world tactical shooter set on a quarantined Southeast Asian island torn apart by faction warfare. Deploy as an elite operator, fight solo or with your squad to carry out missions, earn reputation, and explore the truth behind the Event igniting the conflict.","","FPS|Tactical|Realistic|Extraction Shooter|Simulation|Open World|Military|Shooter|Action|Competitive|PvE|Gun Customization|Multiplayer|PvP|Modern|Online Co-Op|War|Survival|Massively Multiplayer|Early Access","Action|Massively Multiplayer|Simulation|Early Access","English|French|Italian|German|Spanish - Spain|Czech|Japanese|Korean|Polish|Portuguese - Brazil|Simplified Chinese|Turkish","https://store.steampowered.com/app/2479810/","https://store.steampowered.com/developer/MADFINGER","https://store.steampowered.com/publisher/MADFINGER","2,000,000 .. 5,000,000",1.16666666666667,FALSE
1086940,"Baldur's Gate 3","3 Aug, 2023","Larian Studios","Larian Studios",NA,NA,"Overwhelmingly Positive","Overwhelmingly Positive",59.99,NA,NA,54,15,2,"False","False","False","Baldur’s Gate 3 is a story-rich, party-based RPG set in the universe of Dungeons & Dragons, where your choices shape a tale of fellowship and betrayal, survival and sacrifice, and the lure of absolute power.","Baldur's Gate 3 - Digital Deluxe Edition DLC|Baldur's Gate 3 Toolkit Data","RPG|Character Customization|Choices Matter|Dungeons & Dragons|Turn-Based Combat|Story Rich|Sexual Content|CRPG|Fantasy|Adventure|Romance|Online Co-Op|Multiplayer|Strategy|Singleplayer|Nudity|Co-op Campaign|Class-Based|Dark Fantasy|Combat","Adventure|RPG|Strategy","English|French|German|Spanish - Spain|Polish|Russian|Simplified Chinese|Turkish|Portuguese - Brazil|Italian|Spanish - Latin America|Traditional Chinese|Ukrainian|Korean|Japanese","https://store.steampowered.com/app/1086940/","https://store.steampowered.com/developer/larianstudios","https://store.steampowered.com/publisher/larianstudios","20,000,000 .. 50,000,000",11.6666666666667,FALSE
3552140,"Retro Rewind - Video Store Simulator","17 Mar, 2026","Blood Pact Studios","Blood Pact Studios",NA,NA,"Overwhelmingly Positive","",19.9,NA,NA,18,7,0,"True","False","False","Manage your very own video store in the early 90s! Rent, sell, decorate and expand your business from the ground up and relive the golden ages of video rentals!","","Shop Keeper|Simulation|Relaxing|Management|Casual|Immersive Sim|Resource Management|Singleplayer|Inventory Management|Movie|Economy|Building|3D|First-Person|Trading|Retro|Colorful|Stylized|Atmospheric|Indie","Casual|Indie|Simulation","English|French|German|Spanish - Spain|Italian|Portuguese - Brazil|Russian","https://store.steampowered.com/app/3552140/","","","0 .. 20,000",6.66666666666667,TRUE
418370,"Resident Evil 7 Biohazard","23 Jan, 2017","CAPCOM Co., Ltd.","CAPCOM Co., Ltd.",NA,NA,"Overwhelmingly Positive","Overwhelmingly Positive",19.99,7.99,60,58,15,5,"True","False","False","Fear and isolation seep through the walls of an abandoned southern farmhouse. ""7"" marks a new beginning for survival horror with the “Isolated View” of the visceral new first-person perspective.","Not A Hero|End of Zoe|Resident Evil 7 - Season Pass|Banned Footage Vol.1|Banned Footage Vol.2","Horror|Survival Horror|First-Person|Singleplayer|VR|Gore|Atmospheric|Zombies|Psychological Horror|Action|Violent|Survival|Puzzle|Multiplayer|Story Rich|Adventure|FPS|Exploration|Shooter|Classic","Action|Adventure","English|French|Italian|German|Spanish - Spain|Japanese|Portuguese - Brazil|Arabic|Korean|Russian|Simplified Chinese|Traditional Chinese|Polish|Thai|Spanish - Latin America","https://store.steampowered.com/app/418370/","https://store.steampowered.com/developer/capcom","https://store.steampowered.com/publisher/capcom","2,000,000 .. 5,000,000",1.16666666666667,FALSE
582660,"Black Desert","24 May, 2017","Pearl Abyss","Pearl Abyss",NA,454,"Mostly Positive","Mixed",9.99,NA,NA,0,11,3,"False","False","False","Played by over 20 million Adventurers - Black Desert Online is an open-world, action MMORPG. Experience intense, action-packed combat, battle massive world bosses, fight alongside friends to siege and conquer castles, and train in professions such as fishing, trading, crafting, cooking, and more!","[NA/EU] Black Desert - Traveler to Explorer|[NA/EU] Black Desert - Explorer to Conqueror|[NA/EU] Black Desert - Traveler to Conqueror","Sandbox|Action RPG|Exploration|MMORPG|War|Crafting|Medieval|PvP|First-Person|Action-Adventure|Open World|Character Customization|RPG|Strategy|3D|Cooking|Fantasy|Action|Magic|Cinematic","Action|Adventure|Massively Multiplayer|RPG|Strategy","English|French|German|Spanish - Spain|Japanese|Russian|Thai|Turkish|Traditional Chinese|Portuguese - Brazil|Spanish - Latin America","https://store.steampowered.com/app/582660/","https://store.steampowered.com/developer/Pearlabyss","https://store.steampowered.com/publisher/Pearlabyss","5,000,000 .. 10,000,000",2.5,FALSE
2183900,"Warhammer 40,000: Space Marine 2","9 Sep, 2024","Saber Interactive","Focus Entertainment",NA,NA,"Very Positive","Very Positive",59.99,19.79,67,50,17,21,"True","False","False","Embody the superhuman skill and brutality of a Space Marine. Unleash deadly abilities and devastating weaponry to obliterate the relentless Tyranid swarms. Defend the Imperium in spectacular third-person action in solo or multiplayer modes.","Warhammer 40,000: Space Marine 2 - Raven Guard Champion Pack|Warhammer 40,000: Space Marine 2 - Carcharodons Cosmetic Pack|Warhammer 40,000: Space Marine 2 - Chapter Voice Pack 1|Warhammer 40,000: Space Marine 2 - Blood Angels Champion Pack|Warhammer 40,000: Space Marine 2 - Salamanders Cosmetic Pack|Warhammer 40,000: Space Marine 2 - Season Pass 2|Warhammer 40,000: Space Marine 2 - Ultramarines Champion Pack|Warhammer 40,000: Space Marine 2 - Black Templars Champion Pack|Warhammer 40,000: Space Marine 2 - Imperial Fists Cosmetic Pack|Warhammer 40,000: Space Marine 2 - Blood Angels Cosmetic Pack|Warhammer 40,000: Space Marine 2 - White Scars Chapter Pack|Warhammer 40,000: Space Marine 2 - Imperial Fists Champion Pack|Warhammer 40,000: Space Marine 2 - Space Wolves Chapter Pack|Warhammer 40,000: Space Marine 2 - Raven Guard Cosmetic Pack|Warhammer 40,000: Space Marine 2 - Salamanders Champion Pack|Warhammer 40,000: Space Marine 2 - Dark Angels Chapter Pack|Warhammer 40,000: Space Marine 2 - Season Pass|Warhammer 40,000: Space Marine 2 - The Art and Making of|Warhammer 40,000: Space Marine 2 - Ultramarines Cosmetic Pack|Warhammer 40,000: Space Marine 2 - Macragge’s Chosen DLC|Warhammer 40,000: Space Marine 2 - 4K Texture Pack","Warhammer 40K|Action|Co-op|Third-Person Shooter|Multiplayer|PvE|Adventure|Action-Adventure|Third Person|Sci-fi|Wargame|Singleplayer|War|3D|Space|Fantasy|Narration|Futuristic|Cinematic|Realistic","Action|Adventure|RPG","English|French|Italian|German|Spanish - Spain|Russian|Czech|Japanese|Korean|Polish|Portuguese - Brazil|Simplified Chinese|Spanish - Latin America|Traditional Chinese|Turkish|Ukrainian|Thai","https://store.steampowered.com/app/2183900/","https://store.steampowered.com/developer/SaberInteractive","https://store.steampowered.com/publisher/Focus","5,000,000 .. 10,000,000",2.5,FALSE
3164500,"Schedule I","24 Mar, 2025","TVGS","TVGS",NA,NA,"Overwhelmingly Positive","Overwhelmingly Positive",19.5,NA,NA,13,1,0,"False","False","False","From small-time dope pusher to kingpin - manufacture and distribute a range of drugs throughout the grungy city of Hyland Point. Expand your empire with properties, businesses, employees and more.","","Simulation|Co-op|Crime|Management|Multiplayer|Open World|First-Person|Crafting|Automation|Base Building|Action|Building|Stealth|Strategy|Character Customization|Driving|Shooter|FPS|Early Access|Action-Adventure","Action|Indie|Simulation|Strategy|Early Access","English","https://store.steampowered.com/app/3164500/","","","10,000,000 .. 20,000,000",5,TRUE
952060,"Resident Evil 3","2 Apr, 2020","CAPCOM Co., Ltd.","CAPCOM Co., Ltd.",NA,NA,"Very Positive","Very Positive",39.99,3.99,90,32,15,4,"True","False","False","Jill Valentine is one of the last remaining people in Raccoon City to witness the atrocities Umbrella performed. To stop her, Umbrella unleashes their ultimate secret weapon: Nemesis! Also includes Resident Evil Resistance, a new 1 vs 4 online multiplayer game set in the Resident Evil universe.","RESIDENT EVIL 3 - Classic Costume Pack|Resident Evil 3 - All In-game Rewards Unlock|Resident Evil Resistance - Male Survivor Costume: Leon S. Kennedy|Resident Evil Resistance - Female Survivor Costume: Claire Redfield","Action|Zombies|Multiplayer|Horror|Female Protagonist|Survival Horror|Singleplayer|Remake|Third Person|Co-op|Gore|Third-Person Shooter|Violent|Story Rich|Atmospheric|Adventure|Sexual Content|Classic|Great Soundtrack|Difficult","Action","English|French|Italian|German|Spanish - Spain|Portuguese - Brazil|Polish|Russian|Simplified Chinese|Traditional Chinese|Japanese|Korean|Arabic|Thai|Spanish - Latin America","https://store.steampowered.com/app/952060/","https://store.steampowered.com/developer/capcom","https://store.steampowered.com/publisher/capcom","2,000,000 .. 5,000,000",1.16666666666667,FALSE
3527290,"PEAK","16 Jun, 2025","Team PEAK","Aggro Crab",NA,NA,"Very Positive","Very Positive",7.49,4.64,38,54,14,0,"False","False","False","PEAK is a co-op climbing game where the slightest mistake can spell your doom. Either solo or as a group of lost nature scouts, your only hope of rescue from a mysterious island is to scale the mountain at its center. Do you have what it takes to reach the PEAK?","","Multiplayer|Online Co-Op|Co-op|Physics|Exploration|Adventure|First-Person|Comedy|Procedural Generation|3D|Atmospheric|Action Roguelike|Action|Time Management|Character Customization|Horror|Platformer|Mystery|Investigation|Survival Horror","Action|Adventure|Indie","English|French|Italian|German|Spanish - Spain|Japanese|Korean|Portuguese - Brazil|Russian|Simplified Chinese|Spanish - Latin America|Ukrainian|Polish|Turkish","https://store.steampowered.com/app/3527290/","","https://store.steampowered.com/publisher/aggrocrab","0 .. 20,000",6.66666666666667,TRUE
686060,"Mewgenics","10 Feb, 2026","Edmund McMillen","Edmund McMillen",NA,NA,"Very Positive","Very Positive",28.99,NA,NA,281,6,1,"False","False","False","Build the ultimate cat army through tactical breeding and send them into deep, challenging turn-based adventures. Draft abilities, collect items, and manipulate genetics across generations in this roguelike tactics game from the creators of The Binding of Isaac and The End is Nigh.","Mewgenics ULTIMATE Original Soundtrack Of All Time","Turn-Based Tactics|Roguelite|Dark Humor|Turn-Based Strategy|Cats|Turn-Based Combat|RPG|Funny|Cute|2D|Comic Book|Horror|Cartoony|Surreal|Post-apocalyptic|Choices Matter|Nonlinear|Tactical|Magic|Great Soundtrack","Adventure|Indie|RPG|Simulation|Strategy","English|French|Italian|German|Spanish - Spain|Portuguese - Brazil","https://store.steampowered.com/app/686060/","","","0 .. 20,000",6.66666666666667,TRUE
3241660,"R.E.P.O.","26 Feb, 2025","semiwork","semiwork",NA,NA,"Overwhelmingly Positive","Very Positive",9.49,NA,NA,0,1,0,"False","False","False","An online co-op horror game with up to 6 players. Locate valuable, fully physics-based objects and handle them with care as you retrieve and extract to satisfy your creator's desires.","","Horror|Online Co-Op|Multiplayer|Comedy|Co-op|Physics|First-Person|3D|Stealth|Survival|Robots|Action|Exploration|Funny|Procedural Generation|Action Roguelike|Post-apocalyptic|Sci-fi|Perma Death|Early Access","Action|Early Access","English","https://store.steampowered.com/app/3241660/","https://store.steampowered.com/curator/37568178","https://store.steampowered.com/curator/37568178","10,000,000 .. 20,000,000",5,FALSE
1716740,"Starfield","5 Sep, 2023","Bethesda Game Studios","Bethesda Softworks",NA,836,"Mixed","Mixed",49.99,NA,NA,82,9,4,"True","False","False","Starfield is the first new universe in 25 years from Bethesda Game Studios, the award-winning creators of The Elder Scrolls V: Skyrim and Fallout 4.","Starfield - Terran Armada|Starfield - Shattered Space|STARFIELD DIGITAL PREMIUM EDITION UPGRADE|Starfield - Creations","Space|Open World|Singleplayer|RPG|Sci-fi|Exploration|First-Person|Character Customization|Story Rich|Action-Adventure|Third Person|Adventure|Action RPG|Space Sim|Atmospheric|Moddable|Action|Cinematic|Realistic|Great Soundtrack","RPG","English|French|Italian|German|Spanish - Spain|Japanese|Polish|Portuguese - Brazil|Simplified Chinese","https://store.steampowered.com/app/1716740/","https://store.steampowered.com/developer/bethesda","https://store.steampowered.com/publisher/bethesda","2,000,000 .. 5,000,000",1.16666666666667,FALSE
553850,"HELLDIVERS™ 2","8 Feb, 2024","Arrowhead Game Studios","PlayStation Publishing LLC",NA,NA,"Mostly Positive","Mixed",39.99,NA,NA,38,14,1,"False","False","False","The Galaxy’s Last Line of Offence. Enlist in the Helldivers and join the fight for freedom across a hostile galaxy in a fast, frantic, and ferocious third-person shooter.","HELLDIVERS™ 2 - TR-117 Alpha Commander Armor Set","Online Co-Op|PvE|Third-Person Shooter|Multiplayer|Shooter|Action|Co-op|Sci-fi|Extraction Shooter|Capitalism|Space|Third Person|Comedy|Gore|Great Soundtrack|Violent|Difficult|Psychological Horror|Singleplayer|Open World","Action","English|French|Italian|German|Spanish - Spain|Japanese|Korean|Portuguese - Brazil|Spanish - Latin America|Polish|Portuguese - Portugal|Russian|Simplified Chinese|Traditional Chinese","https://store.steampowered.com/app/553850/","https://store.steampowered.com/developer/arrowhead","https://store.steampowered.com/publisher/playstationstudios","20,000,000 .. 50,000,000",11.6666666666667,FALSE
3784030,"RACCOIN: Coin Pusher Roguelike","31 Mar, 2026","Doraccoon ","Playstack",NA,NA,"Very Positive","",11.99,NA,NA,23,10,0,"True","False","False","A coin-pushing dopamine machine. RACCOIN is a roguelike deckbuilder where you combine special coins with powerful items to trigger wildly satisfying combos. Stack shiny towers, spin the lucky wheel, and shake the machine until all the coins drop.","","Strategy|Roguelike|Deckbuilding|Roguelike Deckbuilder|Singleplayer|Casual|Turn-Based Strategy|2D|Colorful|Procedural Generation|Roguelite|Cute|Card Game|Physics|Relaxing|Arcade|Choices Matter|Pixel Graphics|Funny|Gambling","Casual|Indie|Simulation|Strategy","English|Simplified Chinese|Traditional Chinese|French|German|Spanish - Spain|Japanese|Korean|Portuguese - Brazil|Spanish - Latin America","https://store.steampowered.com/app/3784030/","","https://store.steampowered.com/publisher/Playstack","0 .. 20,000",6.66666666666667,TRUE
3948120,"Scritchy Scratchy","18 Mar, 2026","Lunch Money Games","Funday Games",NA,NA,"Very Positive","",5.99,NA,NA,34,10,1,"True","False","False","Scritchy Scratchy is a super-satisfying scratch card incremental game. Buy stacks of scratch-offs, unlock auto-scratching, and chase massive jackpots. Will you play it safe or go all-in?","Scritchy Scratchy - Supporter Pack","Gambling|Clicker|Idler|Arcade|Resource Management|Roguelite|Relaxing|Simulation|Management|Economy|Minimalist|Capitalism|Retro|Casual|Old School|Roguelike|Pixel Graphics|Indie|Experimental|Short","Casual|Indie|Simulation","English|French|German|Spanish - Spain|Japanese|Korean|Polish|Portuguese - Brazil|Russian|Simplified Chinese","https://store.steampowered.com/app/3948120/","https://store.steampowered.com/developer/lunchmoneygames","https://store.steampowered.com/publisher/FundayGames","0 .. 20,000",6.66666666666667,TRUE
1245620,"ELDEN RING","24 Feb, 2022","FromSoftware, Inc.","FromSoftware, Inc.",NA,NA,"Very Positive","Very Positive",59.99,NA,NA,42,15,2,"False","False","False","THE CRITICALLY ACCLAIMED FANTASY ACTION RPG. Rise, Tarnished, and be guided by grace to brandish the power of the Elden Ring and become an Elden Lord in the Lands Between.","ELDEN RING Shadow of the Erdtree Premium Bundle|ELDEN RING Shadow of the Erdtree","Souls-like|Open World|Dark Fantasy|RPG|Difficult|Action RPG|Multiplayer|Third Person|Fantasy|Singleplayer|Online Co-Op|Action|Co-op|Atmospheric|Great Soundtrack|PvP|Violent|3D|Character Customization|Family Friendly","Action|RPG","English|French|Italian|German|Spanish - Spain|Japanese|Korean|Polish|Portuguese - Brazil|Russian|Simplified Chinese|Spanish - Latin America|Thai|Traditional Chinese|Arabic","https://store.steampowered.com/app/1245620/","https://store.steampowered.com/curator/45188208","https://store.steampowered.com/curator/45188208","20,000,000 .. 50,000,000",11.6666666666667,FALSE
3008130,"Dying Light: The Beast Restored Land","18 Sep, 2025","Techland","Techland",NA,NA,"Very Positive","Mostly Positive",59.99,44.99,25,42,17,10,"True","False","False","BECOME THE BEAST. SURVIVE THE NIGHT. A terrifying new chapter in the Dying Light universe begins. As Kyle Crane, explore the vast and unpredictable wilderness, uncover a deadly evolution of the infected, and learn to control the beastly powers awakening inside you.","Dying Light: The Beast Restored Land Definitive Upgrade|Dying Light: The Beast - Action Hero Essentials|Dying Light: The Beast - Hunter Essentials|Dying Light: The Beast - Fire Lotus Weapon Pack|Dying Light: The Beast - Discharge Weapon Pack|Dying Light: The Beast Standard to Deluxe Upgrade|Dying Light: The Beast - Hero Of Harran Bundle|Dying Light: The Beast - Castor Woods Tourist Map|Dying Light: The Beast - Wallpaper Pack|Dying Light: The Beast - Castor Woods Prepper Bundle","Zombies|Open World|Multiplayer|First-Person|Parkour|Horror|Action|Co-op Campaign|Gore|Singleplayer|Post-apocalyptic|Exploration|Story Rich|Combat|RPG|Action-Adventure|Violent|Realistic|Adventure|Action RPG","Action|Adventure|RPG","English|French|Italian|German|Spanish - Spain|Arabic|Traditional Chinese|Simplified Chinese|Czech|Spanish - Latin America|Japanese|Korean|Polish|Portuguese - Portugal|Portuguese - Brazil|Russian|Turkish","https://store.steampowered.com/app/3008130/","https://store.steampowered.com/developer/Techland","https://store.steampowered.com/publisher/Techland","0 .. 20,000",6.66666666666667,FALSE
275850,"No Man's Sky","12 Aug, 2016","Hello Games","Hello Games",NA,NA,"Very Positive","Very Positive",58.99,23.59,60,27,14,1,"False","False","False","No Man's Sky is a game about exploration and survival in an infinite procedurally generated universe.","Starborn Phoenix Ship","Open World|Space|Open World Survival Craft|Exploration|Sci-fi|Survival|Multiplayer|Procedural Generation|Adventure|First-Person|Sandbox|Singleplayer|Atmospheric|Crafting|Space Sim|Indie|Action|Simulation|VR|FPS","Action|Adventure","English|French|Italian|German|Spanish - Spain|Dutch|Japanese|Korean|Polish|Portuguese - Portugal|Portuguese - Brazil|Russian|Simplified Chinese|Traditional Chinese","https://store.steampowered.com/app/275850/","https://store.steampowered.com/developer/HelloGames","https://store.steampowered.com/publisher/HelloGames","5,000,000 .. 10,000,000",2.5,FALSE
2246340,"Monster Hunter Wilds","27 Feb, 2025","CAPCOM Co., Ltd.","CAPCOM Co., Ltd.",NA,NA,"Mixed","Mixed",69.99,38.49,45,50,15,190,"True","False","False","The unbridled force of nature runs wild and relentless, with environments transforming drastically from one moment to the next. This is a story of monsters and humans and their struggles to live in harmony in a world of duality.","Monster Hunter Wilds - High Resolution Texture Pack|Monster Hunter Wilds - Character Edit Voucher: Single Voucher (Free Trial Version)|Monster Hunter Wilds - Palico Edit Voucher: Single Voucher (Free Trial Version)|Monster Hunter Wilds - Gesture Set Vol. 1|Monster Hunter Wilds - Hunter Help: Welcome Pack|Monster Hunter Wilds - Hunter Layered Armor Set: Feudal Soldier|Monster Hunter Wilds - Hunter Layered Armor: Fencer's Eyepatch|Monster Hunter Wilds - Hunter Layered Armor: Oni Horns Wig|Monster Hunter Wilds - Seikret Decoration: Soldier's Caparison|Monster Hunter Wilds - Seikret Decoration: General's Caparison|Monster Hunter Wilds - Felyne Layered Armor Set: Felyne Ashigaru|Monster Hunter Wilds - Pendant: Avian Wind Chime|Monster Hunter Wilds - Gesture: Battle Cry|Monster Hunter Wilds - Gesture: Uchiko|Monster Hunter Wilds - Hairstyle: Hero's Topknot|Monster Hunter Wilds - Hairstyle: Refined Warrior|Monster Hunter Wilds - Makeup/Face Paint: Hunter's Kumadori|Monster Hunter Wilds - Makeup/Face Paint: Special Bloom|Monster Hunter Wilds - Sticker Set: Avis Unit|Monster Hunter Wilds - Sticker Set: Monsters of the Windward Plains|Monster Hunter Wilds - Character Edit Voucher: Three-Voucher Pack|Monster Hunter Wilds - Palico Edit Voucher: Three-Voucher Pack|Monster Hunter Wilds - Character & Palico Edit Voucher: Three-Voucher Pack|Monster Hunter Wilds - Hunter Layered Armor Set: Noblesse|Monster Hunter Wilds - Hunter Layered Armor: Florescent Circlet|Monster Hunter Wilds - Seikret Decoration: Purehorn Caparison|Monster Hunter Wilds - Seikret Decoration: Duskhorn Caparison|Monster Hunter Wilds - Photo Pose Set Vol. 1|Monster Hunter Wilds - Makeup/Face Paint: Monoblos Heart|Monster Hunter Wilds - Tent Customization Set Vol. 1|Monster Hunter Wilds - Camp Gear Set Vol. 1|Monster Hunter Wilds - BGM Set Vol. 1|Monster Hunter Wilds - Sticker Set: Expedition Pals|Monster Hunter Wilds - Pendant: White Fairy Light|Monster Hunter Wilds - Pendant: Red Fairy Light|Monster Hunter Wilds - Pendant: Green Fairy Light|Monster Hunter Wilds - Pendant: Blue Fairy Light|Monster Hunter Wilds - Pendant: Violet Fairy Light|Monster Hunter Wilds - Pendant: Pink Fairy Light|Monster Hunter Wilds - Alma Outfit: New World Commission|Monster Hunter Wilds - Photo Pose Set Vol. 2|Monster Hunter Wilds - Gesture: Celebratory Knee Slide|Monster Hunter Wilds - Gesture: Rearing To Go|Monster Hunter Wilds - Alma Outfit: Scrivener's Coat|Monster Hunter Wilds - Gesture Set Vol. 2|Monster Hunter Wilds - Pendant: Dancing White Cat|Monster Hunter Wilds - Pendant: Stretched White Cat|Monster Hunter Wilds - Pendant: Dancing Black Cat|Monster Hunter Wilds - Pendant: Stretched Black Cat|Monster Hunter Wilds - Alma Outfit: Spring Blossom Kimono|Monster Hunter Wilds - Seikret Decoration: Majestic Dragon's Caparison|Monster Hunter Wilds - Gesture Set Vol. 3|Monster Hunter Wilds - Sticker Set: Blossomdance|Monster Hunter Wilds - Pendant: Sakura Posy: White|Monster Hunter Wilds - Pendant: Sakura Posy: Colorful|Monster Hunter Wilds - Pendant: White Cat Bell|Monster Hunter Wilds - Pendant: Black Cat Bell|Monster Hunter Wilds - Alma Outfit: Chun-Li Outfit - SF6|Monster Hunter Wilds - Alma Outfit: Cammy Outfit - SF6|Monster Hunter Wilds - Gesture: SF6 Hadoken|Monster Hunter Wilds - Gesture: SF6 Shoryuken|Monster Hunter Wilds - Gesture: SF6 Tatsumaki Senpu-kyaku|Monster Hunter Wilds - Sticker Set: Street Fighter 6 Set|Monster Hunter Wilds - Pendant: Blanka-Chan Doll|Monster Hunter Wilds - Hunter Layered Armor Set: Cypurrpunk|Monster Hunter Wilds - Hairstyle: Wild Braids|Monster Hunter Wilds - Hairstyle: Futuristic Crop|Monster Hunter Wilds - Makeup/Face Paint: Drawn Eyelashes|Monster Hunter Wilds - Makeup/Face Paint: Flames|Monster Hunter Wilds - Gesture Set Vol. 4|Monster Hunter Wilds - Gesture Set Vol. 5|Monster Hunter Wilds - Sticker Set: Whimsical Wudwuds|Monster Hunter Wilds - Pendant: Strigible: Amstrigian|Monster Hunter Wilds - Pendant: Strigible: Hymstrigian|Monster Hunter Wilds - Pendant: Strigible: Cypurrpunk|Monster Hunter Wilds - Pendant: Strigible: Gold|Monster Hunter Wilds - Pendant: Strigible: Love|Monster Hunter Wilds - Pendant: Strigible: Color|Monster Hunter Wilds - Hairstyle: Gemma|Monster Hunter Wilds - Hairstyle: Alma|Monster Hunter Wilds - Hairstyle: Nata|Monster Hunter Wilds - Gesture Set Vol. 6|Monster Hunter Wilds - Pendant: Fluttering Quatreflies|Monster Hunter Wilds - Pendant: Trot-along Crake|Monster Hunter Wilds - Pendant: Floating Hearts|Monster Hunter Wilds - Pendant: Floating Doodles|Monster Hunter Wilds - Pendant: Floating Sparkles|Monster Hunter Wilds - Pendant: Floating Potions|Monster Hunter Wilds - Pendant: Floating Well-done Steaks|Monster Hunter Wilds - Pendant: Floating Honey|Monster Hunter Wilds - Alma Outfit: Summer Poncho|Monster Hunter Wilds - Seikret Decoration: Phoenix Caparison|Monster Hunter Wilds - Gemma Outfit: Summer Coveralls|Monster Hunter Wilds - Erik Outfit: Summer Hat|Monster Hunter Wilds - Gesture Set Vol. 7|Monster Hunter Wilds - Sticker Set: Flamefete|Monster Hunter Wilds - Pendant: Red Flamefete Spirit|Monster Hunter Wilds - Pendant: Blue Flamefete Spirit|Monster Hunter Wilds - Pendant: Violet Flamefete Spirit|Monster Hunter Wilds - Pendant: Green Flamefete Spirit|Monster Hunter Wilds - Pendant: Pink Flamefete Spirit|Monster Hunter Wilds - Pendant: White Flamefete Spirit|Monster Hunter Wilds - Pendant: Lagiacrus Plushie|Monster Hunter Wilds - Hunter Layered Armor: Fluffy Ears|Monster Hunter Wilds - Hunter Layered Armor: Fluffy Tail|Monster Hunter Wilds - Seikret Decoration: Cute Critter Caparison|Monster Hunter Wilds - Quest Completion Animation: Handler Set|Monster Hunter Wilds - Quest Completion Animation: Smithy Set|Monster Hunter Wilds - Felyne Layered Armor Set: Felyne Gawkie|Monster Hunter Wilds - Pendant: Red Lala Dress Doll|Monster Hunter Wilds - Pendant: Blue Lala Dress Doll|Monster Hunter Wilds - Pendant: Pink Lala Dress Doll|Monster Hunter Wilds - Pendant: Orange Lala Dress Doll|Monster Hunter Wilds - Pendant: Violet Lala Dress Doll|Monster Hunter Wilds - Tent Customization Set Vol. 2|Monster Hunter Wilds - Camp Gear Set Vol. 2|Monster Hunter Wilds - BGM Set Vol. 2|Monster Hunter Wilds - Sticker Set: Endearing Endemic Life|Monster Hunter Wilds - Camp Gear Set Vol. 3|Monster Hunter Wilds - Pendant: Felyne Duna Bobble|Monster Hunter Wilds - Pendant: Felyne Duna γ Bobble|Monster Hunter Wilds - Pendant: Fluttering Myriads|Monster Hunter Wilds - Gesture: Resting Seikret|Monster Hunter Wilds - Gesture: Tea Time|Monster Hunter Wilds - Gesture Set Vol. 8|Monster Hunter Wilds - Pendant: Felyne Mint Chocolate|Monster Hunter Wilds - Pendant: Felyne Strawberry|Monster Hunter Wilds - Pendant: Felyne Caramel|Monster Hunter Wilds - Alma Outfit: Autumn Witch|Monster Hunter Wilds - Erik Outfit: Autumn Therian|Monster Hunter Wilds - Seikret Decoration: Spooky Doll Caparison|Monster Hunter Wilds - Gesture: Hocus Palicosus|Monster Hunter Wilds - Gesture: Flying Broomstick|Monster Hunter Wilds - Pendant: White Poltercat|Monster Hunter Wilds - Pendant: Orange Poltercat|Monster Hunter Wilds - Pendant: Violet Poltercat|Monster Hunter Wilds - Pendant: Blue Poltercat|Monster Hunter Wilds - Pendant: Green Poltercat|Monster Hunter Wilds - Pendant: Red Poltercat|Monster Hunter Wilds - Sticker Set: Pillopod Pathos|Monster Hunter Wilds - Hunter Layered Armor Set: Cosmoloid|Monster Hunter Wilds - Seikret Decoration: Machina Caparison|Monster Hunter Wilds - Layered Sword & Shield: Cosmoloid Saber|Monster Hunter Wilds - Layered Great Sword: Cosmoloid Blade|Monster Hunter Wilds - Layered Long Sword: Cosmoloid Edge|Monster Hunter Wilds - Layered Dual Blades: Cosmoloid Wings|Monster Hunter Wilds - Layered Lance: Cosmoloid Piercer|Monster Hunter Wilds - Layered Gunlance: Cosmoloid Burst|Monster Hunter Wilds - Layered Switch Axe: Cosmoloid Axe|Monster Hunter Wilds - Layered Charge Blade: Cosmoloid Arms|Monster Hunter Wilds - Layered Hammer: Cosmoloid Collapse|Monster Hunter Wilds - Layered Insect Glaive: Cosmoloid Glaive|Monster Hunter Wilds - Layered Hunting Horn: Cosmoloid Gjallar|Monster Hunter Wilds - Layered Light Bowgun: Cosmoloid Shooter|Monster Hunter Wilds - Layered Heavy Bowgun: Cosmoloid Buster|Monster Hunter Wilds - Layered Bow: Cosmoloid Arrow|Monster Hunter Wilds - Pendant: Cosmoloid Core|Monster Hunter Wilds - Photo Pose: Seikret Battle-Ready Pose|Monster Hunter Wilds - Sticker Set: Everyday Eastlands|Monster Hunter Wilds - Hairstyle: Olivia|Monster Hunter Wilds - Hairstyle: Erik|Monster Hunter Wilds - Hairstyle: Werner|Monster Hunter Wilds - Pendant: Trot-along Fledgling|Monster Hunter Wilds - Pendant: White Turntail|Monster Hunter Wilds - Pendant: White Tubby Turntail|Monster Hunter Wilds - Pendant: Black Turntail|Monster Hunter Wilds - Pendant: Black Tubby Turntail|Monster Hunter Wilds - Pendant: Floating Rath Balloon|Monster Hunter Wilds - Pendant: F Hope Balloon|Monster Hunter Wilds - Pendant: F Arkveld Balloon|Monster Hunter Wilds - Pendant: F Rompopolo Balloon|Monster Hunter Wilds - Pendant: F Barina Balloon|Monster Hunter Wilds - Pendant: Athos Balloon|Monster Hunter Wilds - Gesture Set Vol. 10|Monster Hunter Wilds - Photo Pose: Adventure Begins Pose 1 & 2|Monster Hunter Wilds - Photo Pose: Adventure Begins Pose 3 & 4|Monster Hunter Wilds - Character & Palico Edit Voucher: Single Voucher (Free Gift Version)|Monster Hunter Wilds - Pendant: White Rock-a-Baby|Monster Hunter Wilds - Pendant: Pink Rock-a-Baby|Monster Hunter Wilds - Pendant: Blue Rock-a-Baby|Monster Hunter Wilds - Pendant: Green Rock-a-Baby|Monster Hunter Wilds - Pendant: Purple Rock-a-Baby|Monster Hunter Wilds - Pendant: Black Rock-a-Baby|Monster Hunter Wilds - Alma Outfit: Featherskirt Seikret Dress|Monster Hunter Wilds - Erik Outfit: Crestcollar Seikret Suit|Monster Hunter Wilds - Gemma Outfit: Redveil Seikret Dress|Monster Hunter Wilds - Seikret Decoration: Whitewing Caparison|Monster Hunter Wilds - Gesture Set Vol. 9|Monster Hunter Wilds - Sticker Set: Avis Unit Greetings|Monster Hunter Wilds - Character & Palico Edit Voucher: Single Voucher (Free Gift Version 2)","Hunting|Action|Multiplayer|Online Co-Op|Co-op|Character Customization|Dragons|Open World|Dating Sim|Third Person|Action RPG|Adventure|Fantasy|RPG|Cute|Singleplayer|Atmospheric|Great Soundtrack|Underwater|Psychological Horror","Action|Adventure|RPG","English|French|Italian|German|Spanish - Spain|Arabic|Spanish - Latin America|Portuguese - Brazil|Polish|Russian|Simplified Chinese|Traditional Chinese|Japanese|Korean|Thai","https://store.steampowered.com/app/2246340/","https://store.steampowered.com/developer/capcom","https://store.steampowered.com/publisher/capcom","20,000,000 .. 50,000,000",11.6666666666667,FALSE
883710,"Resident Evil 2","24 Jan, 2019","CAPCOM Co., Ltd.","CAPCOM Co., Ltd.",NA,NA,"Overwhelmingly Positive","Overwhelmingly Positive",39.99,9.99,75,44,15,12,"True","False","False","A deadly virus engulfs the residents of Raccoon City in September of 1998, plunging the city into chaos as flesh eating zombies roam the streets for survivors. An unparalleled adrenaline rush, gripping storyline, and unimaginable horrors await you. Witness the return of Resident Evil 2.","Resident Evil 2 - Leon Costume: Arklay Sheriff|Resident Evil 2 - Leon Costume: Noir|Resident Evil 2 - Leon Costume: 98'|Resident Evil 2 - Claire Costume: Military|Resident Evil 2 - Claire Costume: Noir|Resident Evil 2 - Claire Costume: Elza Walker|Resident Evil 2 - Claire Costume: 98'|Resident Evil 2 - Deluxe Weapon: Samurai Edge - Chris Model|Resident Evil 2 - Deluxe Weapon: Samurai Edge - Jill Model|Resident Evil 2 - Deluxe Weapon: Samurai Edge - Albert Model|Resident Evil 2 - Original Ver. Soundtrack Swap|Resident Evil 2 - All In-game Rewards Unlocked","Zombies|Survival Horror|Horror|Singleplayer|Remake|Third Person|Gore|Action|Puzzle|Atmospheric|Story Rich|Multiplayer|Violent|Survival|Classic|Female Protagonist|Dark|Shooter|Adventure|Difficult","Action","English|French|Italian|German|Spanish - Spain|Polish|Russian|Simplified Chinese|Traditional Chinese|Japanese|Korean|Portuguese - Brazil|Arabic|Thai|Spanish - Latin America","https://store.steampowered.com/app/883710/","https://store.steampowered.com/developer/capcom","https://store.steampowered.com/publisher/capcom","5,000,000 .. 10,000,000",2.5,FALSE
530611,"End of Zoe","11 Dec, 2017","CAPCOM Co., Ltd.","CAPCOM Co., Ltd.",NA,NA,"Very Positive","",14.99,3.74,75,0,15,0,"False","True","False","","","Action|Adventure|Horror","Action|Adventure","English|French|Italian|German|Spanish - Spain|Japanese|Arabic|Korean|Polish|Portuguese - Brazil|Russian|Simplified Chinese|Traditional Chinese|Spanish - Latin America|Thai","https://store.steampowered.com/app/530611/","https://store.steampowered.com/developer/capcom","https://store.steampowered.com/publisher/capcom","0 .. 20,000",6.66666666666667,FALSE
2344520,"Diablo® IV","17 Oct, 2023","Blizzard Entertainment, Inc.","Blizzard Entertainment, Inc.",NA,NA,"Mixed","Mostly Positive",49.99,NA,NA,35,14,3,"True","False","False","Join the fight for Sanctuary in Diablo® IV, the ultimate action RPG adventure. Experience the critically acclaimed campaign and new seasonal content.","Diablo® IV: Lord of Hatred™|Diablo® IV: Vessel of Hatred™|Diablo® IV - Rebel's Cache Platinum Pack","Action RPG|Hack and Slash|Loot|Isometric|RPG|Online Co-Op|Dungeon Crawler|Singleplayer|Co-op|Multiplayer|Demons|Dark|PvE|Dark Fantasy|Fantasy|Character Customization|Story Rich|Gore|Exploration|Violent","Action|RPG","English|French|Italian|German|Spanish - Spain|Japanese|Korean|Polish|Portuguese - Brazil|Russian|Spanish - Latin America|Traditional Chinese|Simplified Chinese|Turkish","https://store.steampowered.com/app/2344520/","https://store.steampowered.com/developer/Blizzard","https://store.steampowered.com/publisher/Blizzard","1,000,000 .. 2,000,000",0.5,FALSE
413150,"Stardew Valley","26 Feb, 2016","ConcernedApe","ConcernedApe",NA,NA,"Overwhelmingly Positive","Overwhelmingly Positive",13.99,NA,NA,49,12,0,"True","False","False","You've inherited your grandfather's old farm plot in Stardew Valley. Armed with hand-me-down tools and a few coins, you set out to begin your new life. Can you learn to live off the land and turn these overgrown fields into a thriving home?","","Farming Sim|Pixel Graphics|Multiplayer|Life Sim|RPG|Relaxing|Simulation|Agriculture|Crafting|Sandbox|Indie|Building|Casual|Open World|Singleplayer|2D|Dating Sim|Cute|Great Soundtrack|Fishing","Indie|RPG|Simulation","English|German|Spanish - Spain|Japanese|Portuguese - Brazil|Russian|Simplified Chinese|French|Italian|Hungarian|Korean|Turkish","https://store.steampowered.com/app/413150/","https://store.steampowered.com/developer/ConcernedApe","https://store.steampowered.com/publisher/ConcernedApe","20,000,000 .. 50,000,000",11.6666666666667,TRUE
648800,"Raft","20 Jun, 2022","Redbeet Interactive","Axolot Games",NA,NA,"Very Positive","Very Positive",20.49,NA,NA,104,12,0,"False","False","False","Raft™ throws you and your friends into an epic oceanic adventure! Alone or together, players battle to survive a perilous voyage across a vast sea! Gather debris, scavenge reefs and build your own floating home, but be wary of the man-eating sharks!","","Survival|Multiplayer|Open World Survival Craft|Co-op|Crafting|Open World|Building|Base Building|Online Co-Op|Adventure|Sandbox|First-Person|Singleplayer|Underwater|Simulation|Early Access|Action|Indie|Strategy|Massively Multiplayer","Adventure|Indie|Simulation","English|French|Italian|German|Spanish - Spain|Japanese|Korean|Polish|Portuguese - Brazil|Russian|Simplified Chinese|Swedish","https://store.steampowered.com/app/648800/","","https://store.steampowered.com/publisher/axolotgames","10,000,000 .. 20,000,000",5,TRUE
949230,"Cities: Skylines II","24 Oct, 2023","Iceflake Studios","Paradox Interactive",NA,NA,"Mixed","Mostly Positive",49.99,NA,NA,44,12,21,"False","False","False","Raise a city from the ground up and transform it into a thriving metropolis with the most realistic city builder ever. Push your creativity and problem-solving to build on a scale you've never experienced. With deep simulation and a living economy, this is world-building without limits.","Cities: Skylines II - Creator Pack: City Stations|Cities: Skylines II - Creator Pack: Office Evolution|Cities: Skylines II - Smooth Vibes FM|Cities: Skylines II - Skyrail Radio|Cities: Skylines II - Creator Pack: Skyscrapers|Cities: Skylines II - Creator Pack: Supply Chains|Cities: Skylines II - Cloud Lounge FM|Cities: Skylines II - Bridges & Ports|Cities: Skylines II - Synth & Steel Radio|Cities: Skylines II - Cold Wave Channel|Cities: Skylines II - Creator Pack: Leisure Venues|Cities: Skylines II - Creator Pack: Mediterranean Heritage|Cities: Skylines II - Creator Pack: Dragon Gate|Cities: Skylines II - Feelgood Funk Radio|Cities: Skylines II - Jade Road Radio|Cities: Skylines II - Atmospheric Piano Channel|Cities: Skylines II - Creator Pack: Modern Architecture|Cities: Skylines II - Creator Pack: Urban Promenades|Cities: Skylines II - Soft Rock Radio|Cities: Skylines II - Deluxe Relax Station|Cities: Skylines II - San Francisco Set","City Builder|Simulation|Building|Sandbox|Management|Singleplayer|Economy|Strategy|Realistic|Moddable|Resource Management|Relaxing|Transportation|Casual|Multiplayer|Atmospheric|Early Access|Open World|Mod|Great Soundtrack","Simulation","English|French|Italian|German|Japanese|Korean|Polish|Russian|Simplified Chinese|Portuguese - Brazil|Traditional Chinese|Spanish - Spain","https://store.steampowered.com/app/949230/","https://store.steampowered.com/developer/iceflake","https://store.steampowered.com/publisher/paradoxinteractive","2,000,000 .. 5,000,000",1.16666666666667,FALSE
3280350,"DEATH STRANDING 2: ON THE BEACH","19 Mar, 2026","KOJIMA PRODUCTIONS","PlayStation Publishing LLC",NA,NA,"Overwhelmingly Positive","",79.99,NA,NA,55,18,1,"False","False","False","Sam – with companions by his side – sets out on a new journey to save humanity from extinction. Join them as they traverse a world beset by otherworldly enemies, obstacles and a haunting question: should we have connected?","DEATH STRANDING 2: ON THE BEACH - Upgrade to Digital Deluxe Edition","Cinematic|Story Rich|Open World|Exploration|Sci-fi|Action|Atmospheric|Walking Simulator|Third-Person Shooter|Action-Adventure|Post-apocalyptic|Third Person|Adventure|Emotional|Singleplayer|Realistic|Stealth|Asynchronous Multiplayer|Dystopian|Horror","Action|Adventure","English|French|Italian|German|Spanish - Spain|Arabic|Czech|Dutch|Greek|Japanese|Korean|Polish|Portuguese - Brazil|Portuguese - Portugal|Russian|Simplified Chinese|Spanish - Latin America|Traditional Chinese","https://store.steampowered.com/app/3280350/","https://store.steampowered.com/developer/playstationstudios","https://store.steampowered.com/publisher/playstationstudios","0 .. 20,000",6.66666666666667,FALSE
1091500,"Cyberpunk 2077","9 Dec, 2020","CD PROJEKT RED","CD PROJEKT RED",NA,NA,"Very Positive","Very Positive",59.99,NA,NA,57,19,3,"False","False","False","Cyberpunk 2077 is an open-world, action-adventure RPG set in the dark future of Night City — a dangerous megalopolis obsessed with power, glamor, and ceaseless body modification.","Cyberpunk 2077: Phantom Liberty|Cyberpunk 2077 Bonus Content|Cyberpunk 2077 REDmod","Cyberpunk|Open World|Nudity|RPG|Singleplayer|Story Rich|Mature|Sci-fi|FPS|Futuristic|First-Person|Atmospheric|Exploration|Action|Violent|Great Soundtrack|Action RPG|Adventure|Character Customization|Immersive Sim","RPG","English|French|Italian|German|Spanish - Spain|Arabic|Czech|Hungarian|Japanese|Korean|Polish|Portuguese - Brazil|Russian|Simplified Chinese|Spanish - Latin America|Thai|Traditional Chinese|Turkish|Ukrainian","https://store.steampowered.com/app/1091500/","https://store.steampowered.com/developer/CDPR","https://store.steampowered.com/publisher/CDPR","20,000,000 .. 50,000,000",11.6666666666667,FALSE
376210,"The Isle","1 Dec, 2015","Afterthought LLC","Afterthought LLC",NA,NA,"Very Positive","Mostly Positive",19.99,NA,NA,0,1,0,"False","False","False","Experience fierce open world survival gameplay as you attempt to stay alive on an unforgiving island inhabited by dinosaurs! Hunt. Grow. Survive.","","Dinosaurs|Survival|Open World|Multiplayer|Simulation|Hunting|Realistic|Massively Multiplayer|Adventure|Early Access|Horror|Action|Third Person|Co-op|Sandbox|Walking Simulator|RPG|Strategy|Team-Based|Indie","Action|Adventure|Indie|Massively Multiplayer|Simulation|Early Access","English","https://store.steampowered.com/app/376210/","","","500,000 .. 1,000,000",100.2,TRUE
2300320,"Farming Simulator 25","12 Nov, 2024","GIANTS Software","GIANTS Software",NA,NA,"Very Positive","Very Positive",29.99,23.99,20,45,26,11,"False","False","False","Farming Simulator 25 invites you to join the rewarding farm life, single-handedly or cooperatively in multiplayer. This Farm is Your Farm!","Farming Simulator 25: Vredo Pack|Farming Simulator 25: MacDon Pack|Farming Simulator 25: Year 1 Season Pass|Farming Simulator 25: New Holland CR11 Gold Edition|Farming Simulator 25: NEXAT Pack|Farming Simulator 25: Year 2 Season Pass|Farming Simulator 25: Plains & Prairies Pack|Farming Simulator 25: Mercedes-Benz Trucks Pack|Farming Simulator 25: Highlands Fishing Expansion|Farming Simulator 25: Straw Harvest Pack|Farming Simulator 25: JCB - WFT","Simulation|Farming Sim|Realistic|Multiplayer|3D|First-Person|Economy|Time Management|Building|Immersive Sim|Third Person|Management|Atmospheric|Relaxing|Nature|Online Co-Op|Farming|Physics|Singleplayer|Moddable","Simulation","English|French|Italian|German|Spanish - Spain|Czech|Danish|Dutch|Finnish|Hungarian|Japanese|Korean|Norwegian|Polish|Portuguese - Brazil|Portuguese - Portugal|Romanian|Russian|Simplified Chinese|Spanish - Latin America|Swedish|Traditional Chinese|Turkish|Ukrainian|Vietnamese|Indonesian","https://store.steampowered.com/app/2300320/","https://store.steampowered.com/developer/giantssoftware","https://store.steampowered.com/publisher/giantssoftware","1,000,000 .. 2,000,000",0.5,FALSE
582010,"Monster Hunter: World","8 Aug, 2018","CAPCOM Co., Ltd.","CAPCOM Co., Ltd.",NA,NA,"Very Positive","Very Positive",29.99,7.79,74,100,14,199,"True","False","False","Welcome to a new world! In Monster Hunter: World, the latest installment in the series, you can enjoy the ultimate hunting experience, using everything at your disposal to hunt monsters in a new world teeming with surprises and excitement.","Monster Hunter World: Iceborne|Monster Hunter: World - High Resolution Texture Pack|Monster Hunter: World - Additional Gesture Bundle 1|Monster Hunter: World - Hairstyle: Provisions Manager|Monster Hunter: World - Hairstyle: Field Team Leader|Monster Hunter: World - The Handler's Guildmarm Costume|Monster Hunter: World - Deluxe Kit|Monster Hunter: World - The Handler's Astera 3 Star Chef Coat|Monster Hunter: World - The Handler's Mischievous Dress|Monster Hunter: World - Hairstyle: The Handler|Monster Hunter: World - Hairstyle: The Admiral|Monster Hunter: World - Free Character Edit Voucher|Monster Hunter: World - Sticker Set: Mega Man Set|Monster Hunter: World - Character Edit Voucher: Single Voucher|Monster Hunter: World - Character Edit Voucher: Two-Voucher Pack|Monster Hunter: World - Character Edit Voucher: Three-Voucher Pack|Monster Hunter: World - Gesture: Devil May Cry Dual Guns|Monster Hunter: World - Sticker Set: Devil May Cry Set|Monster Hunter: World - The Handler's Winter Spirit Coat|Monster Hunter: World - Free Sticker Set: Mingle Hunter|Monster Hunter: World - Free Gesture: Happy Hunting!|Monster Hunter: World - The Handler's Friendly Felyne Costume|Monster Hunter: World - The Handler's Busy Bee Dress|Monster Hunter: World - The Handler's Sunshine Pareo|Monster Hunter World: Iceborne Deluxe Kit|Monster Hunter: World - Character & Palico Edit Voucher: Single Voucher|Monster Hunter: World - Character & Palico Edit Voucher: Two-Voucher Pack|Monster Hunter: World - Character & Palico Edit Voucher: Three-Voucher Pack|Monster Hunter: World - Palico Edit Voucher: Single Voucher|Monster Hunter: World - Palico Edit Voucher: Two-Voucher Pack|Monster Hunter: World - Palico Edit Voucher: Three-Voucher Pack|Monster Hunter: World - Sticker Set: Hunter Items Set|Monster Hunter: World - Sticker Set: Monster Statuses Set|Monster Hunter: World - Pose Set: Crouching|Monster Hunter: World - Pose Set: Unique|Monster Hunter: World - The Handler's Kokoto Gal's Costume|Monster Hunter World: Iceborne - MHW:I Sticker Set: Iceborne Monsters Set|Monster Hunter World: Iceborne - MHW:I Room Decor: Cute Decor Set|Monster Hunter World: Iceborne - MHW:I Room Decor: Giant Stuffed Doll Set|Monster Hunter World: Iceborne - MHW:I Music Player: Additional BGM Set Vol. 1|Monster Hunter: World - The Handler's Tyrant Costume|Monster Hunter: World - Sticker Set: Raccoon City Set|Monster Hunter World: Iceborne - MHW:I Monster Figure: Nergigante|Monster Hunter World: Iceborne - MHW:I Monster Figure: Kushala Daora|Monster Hunter World: Iceborne - MHW:I Monster Figure: Dodogama|Monster Hunter World: Iceborne - MHW:I Monster Figure: Rathalos|Monster Hunter World: Iceborne - MHW:I Monster Figure: Anjanath|Monster Hunter World: Iceborne - MHW:I Monster Figure: Tobi-Kadachi|Monster Hunter World: Iceborne - MHW:I Monster Figure: Barioth|Monster Hunter World: Iceborne - MHW:I Monster Figure: Banbaro|Monster Hunter World: Iceborne - MHW:I Monster Figure: Boaboa|Monster Hunter World: Iceborne - MHW:I Music Player: Raccoon City Collaboration - Black Impact|Monster Hunter: World - The Handler's Graceful Short Dress|Monster Hunter: World - The Handler's Techno Handler Costume|Monster Hunter: World - Sticker Set: Lynian Set|Monster Hunter: World - MHW:I Gesture Pack: Swag Dance Set|Monster Hunter: World - MHW:I Gesture Pack: Clean Dance Set|Monster Hunter: World - MHW:I Gesture Pack: Hype Up Set|Monster Hunter: World - Pose Set: Weapon Pose (3)|Monster Hunter World: Iceborne - Hairstyle: Wild Pompadour|Monster Hunter World: Iceborne - Hairstyle: Mysterious Samurai|Monster Hunter World: Iceborne - Hairstyle: Artful Buzz|Monster Hunter World: Iceborne - Hairstyle: Hime Cut|Monster Hunter World: Iceborne - Hairstyle: Light & Wavy|Monster Hunter World: Iceborne - Hairstyle: Semi-long Up|Monster Hunter World: Iceborne - Hairstyle: Great Mohawk|Monster Hunter World: Iceborne - Hairstyle: Pleasant Ponytail|Monster Hunter World: Iceborne - Hairstyle: Short Bob|Monster Hunter World: Iceborne - Hairstyle: Long & Wavy|Monster Hunter World: Iceborne - MHW:I Room Decor: Intimate Decor Set|Monster Hunter World: Iceborne - MHW: I Room Decor: Lighting Set|Monster Hunter World: Iceborne - MHW:I Special Monster Figure: Grand Appreciation Fest|Monster Hunter World: Iceborne - MHW:I Monster Figure: Velkhana|Monster Hunter World: Iceborne - MHW:I Monster Figure: Legiana|Monster Hunter World: Iceborne - MHW:I Monster Figure: Beotodus|Monster Hunter World: Iceborne - MHW:I Monster Figure: Nargacuga|Monster Hunter World: Iceborne - MHW:I Monster Figure: Pukei-Pukei|Monster Hunter World: Iceborne - MHW:I Monster Figure: Grimalkyne|Monster Hunter World: Iceborne - MHW:I Monster Figure: Glavenus|Monster Hunter World: Iceborne - MHW:I Monster Figure: Rathian|Monster Hunter World: Iceborne - MHW:I Monster Figure: Kulu-Ya-Ku|Monster Hunter World: Iceborne - MHW:I Music Player: Additional BGM Set Vol. 2|Monster Hunter World: Iceborne - MHW:I Music Player: Additional BGM Set Vol. 3|Monster Hunter World: Iceborne - Pendant: Stuffed Felyne Teddy|Monster Hunter World: Iceborne - Pendant: Stuffed Melynx Teddy|Monster Hunter World: Iceborne - Pendant: White Felyne Teddy|Monster Hunter World: Iceborne - Pendant: Pink Felyne Teddy|Monster Hunter World: Iceborne - Pendant: Grape Felyne Teddy|Monster Hunter World: Iceborne - Pendant: Mint Felyne Teddy|Monster Hunter World: Iceborne - Pendant: Orange Felyne Teddy|Monster Hunter World: Iceborne - Pendant: Moly Pendant - Luck|Monster Hunter World: Iceborne - Pendant: Moly Pendant - Health|Monster Hunter World: Iceborne - Pendant: Moly Pendant - Safety|Monster Hunter World: Iceborne - Pendant: Moly Pendant - Love|Monster Hunter World: Iceborne - Pendant: Moly Pendant - Protection|Monster Hunter World: Iceborne - Pendant: Moly Pendant - Passion|Monster Hunter World: Iceborne - Pendant: Moly Pendant - Peace|Monster Hunter World: Iceborne - Hairstyle: Commander|Monster Hunter World: Iceborne - Hairstyle: Excitable A-Lister|Monster Hunter World: Iceborne - Hairstyle: Analytics Director|Monster Hunter World: Iceborne - Hairstyle: The Seeker|Monster Hunter World: Iceborne - Hairstyle: Serious Handler|Monster Hunter World: Iceborne - Hairstyle: Third Fleet Master|Monster Hunter World: Iceborne - Hairstyle: The Tracker|Monster Hunter: World - Sticker Set: Friendly Greetings Set|Monster Hunter World: Iceborne - Pendant: Pukei Strap|Monster Hunter World: Iceborne - Pendant: Coral Pukei Strap|Monster Hunter World: Iceborne - Pendant: Swinging Rajang|Monster Hunter World: Iceborne - Pendant: Swinging Furious Rajang|Monster Hunter World: Iceborne - Pendant: Strollin' Paolumu|Monster Hunter World: Iceborne - Pendant: Strollin' Nightshade|Monster Hunter World: Iceborne - Pendant: Flying Meduso|Monster Hunter World: Iceborne - Pendant: Flying Meduso Colony|Monster Hunter World: Iceborne - Pendant: Red Balloon|Monster Hunter World: Iceborne - Pendant: Red & White Balloons|Monster Hunter World: Iceborne - Pendant: Rainbow Balloons|Monster Hunter World: Iceborne - MHW:I Room Decor: Splendid Decor Set|Monster Hunter World: Iceborne - MHW:I Room Decor: Lil' Bit of Glamour Decor Set|Monster Hunter World: Iceborne - MHW:I Room Decor: Mini Model Set|Monster Hunter World: Iceborne - MHW:I Monster Figure: Zinogre|Monster Hunter World: Iceborne - MHW:I Monster Figure: Yian Garuga|Monster Hunter World: Iceborne - MHW:I Monster Figure: Girros & Great Girros|Monster Hunter World: Iceborne - MHW:I Monster Figure: Namielle|Monster Hunter World: Iceborne - MHW:I Monster Figure: Paolumu|Monster Hunter World: Iceborne - MHW:I Monster Figure: Tzitzi-Ya-Ku|Monster Hunter World: Iceborne - MHW:I Monster Figure: Jyuratodus|Monster Hunter World: Iceborne - MHW:I Monster Figure: Barroth|Monster Hunter World: Iceborne - MHW:I Monster Figure: Diablos|Monster Hunter World: Iceborne - MHW:I Monster Figure: Safi'jiiva|Monster Hunter World: Iceborne - MHW:I Monster Figure: Xeno'jiiva|Monster Hunter World: Iceborne - MHW:I Monster Figure: Wulg|Monster Hunter World: Iceborne - MHW:I Music Player: Additional BGM Set Vol. 4|Monster Hunter World: Iceborne - MHW:I Music Player: Additional BGM Set Vol. 5|Monster Hunter: World - The Handler's Rose Vestido|Monster Hunter World: Iceborne - Hairstyle: Half Ponytail|Monster Hunter World: Iceborne - Hairstyle: Fluffy Mop|Monster Hunter World: Iceborne - Hairstyle: Rath-a-like|Monster Hunter World: Iceborne - Hairstyle: Wandering Samurai|Monster Hunter World: Iceborne - Pendant: Emerald Kulve Heart|Monster Hunter World: Iceborne - Pendant: Ruby Kulve Heart|Monster Hunter World: Iceborne - Pendant: Crystal Kulve Heart|Monster Hunter World: Iceborne - Pendant: Topaz Kulve Heart|Monster Hunter World: Iceborne - Pendant: Sapphire Kulve Heart|Monster Hunter World: Iceborne - Pendant: Rosegem Kulve Heart|Monster Hunter World: Iceborne - MHW:I Music Player: Additional BGM Set Vol. 6|Monster Hunter World: Iceborne - MHW:I Music Player: Additional BGM Set Vol. 7|Monster Hunter World: Iceborne - Pendant: Gold Heavenly Dragon|Monster Hunter World: Iceborne - Pendant: Silver Heavenly Dragon|Monster Hunter World: Iceborne - Pendant: Ruby Crystal Knife|Monster Hunter World: Iceborne - Pendant: Amber Crystal Knife|Monster Hunter World: Iceborne - Pendant: Azure Crystal Knife|Monster Hunter World: Iceborne - Pendant: Phantom Azure Butterflies|Monster Hunter World: Iceborne - Pendant: Phantom Jade Butterflies|Monster Hunter World: Iceborne - Pendant: Phantom Magenta Butterflies|Monster Hunter World: Iceborne - Pendant: Fulgurbugs|Monster Hunter World: Iceborne - Pendant: Dracophage Bugs|Monster Hunter World: Iceborne - MHW:I Room Decor: Poogie Set|Monster Hunter World: Iceborne - MHW:I Room Decor: Felyne Set|Monster Hunter World: Iceborne - MHW:I Room Decor: Pukei-Pukei Set|Monster Hunter World: Iceborne - MHW:I Room Decor: Boaboa Set|Monster Hunter World: Iceborne - MHW:I Monster Figure: Tigrex|Monster Hunter World: Iceborne - MHW:I Monster Figure: Odogaron|Monster Hunter World: Iceborne - MHW:I Monster Figure: Radobaan|Monster Hunter World: Iceborne - MHW:I Monster Figure: Rajang|Monster Hunter World: Iceborne - MHW:I Monster Figure: Kirin|Monster Hunter World: Iceborne - MHW:I Monster Figure: Vaal Hazak|Monster Hunter World: Iceborne - MHW:I Monster Figure: Teostra|Monster Hunter World: Iceborne - MHW:I Monster Figure: Gajalakas & King Gajalaka|Monster Hunter World: Iceborne - MHW:I Monster Figure: Brachydios|Monster Hunter World: Iceborne - MHW:I Monster Figure: Lavasioth|Monster Hunter World: Iceborne - MHW:I Monster Figure: Downy Crakes & Aptonoths|Monster Hunter: World - The Handler's Festive Samba Costume|Monster Hunter World: Iceborne - MHW:I Monster Figure: Kulve Taroth|Monster Hunter World: Iceborne - MHW:I Monster Figure: Bazelgeuse|Monster Hunter World: Iceborne - MHW:I Monster Figure: Deviljho|Monster Hunter World: Iceborne - MHW:I Monster Figure: Shara Ishvalda 1|Monster Hunter World: Iceborne - MHW:I Monster Figure: Shara Ishvalda 2|Monster Hunter World: Iceborne - MHW:I Monster Figure: Alatreon|Monster Hunter World: Iceborne - MHW:I Monster Figure: Fatalis|Monster Hunter World: Iceborne - MHW:I Monster Figure: Lunastra|Monster Hunter World: Iceborne - MHW:I Monster Figure: Uragaan|Monster Hunter World: Iceborne - Pendant: Mechanical Gold Watch|Monster Hunter World: Iceborne - Pendant: Mechanical Silver Watch|Monster Hunter World: Iceborne - Pendant: Blazing Glavenus Candle|Monster Hunter World: Iceborne - Pendant: Shocked Kulu-Ya-Ku|Monster Hunter World: Iceborne - Pendant: Super-8 Mini (Player 1)|Monster Hunter World: Iceborne - Pendant: Super-8 Mini (Player 2)|Monster Hunter World: Iceborne - Pendant: Heavenly Hog|Monster Hunter World: Iceborne - Pendant: Beelzeboar|Monster Hunter World: Iceborne - Pendant: Meowscular Gains Chain|Monster Hunter World: Iceborne - MHW:I Room Decor: Beotodus Skull|Monster Hunter: World - The Handler's Chun-Li Costume|Monster Hunter: World - Gesture: Hadoken!|Monster Hunter: World - Gesture: Shoryuken!|Monster Hunter: World - Sticker Set: Street Fighter V|Monster Hunter: World - The Handler's Cute Demoness Costume|Monster Hunter World: Iceborne - Pendant: Velkhana Snow Talisman|MHW:I -  Free Content Collection Pack|Monster Hunter World: Iceborne - Pendant: MH Riders - Kirin","Co-op|Multiplayer|Action|Open World|RPG|Character Customization|Third Person|Adventure|Fantasy|Action RPG|Difficult|Singleplayer|Exploration|Great Soundtrack|Replay Value|Atmospheric|Hack and Slash|JRPG|MMORPG|Souls-like","Action","English|French|Italian|German|Spanish - Spain|Arabic|Portuguese - Brazil|Polish|Traditional Chinese|Japanese|Korean|Russian|Simplified Chinese|Spanish - Latin America","https://store.steampowered.com/app/582010/","https://store.steampowered.com/developer/capcom","https://store.steampowered.com/publisher/capcom","10,000,000 .. 20,000,000",5,FALSE
1196590,"Resident Evil Village","6 May, 2021","CAPCOM Co., Ltd.","CAPCOM Co., Ltd.",NA,NA,"Overwhelmingly Positive","Overwhelmingly Positive",39.99,9.99,75,56,15,6,"True","False","False","Experience survival horror like never before in the 8th major installment in the Resident Evil franchise - Resident Evil Village. With detailed graphics, intense first-person action and masterful storytelling, the terror has never felt more realistic.","Resident Evil Village - Winters’ Expansion|Resident Evil Village - Street Wolf Outfit|Resident Evil Village - Extra Content Shop All Access Voucher|Resident Evil Village - Trauma Pack|Resident Evil Village - Mr. Raccoon Weapon Charm|Resident Evil Village - Survival Resources Pack","Survival Horror|Horror|First-Person|Singleplayer|Action|Sexual Content|Zombies|Gore|Story Rich|FPS|VR|Atmospheric|Violent|Dark|Psychological Horror|Survival|Adventure|Multiplayer|Open World|Nudity","Action","English|French|Italian|German|Spanish - Spain|Japanese|Korean|Portuguese - Brazil|Russian|Simplified Chinese|Traditional Chinese|Arabic|Thai|Spanish - Latin America|Polish","https://store.steampowered.com/app/1196590/","https://store.steampowered.com/developer/capcom","https://store.steampowered.com/publisher/capcom","2,000,000 .. 5,000,000",1.16666666666667,FALSE
427520,"Factorio","14 Aug, 2020","Wube Software LTD.","Wube Software LTD.",NA,NA,"Overwhelmingly Positive","Overwhelmingly Positive",32,NA,NA,88,30,1,"True","False","False","Factorio is a game about building and creating automated factories to produce items of increasing complexity, within an infinite 2D world. Use your imagination to design your factory, combine simple elements into ingenious structures, and finally protect it from the creatures who don't really like you.","Factorio: Space Age","Automation|Base Building|Resource Management|Sandbox|Crafting|Strategy|Multiplayer|Survival|Management|Open World|Building|Co-op|2D|Moddable|Singleplayer|Trains|Simulation|Pixel Graphics|City Builder|Indie","Casual|Indie|Simulation|Strategy","English|French|Italian|German|Spanish - Spain|Hungarian|Dutch|Norwegian|Polish|Portuguese - Portugal|Portuguese - Brazil|Romanian|Finnish|Swedish|Czech|Russian|Ukrainian|Japanese|Simplified Chinese|Traditional Chinese|Korean|Turkish|Greek|Spanish - Latin America|Thai|Vietnamese|Belarusian|Catalan|Kazakh|Georgian","https://store.steampowered.com/app/427520/","","","5,000,000 .. 10,000,000",2.5,TRUE
739630,"Phasmophobia","18 Sep, 2020","Kinetic Games","Kinetic Games",NA,NA,"Overwhelmingly Positive","Very Positive",18.99,NA,NA,54,26,0,"False","False","False","Phasmophobia is a 4 player online co-op psychological horror. Paranormal activity is on the rise and it’s up to you and your team to use all the ghost-hunting equipment at your disposal in order to gather as much evidence as you can.","","Horror|Online Co-Op|Multiplayer|Psychological Horror|Co-op|VR|Supernatural|First-Person|Investigation|Dark|Detective|Demons|Mystery|Thriller|3D|Early Access|Indie|Action|Tactical|Singleplayer","Action|Indie|Early Access","English|Portuguese - Portugal|Spanish - Spain|Portuguese - Brazil|German|French|Italian|Bulgarian|Czech|Danish|Dutch|Finnish|Greek|Hungarian|Japanese|Korean|Norwegian|Polish|Romanian|Russian|Simplified Chinese|Swedish|Traditional Chinese|Turkish|Ukrainian|Catalan","https://store.steampowered.com/app/739630/","https://store.steampowered.com/developer/KineticGames","https://store.steampowered.com/publisher/KineticGames","10,000,000 .. 20,000,000",5,TRUE
2592160,"Dispatch","22 Oct, 2025","AdHoc Studio","AdHoc Studio",NA,NA,"Overwhelmingly Positive","Overwhelmingly Positive",28.99,NA,NA,36,11,1,"True","False","False","Dispatch is a superhero workplace comedy where choices matter. Manage a dysfunctional team of misfit heroes and strategize who to send to emergencies around the city, all while balancing office politics, personal relationships, and your own quest to become a hero. All episodes out now!","Dispatch - Digital Deluxe Edition Upgrade","Choices Matter|Story Rich|Sexual Content|Nudity|Superhero|Singleplayer|Romance|Comedy|Choose Your Own Adventure|Episodic|Cinematic|Funny|Strategy|Action|Point & Click|Comic Book|Indie|Visual Novel|Adventure|Atmospheric","Action|Adventure|Casual|Indie|Strategy","English|French|Italian|German|Spanish - Spain|Japanese|Korean|Simplified Chinese|Portuguese - Brazil|Russian|Traditional Chinese","https://store.steampowered.com/app/2592160/","https://store.steampowered.com/developer/AdHocStudio","https://store.steampowered.com/publisher/AdHocStudio","0 .. 20,000",6.66666666666667,TRUE
250900,"The Binding of Isaac: Rebirth","4 Nov, 2014","Nicalis, Inc.","Nicalis, Inc.",NA,NA,"Overwhelmingly Positive","Overwhelmingly Positive",14.99,NA,NA,641,1,4,"True","False","False","The Binding of Isaac: Rebirth is a randomly generated action RPG shooter with heavy Rogue-like elements. Following Isaac on his journey players will find bizarre treasures that change Isaac’s form giving him super human abilities and enabling him to fight off droves of mysterious creatures, discover secrets and fight his way to safety.","The Binding of Isaac: Repentance+|The Binding of Isaac: Repentance|The Binding of Isaac: Afterbirth|The Binding of Isaac: Afterbirth+","Action Roguelike|Roguelike|Indie|Replay Value|Difficult|Pixel Graphics|Dungeon Crawler|Great Soundtrack|Singleplayer|Dark|2D|Local Co-Op|Remake|Gore|Procedural Generation|Roguelite|Atmospheric|Co-op|Action|Horror","Action","English","https://store.steampowered.com/app/250900/","https://store.steampowered.com/developer/Nicalis","https://store.steampowered.com/publisher/Nicalis","5,000,000 .. 10,000,000",2.5,FALSE
346110,"ARK: Survival Evolved","27 Aug, 2017","Studio Wildcard","Studio Wildcard",NA,NA,"Very Positive","Very Positive",14.79,9.76,34,32,21,13,"True","False","False","Stranded on the shores of a mysterious island, you must learn to survive. Use your cunning to kill or tame the primeval creatures roaming the land, and encounter other players to survive, dominate... and escape!","ARK: Aquatica|ARK: Aquatica - Luminati Suns Song|Fjordur - ARK Expansion Map|Lost Island - ARK Expansion Map|ARK: Genesis Season Pass|Valguero - ARK Expansion Map|Ragnarok - ARK Expansion Map|ARK: Extinction - Expansion Pack|ARK: Aberration - Expansion Pack|ARK: Scorched Earth - Expansion Pack|Primitive+ ARK Total Conversion|The Center - ARK Expansion Map|Crystal Isles - ARK Expansion Map","Open World Survival Craft|Survival|Multiplayer|Open World|Dinosaurs|Crafting|Building|Adventure|Base Building|Co-op|Action|Sandbox|First-Person|Massively Multiplayer|Singleplayer|Early Access|Dragons|RPG|Sci-fi|Indie","Action|Adventure|Indie|Massively Multiplayer|RPG","English|French|Italian|German|Spanish - Spain|Russian|Portuguese - Brazil|Simplified Chinese|Czech|Danish|Dutch|Hungarian|Polish|Swedish|Thai|Traditional Chinese|Turkish|Ukrainian|Finnish|Japanese|Korean","https://store.steampowered.com/app/346110/","https://store.steampowered.com/developer/studiowildcard","https://store.steampowered.com/publisher/studiowildcard","20,000,000 .. 50,000,000",11.6666666666667,TRUE
848450,"Subnautica: Below Zero","13 May, 2021","Unknown Worlds Entertainment","Unknown Worlds Entertainment",NA,822,"Very Positive","Very Positive",29.99,7.49,75,13,19,0,"True","False","False","Dive into a freezing underwater adventure on an alien planet. Below Zero is set two years after the original Subnautica. Return to Planet 4546B to uncover the truth behind a deadly cover-up. Survive by building habitats, crafting tools, & diving deeper into the world of Subnautica.","","Open World Survival Craft|Survival|Underwater|Singleplayer|Open World|Horror|Exploration|Base Building|Multiplayer|Indie|Adventure|Crafting|First-Person|Survival Horror|Sci-fi|Aliens|Action|Story Rich|Atmospheric|Sandbox","Adventure|Indie","English|French|Italian|German|Spanish - Spain|Japanese|Korean|Portuguese - Brazil|Spanish - Latin America|Russian|Simplified Chinese|Turkish|Ukrainian|Czech|Finnish|Hungarian|Polish|Traditional Chinese|Slovak","https://store.steampowered.com/app/848450/","https://store.steampowered.com/developer/unknown-worlds","https://store.steampowered.com/publisher/unknown-worlds","2,000,000 .. 5,000,000",1.16666666666667,TRUE
1963610,"Road to Vostok","7 Apr, 2026","Road to Vostok Ltd.","Road to Vostok Ltd.",NA,NA,"Very Positive","",19.5,14.62,25,0,1,0,"False","False","False","Road to Vostok is a hardcore single-player survival game set in a post-apocalyptic border zone between Finland and Russia. Survive, loot, plan and prepare to cross the border into Vostok, a permadeath zone where one mistake can end it all.","","Survival|FPS|Realistic|Post-apocalyptic|First-Person|Looter Shooter|Singleplayer|Perma Death|Loot|Shooter|Gun Customization|PvE|Action|Inventory Management|Early Access|Atmospheric|3D|Character Customization|Extraction Shooter|Violent","Action|Early Access","English","https://store.steampowered.com/app/1963610/","","","0 .. 20,000",6.66666666666667,FALSE
2483190,"Forza Horizon 6","18 May, 2026","Playground Games","Xbox Game Studios",0,NA,"No hay reseñas","",69.99,NA,NA,0,23,0,"False","False","False","Discover the breathtaking landscapes of Japan in over 550 real-world cars and become a racing Legend in Forza Horizon's biggest open world driving adventure yet.","","Racing|Open World|Driving|Automobile Sim|Simulation|Multiplayer|Sports|Exploration|Realistic|Arcade|Atmospheric|Singleplayer|VR|First-Person|Online Co-Op|Co-op|PvP|Sandbox|Funny|RPG","Racing|Simulation|Sports","English|Simplified Chinese|Traditional Chinese|French|Italian|German|Spanish - Spain|Danish|Dutch|Finnish|Greek|Hungarian|Japanese|Korean|Norwegian|Polish|Portuguese - Brazil|Portuguese - Portugal|Russian|Spanish - Latin America|Swedish|Turkish|Czech","https://store.steampowered.com/app/2483190/","https://store.steampowered.com/developer/Forza","https://store.steampowered.com/publisher/XboxGameStudios","0 .. 20,000",6.66666666666667,FALSE
1284190,"The Planet Crafter","10 Apr, 2024","Miju Games","Miju Games",NA,NA,"Overwhelmingly Positive","Overwhelmingly Positive",23.99,11.99,50,55,14,2,"True","False","False","A space survival open world terraforming crafting game, designed for 1 to 10 players. Alter the ecosystem of an inhospitable planet to render it habitable for humanity. Survive, gather resources, and build your base. Then, generate oxygen, warmth, and pressure to create a brand new biosphere.","The Planet Crafter - Toxicity|The Planet Crafter - Planet Humble","Base Building|Open World Survival Craft|Survival|Online Co-Op|Co-op|Building|Crafting|Open World|Space|Exploration|Automation|Sandbox|Resource Management|First-Person|Sci-fi|Singleplayer|Adventure|Story Rich|Immersive Sim|Aliens","Adventure","English|French|German|Spanish - Spain|Simplified Chinese|Russian|Polish|Portuguese - Portugal|Korean|Japanese|Portuguese - Brazil|Italian|Traditional Chinese|Turkish","https://store.steampowered.com/app/1284190/","https://store.steampowered.com/developer/MijuGames","https://store.steampowered.com/publisher/MijuGames","1,000,000 .. 2,000,000",0.5,FALSE
294100,"RimWorld","17 Oct, 2018","Ludeon Studios","Ludeon Studios",NA,NA,"Overwhelmingly Positive","Overwhelmingly Positive",31.99,NA,NA,0,24,6,"True","False","False","A sci-fi colony sim driven by an intelligent AI storyteller. Generates stories by simulating psychology, ecology, gunplay, melee combat, climate, biomes, diplomacy, interpersonal relationships, art, medicine, trade, and more.","RimWorld - Odyssey|RimWorld - Anomaly|RimWorld - Biotech|RimWorld - Ideology|RimWorld - Royalty|RimWorld Name in Game Access","Colony Sim|Base Building|Survival|Strategy|Management|Sandbox|Singleplayer|Moddable|Simulation|Sci-fi|Story Rich|Replay Value|Open World|Procedural Generation|2D|Indie|City Builder|Tactical RPG|Building|Atmospheric","Indie|Simulation|Strategy","English|French|German|Polish|Russian|Italian|Spanish - Spain|Czech|Danish|Dutch|Hungarian|Japanese|Norwegian|Portuguese - Portugal|Portuguese - Brazil|Simplified Chinese|Swedish|Traditional Chinese|Turkish|Ukrainian|Finnish|Korean|Romanian|Spanish - Latin America","https://store.steampowered.com/app/294100/","https://store.steampowered.com/developer/Ludeon","https://store.steampowered.com/publisher/Ludeon","5,000,000 .. 10,000,000",2.5,TRUE
813780,"Age of Empires II: Definitive Edition","14 Nov, 2019","World's Edge","Xbox Game Studios",NA,986,"Overwhelmingly Positive","Overwhelmingly Positive",32.99,NA,NA,357,17,14,"True","False","False","42 Civilizations, 229 Campaign Missions, Singleplayer, Co-Op, Multiplayer, In-Game Editor, Mods, Cross-play...It is good to be the king.","Age of Empires II: DE – The Last Chieftains|Age of Empires II: DE - Chronicles: Alexander the Great|Age of Empires II: DE - The Three Kingdoms|Age of Empires II: DE - Chronicles: Battle for Greece|Age of Empires II: Definitive Edition - Victors and Vanquished|Age of Empires II: Definitive Edition - The Mountain Royals|Age of Empires II: Definitive Edition - Return of Rome|Age of Empires II: Definitive Edition - Dynasties of India|Age of Empires II: Definitive Edition - Dawn of the Dukes|Age of Empires II: Definitive Edition - Lords of the West|Age of Empires II: Definitive Edition – La Hire’s Dry Humor Animated Icons|Age of Empires II: Definitive Edition – Joan’s Marvelous Moving Masterpieces Animated Icons|Age of Empires II: Definitive Edition – Barbarossa’s Barrel of Pickled Goods Animated Icons|Enhanced Graphics Pack","Strategy|RTS|City Builder|Multiplayer|Base Building|Historical|Singleplayer|Medieval|Resource Management|Classic|Tactical|Real-Time|Co-op|Remake|2D|Isometric|Replay Value|Action|Great Soundtrack|Adventure","Strategy","English|French|Italian|German|Japanese|Korean|Portuguese - Brazil|Russian|Simplified Chinese|Spanish - Latin America|Traditional Chinese|Turkish|Vietnamese|Spanish - Spain|Polish|Hindi|Malay","https://store.steampowered.com/app/813780/","https://store.steampowered.com/developer/AgeOfEmpires","https://store.steampowered.com/publisher/XboxGameStudios","2,000,000 .. 5,000,000",1.16666666666667,FALSE
2537590,"Microsoft Flight Simulator 2024","19 Nov, 2024","Asobo Studio","Xbox Game Studios",NA,622,"Mixed","Mostly Positive",79.99,NA,NA,27,18,1,"False","False","False","Explore the world with our largest fleet of aircraft and take simulation to new heights while pursuing your aviation career within Microsoft Flight Simulator 2024.","Microsoft Flight Simulator 2024 - Premium Deluxe Upgrade","Simulation|Flight|Realistic|VR|Multiplayer|Hobby Sim|Singleplayer|Atmospheric|Exploration|Sandbox|Family Friendly|Open World|Nature|Relaxing|Nonlinear|Immersive Sim|Physics|Character Customization|Colorful|Psychological Horror","Simulation","English|French|Italian|German|Spanish - Spain|Dutch|Finnish|Japanese|Korean|Norwegian|Polish|Portuguese - Brazil|Portuguese - Portugal|Russian|Simplified Chinese|Spanish - Latin America|Swedish|Turkish","https://store.steampowered.com/app/2537590/","https://store.steampowered.com/developer/XboxGameStudios","https://store.steampowered.com/publisher/XboxGameStudios","100,000 .. 200,000",75,FALSE
518790,"theHunter: Call of the Wild™","16 Feb, 2017","Expansive Worlds","Avalanche Studios",NA,NA,"Very Positive","Very Positive",19.5,1.95,90,160,10,59,"False","False","False","Discover an atmospheric hunting game like no other in this realistic, stunning open world – regularly updated in collaboration with the community. Immerse yourself in the single player campaign, or share the ultimate hunting experience with friends.","theHunter: Call of the Wild™ - Multi-Class Weapon Pack|theHunter: Call of the Wild™ - Game Feeder Pack 2|theHunter: Call of the Wild™ - Scotland Hunting Reserve|theHunter: Call of the Wild™ - Premium Trophy Mount Pack|theHunter: Call of the Wild™ - Game Feeder Pack|theHunter: Call of the Wild™ - Alberta Hunting Preserve|theHunter: Call of the Wild™ – Pump, Flip and Fire Pack|theHunter: Call of the Wild™ - Rapid Hunt Rifle Pack|theHunter: Call of the Wild™ - Salzwiesen Park|theHunter: Call of the Wild™ - German Shorthaired Pointer|theHunter: Call of the Wild™ - Hunters' Choice: Bolt-Action Rifle Pack|theHunter: Call of the Wild™ - Sundarpatan Nepal Hunting Reserve|theHunter: Call of the Wild™ - Revontuli Coast|theHunter: Call of the Wild™ - Emerald Coast Australia|theHunter: Call of the Wild™ - Silver Ridge Peaks|theHunter: Call of the Wild™ - Vurhonga Savanna|theHunter: Call of the Wild™ - Medved-Taiga|theHunter: Call of the Wild™ - Modern Rifle Pack|theHunter: Call of the Wild™ - Bloodhound|theHunter: Call of the Wild™  - Ambusher Pack|theHunter: Call of the Wild™ - ATV SABER 4X4|theHunter: Call of the Wild™ - High Caliber Weapon Pack|theHunter: Call of the Wild™ - Labrador Retriever|theHunter: Call of the Wild™ - High-Tech Hunting Pack|theHunter: Call of the Wild™ - Tents & Ground Blinds|theHunter: Call of the Wild™ - Weapon Pack 1|theHunter: Call of the Wild™ - Weapon Pack 2|theHunter: Call of the Wild™ - Hunter Power Pack|theHunter: Call of the Wild™ - New England Mountains|theHunter: Call of the Wild™ - Yukon Valley|theHunter: Call of the Wild™ - Mississippi Acres Preserve|theHunter: Call of the Wild™ - Te Awaroa National Park|theHunter: Call of the Wild™ - Treestand & Tripod Pack|theHunter: Call of the Wild™ - Rancho del Arroyo|theHunter: Call of the Wild™ - Cuatro Colinas Game Reserve|theHunter: Call of the Wild™ - Parque Fernando|theHunter: Call of the Wild™ - Assorted Sidearms Pack|theHunter: Call of the Wild™ - Saseka Safari Trophy Lodge|theHunter: Call of the Wild™ - Scopes and Crosshairs Pack|theHunter: Call of the Wild™ - Weapon Pack 3|theHunter: Call of the Wild™ - Smoking Barrels Weapon Pack|theHunter: Call of the Wild™ - Duck and Cover Pack|theHunter: Call of the Wild™ - Trophy Lodge Spring Creek Manor|theHunter: Call of the Wild™ - Wild Goose Chase Gear|theHunter: Call of the Wild™ - Medved-Taiga Cosmetic Pack|theHunter: Call of the Wild™ - Vurhonga Savanna Cosmetic Pack|theHunter: Call of the Wild™ - Hirschfelden Veteran Cosmetic Pack|theHunter: Call of the Wild™ - Silver Ridge Peaks Cosmetic Pack|theHunter: Call of the Wild™ - Mississippi Acres Cosmetic Pack|theHunter: Call of the Wild™	- Yukon Valley Cosmetic Pack|theHunter: Call of the Wild™ - Revontuli Coast Cosmetic Pack|theHunter: Call of the Wild™ - Te Awaroa Cosmetic Pack|theHunter: Call of the Wild™ - New England Veteran Cosmetic Pack|theHunter: Call of the Wild™ - Sundarpatan Cosmetic Pack|theHunter: Call of the Wild™ - Emerald Coast Cosmetic Pack|theHunter: Call of the Wild™ - Layton Lake Cosmetic Pack|theHunter: Call of the Wild™ - Rancho del Arroyo Cosmetic Pack|theHunter: Call of the Wild™ - Cuatro Colinas Cosmetic Pack|theHunter: Call of the Wild™ - Parque Fernando Cosmetic Pack","Hunting|Open World|Multiplayer|Nature|Relaxing|Stealth|FPS|Simulation|Survival|Realistic|Sandbox|Online Co-Op|First-Person|Co-op|Walking Simulator|Immersive Sim|Shooter|America|Sports|Controller","Adventure|Simulation|Sports","English|French|German|Portuguese - Brazil|Russian|Spanish - Spain|Czech|Polish|Simplified Chinese|Japanese","https://store.steampowered.com/app/518790/","https://store.steampowered.com/developer/Avalanchestudios","https://store.steampowered.com/publisher/Avalanchestudios","5,000,000 .. 10,000,000",2.5,FALSE
431960,"Wallpaper Engine","16 Nov, 2018","Wallpaper Engine Team","Wallpaper Engine Team",NA,NA,"Overwhelmingly Positive","Overwhelmingly Positive",4.99,NA,NA,17,23,1,"False","False","False","Use stunning live wallpapers on your desktop. Animate your own images to create new wallpapers or import videos/websites and share them on the Steam Workshop!","Wallpaper Engine - Editor Extensions","Mature|Utilities|Anime|Software|Design & Illustration|Animation & Modeling|NSFW|First-Person|Indie|Cute|Memes|Action|Singleplayer|Funny|Early Access|Photo Editing|Sandbox|Gaming|Horror|Game Development","Casual|Indie|Animation & Modeling|Design & Illustration|Photo Editing|Utilities","English|German|Simplified Chinese|Polish|Portuguese - Brazil|French|Italian|Spanish - Spain|Finnish|Japanese|Korean|Swedish|Thai|Traditional Chinese|Turkish|Portuguese - Portugal|Russian|Danish|Czech|Arabic|Ukrainian|Indonesian|Persian","https://store.steampowered.com/app/431960/","","","20,000,000 .. 50,000,000",11.6666666666667,TRUE
3326230,"Hozy","30 Mar, 2026","Come On Studio","tinyBuild",NA,NA,"Very Positive","",14.99,NA,NA,9,12,1,"False","False","False","Restore a forgotten neighbourhood through your favourite hobby, one cozy room at a time. In Hozy, clean, paint, and decorate abandoned homes with satisfying mechanics and intuitive controls. Enjoy the little details as you interact with tools, items and furniture to bring each space back to life.","Hozy (Original Game Soundtrack)","Relaxing|Cozy|Casual|Sandbox|Puzzle|Cute|Physics|Colorful|Immersive Sim|Simulation|Building|3D|Family Friendly|Realistic|Indie|Singleplayer|Stylized|Management|Wholesome|Replay Value","Casual|Indie|Simulation","English|French|German|Spanish - Spain|Simplified Chinese|Korean|Polish|Russian|Japanese|Portuguese - Brazil|Ukrainian|Serbian","https://store.steampowered.com/app/3326230/","","https://store.steampowered.com/publisher/tinybuild","0 .. 20,000",6.66666666666667,TRUE
753640,"Outer Wilds","18 Jun, 2020","Mobius Digital","Annapurna Interactive",NA,NA,"Overwhelmingly Positive","Very Positive",22.99,13.79,40,31,13,1,"True","False","False","Named Game of the Year 2019 by Giant Bomb, Polygon, Eurogamer, and The Guardian, Outer Wilds is a critically-acclaimed and award-winning open world mystery about a solar system trapped in an endless time loop.","Outer Wilds - Echoes of the Eye","Exploration|Space|Mystery|Story Rich|Adventure|Great Soundtrack|Atmospheric|Puzzle|Open World|Singleplayer|Indie|Sci-fi|Horror|First-Person|Beautiful|Psychological Horror|Epic|3D|Simulation|Action","Action|Adventure","English|French|Italian|German|Japanese|Korean|Polish|Portuguese - Brazil|Russian|Simplified Chinese|Spanish - Latin America|Spanish - Spain|Turkish","https://store.steampowered.com/app/753640/","","https://store.steampowered.com/publisher/annapurnainteractive","1,000,000 .. 2,000,000",0.5,FALSE
1601580,"Frostpunk 2","20 Sep, 2024","11 bit studios","11 bit studios",NA,216,"Mostly Positive","Mostly Positive",44.99,22.49,50,71,14,2,"True","False","False","Develop, expand, and advance your city in a society survival game set 30 years after an apocalyptic blizzard ravaged Earth. In Frostpunk 2, you face not only the perils of never-ending winter, but also the powerful factions that watch your every step inside the Council Hall.","Frostpunk 2: Breach of Trust|Frostpunk 2: Fractured Utopias","City Builder|Strategy|Survival|Resource Management|Post-apocalyptic|Simulation|Singleplayer|Steampunk|Management|Base Building|Sequel|Atmospheric|Choices Matter|Political Sim|Politics|Great Soundtrack|Violent|Colony Sim|Snow|Psychological Horror","Simulation|Strategy","English|French|Italian|German|Spanish - Spain|Japanese|Korean|Polish|Portuguese - Brazil|Russian|Simplified Chinese|Turkish|Traditional Chinese|Ukrainian","https://store.steampowered.com/app/1601580/","https://store.steampowered.com/developer/11bitstudios","https://store.steampowered.com/publisher/11bitstudios","500,000 .. 1,000,000",100.2,FALSE
1158310,"Crusader Kings III","1 Sep, 2020","Paradox Development Studio","Paradox Interactive",NA,NA,"Very Positive","Very Positive",49.99,NA,NA,188,9,28,"False","False","False","Love, fight, scheme, and claim greatness. Determine your noble house’s legacy in the sprawling grand strategy of Crusader Kings III. Death is only the beginning as you guide your dynasty’s bloodline in the rich and larger-than-life simulation of the Middle Ages.","Crusader Kings III: All Under Heaven|Crusader Kings III Creator Pack: Celestial Court Attire|Crusader Kings III Creator Pack: East Asian Wonders|Crusader Kings III Creator Pack: North Pacific Attire|Crusader Kings III Creator Pack: Holy Buildings|Crusader Kings III Creator Pack: High Medieval Warfare Attire|Crusader Kings III: Coronations|Crusader Kings III: Khans of the Steppe|Crusader Kings III: Crowns of the World|Crusader Kings III Creator Pack: Medieval Monuments|Crusader Kings III Creator Pack: Arctic Attire|Crusader Kings III Creator Pack: West Slavic Attire|Crusader Kings III: Wandering Nobles|Crusader Kings III: Roads to Power|Crusader Kings III: Couture of the Capets|Crusader Kings III: Legends of the Dead|Crusader Kings III: Many Roads to Power - Comic Book|Crusader Kings III Creator Pack: North African Attire|Crusader Kings III: Legacy of Persia|Crusader Kings III: Wards & Wardens|Crusader Kings III: Tours & Tournaments|Crusader Kings III: Friends & Foes|Crusader Kings III: Elegance of the Empire|Crusader Kings III: Fate of Iberia|Crusader Kings III: Royal Court|Crusader Kings III: Northern Lords|Crusader Kings III: Garments of the Holy Roman Empire|Crusader Kings III: Subscription","Strategy|Medieval|Grand Strategy|Simulation|RPG|Historical|Management|Character Customization|Life Sim|Sandbox|Choices Matter|RTS|War|Singleplayer|Economy|Political|Moddable|Multiplayer|4X|Real-Time with Pause","RPG|Simulation|Strategy","English|French|German|Spanish - Spain|Russian|Simplified Chinese|Korean|Polish|Japanese","https://store.steampowered.com/app/1158310/","https://store.steampowered.com/developer/paradoxdevelopmentstudio","https://store.steampowered.com/publisher/paradoxinteractive","2,000,000 .. 5,000,000",1.16666666666667,FALSE
306130,"The Elder Scrolls® Online","4 Apr, 2014","ZeniMax Online Studios","Bethesda Softworks",NA,657,"Very Positive","Mostly Positive",19.99,NA,NA,0,6,4,"True","False","False","Every legend starts somewhere and in The Elder Scrolls Online, it starts with you. Join millions of players in an online, fantasy RPG set in a vast living Elder Scrolls world.","The Elder Scrolls Online: Deluxe Edition|The Elder Scrolls Online: 10-Year Anniversary Pack|The Elder Scrolls Online: The Hailcinder Mount Pack|The Elder Scrolls Online: Housing Starter Pack","RPG|MMORPG|Open World|Fantasy|Adventure|Multiplayer|Exploration|Singleplayer|Massively Multiplayer|Action|Character Customization|PvP|PvE|Lore-Rich|Story Rich|Choose Your Own Adventure|Class-Based|Magic|Action RPG|Atmospheric","Action|Adventure|Massively Multiplayer|RPG","English|French|German|Russian|Spanish - Spain|Simplified Chinese","https://store.steampowered.com/app/306130/","https://store.steampowered.com/developer/bethesda","https://store.steampowered.com/publisher/bethesda","5,000,000 .. 10,000,000",2.5,FALSE
1151340,"Fallout 76","14 Apr, 2020","Bethesda Game Studios","Bethesda Softworks",NA,771,"Mostly Positive","Mixed",39.99,NA,NA,72,13,2,"False","False","False","Bethesda Game Studios welcome you to Fallout 76. Twenty-five years after the bombs fall, you and your fellow Vault Dwellers emerge into post-nuclear America. Explore a vast wasteland in this open-world multiplayer addition to the Fallout story.","Fallout 76: Mojave Bundle|Fallout 76: Burning Springs Starter Bundle","Open World|Multiplayer|Post-apocalyptic|RPG|Dark Comedy|Capitalism|Survival|Base Building|Co-op|Shooter|MMORPG|Horror|Singleplayer|Exploration|FPS|Gore|Violent|Atmospheric|Great Soundtrack|Character Customization","RPG","English|French|Italian|German|Spanish - Spain|Japanese|Korean|Polish|Traditional Chinese|Russian|Simplified Chinese|Spanish - Latin America|Portuguese - Brazil","https://store.steampowered.com/app/1151340/","https://store.steampowered.com/developer/bethesda","https://store.steampowered.com/publisher/bethesda","2,000,000 .. 5,000,000",1.16666666666667,FALSE
1144200,"Ready or Not","13 Dec, 2023","VOID Interactive","VOID Interactive",NA,NA,"Mostly Positive","Very Positive",49.99,NA,NA,66,12,3,"True","False","False","Ready or Not is an intense, tactical, first-person shooter that depicts a modern-day world in which SWAT police units are called to defuse hostile and confronting situations.","Ready or Not: Boiling Point|Ready or Not: Dark Waters|Ready or Not: Home Invasion","Tactical|Realistic|FPS|Shooter|Multiplayer|Singleplayer|Co-op|Horror|First-Person|Action|Violent|Psychological Horror|Gun Customization|Combat|Crime|Gore|Modern|Atmospheric|Co-op Campaign|America","Action|Adventure|Indie","English|French|German|Korean|Simplified Chinese|Italian|Spanish - Spain|Japanese|Polish|Portuguese - Portugal|Turkish|Russian","https://store.steampowered.com/app/1144200/","","","5,000,000 .. 10,000,000",2.5,TRUE
394360,"Hearts of Iron IV","6 Jun, 2016","Paradox Development Studio","Paradox Interactive",NA,NA,"Very Positive","Very Positive",49.99,NA,NA,266,10,25,"True","False","False","Victory is at your fingertips! Your ability to lead your nation is your supreme weapon, the strategy game Hearts of Iron IV lets you take command of any nation in World War II; the most engaging conflict in world history.","Expansion - Hearts of Iron IV: No Compromise, No Surrender|Hearts of Iron IV: Expansion Pass 2|Cosmetic Pack - Hearts of Iron IV: Warships of the Pacific|Expansion - Hearts of Iron IV: Götterdämmerung|Expansion - Hearts of Iron IV: Arms Against Tyranny|Expansion - Hearts of Iron IV: By Blood Alone|Expansion - Hearts of Iron IV: No Step Back|Expansion - Hearts of Iron IV: La Résistance|Country Pack - Hearts of Iron IV: Graveyard of Empires|Country Pack - Hearts of Iron IV: Trial of Allegiance|Country Pack - Hearts of Iron IV: Battle for the Bosporus|Cosmetic Pack - Hearts of Iron IV: Prototype Vehicles|Cosmetic Pack - Hearts of Iron IV: Eastern Front Planes|Cosmetic Pack - Hearts of Iron IV: Allied Armor|Cosmetic Pack - Hearts of Iron IV: Axis Armor|Music - Hearts of Iron IV: Songs of the Eastern Front|Music - Hearts of Iron IV: Allied Speeches Pack|Music - Hearts of Iron IV: Radio Pack|Hearts of Iron IV: Bonus Songs Pack|Music - Hearts of Iron IV: Sabaton Soundtrack Vol. 2|Hearts of Iron IV - DLC Subscription|Hearts of Iron IV: Content Creator Pack - Soviet Union 2D Art|Focus Pack - Hearts of Iron IV: Peace For Our Time|Hearts of Iron IV: Seaplane Tenders|Theater Pack - Hearts of Iron IV: Thunder at our Gates","Strategy|World War II|Grand Strategy|War|Historical|Military|Alternate History|Multiplayer|Simulation|Tactical|Singleplayer|RTS|Real-Time with Pause|Diplomacy|Sandbox|Co-op|Strategy RPG|Open World|Competitive|Action","Simulation|Strategy","English|French|German|Polish|Portuguese - Brazil|Russian|Spanish - Spain|Japanese|Simplified Chinese|Korean","https://store.steampowered.com/app/394360/","https://store.steampowered.com/developer/paradoxdevelopmentstudio","https://store.steampowered.com/publisher/paradoxinteractive","5,000,000 .. 10,000,000",2.5,FALSE
1326470,"Sons Of The Forest","22 Feb, 2024","Endnight Games Ltd","Newnight ",NA,NA,"Very Positive","Very Positive",28.99,NA,NA,32,16,0,"False","False","False","Sent to find a missing billionaire on a remote island, you find yourself in a cannibal-infested hellscape. Craft, build, and struggle to survive, alone or with friends, in this terrifying new open-world survival horror simulator.","","Survival|Open World|Multiplayer|Co-op|Survival Horror|Base Building|Horror|Crafting|Building|First-Person|Exploration|Adventure|Singleplayer|Atmospheric|Sandbox|Action-Adventure|Action|Simulation|Immersive Sim|VR","Action|Adventure|Indie|Simulation","English|French|Italian|German|Spanish - Spain|Czech|Finnish|Japanese|Korean|Polish|Portuguese - Brazil|Russian|Simplified Chinese|Swedish|Traditional Chinese|Turkish","https://store.steampowered.com/app/1326470/","","","10,000,000 .. 20,000,000",5,TRUE
39210,"FINAL FANTASY XIV Online","18 Feb, 2014","Square Enix","Square Enix",NA,313,"Very Positive","Mostly Positive",9.99,NA,NA,0,4,27,"True","False","False","Join over 30 million adventurers worldwide and take part in an epic and ever-changing FINAL FANTASY. Experience an unforgettable story, exhilarating battles, and a myriad of captivating environments to explore.","FINAL FANTASY XIV: Dawntrail|Eorzean Symphony: FINAL FANTASY XIV Orchestral Album|Eorzean Symphony: FINAL FANTASY XIV Orchestral Album (Concert version)|Eorzean Symphony: FINAL FANTASY XIV Orchestral Album Vol. 2|Eorzean Symphony: FINAL FANTASY XIV Orchestral Album Vol. 2 (Concert version)|Eorzean Symphony: FINAL FANTASY XIV Orchestral Album Vol. 3|Eorzean Symphony: FINAL FANTASY XIV Orchestral Album Vol. 3 (Concert version)|Sanctuary's Heart: FINAL FANTASY XIV Chill Arrangement Album|Sanctuary's Heart: FINAL FANTASY XIV Chill Arrangement Album (B-sides)|Pulse: FINAL FANTASY XIV Remix Album|Pulse: FINAL FANTASY XIV Remix Album Vol. 2 (Session 1)|Pulse: FINAL FANTASY XIV Remix Album Vol. 2 (Session 2)|Pulse: FINAL FANTASY XIV Remix Album Vol. 2 (B-sides)|From Astral to Umbral: FINAL FANTASY XIV ～ Arrangement Album ～|FINAL FANTASY XIV Duality ～ Arrangement Album ～|Journeys: FINAL FANTASY XIV ～ Arrangement Album ～|Scions & Sinners: FINAL FANTASY XIV ～ Arrangement Album ～|Forge Ahead: FINAL FANTASY XIV ～ Arrangement Album ～|And Back Again: Live Performances from the FINAL FANTASY XIV Fan Festival 2024|THE PRIMALS|THE PRIMALS Zepp Tour 2018 - Trial By Shadow|THE PRIMALS Live in Japan - Beyond the Shadow|THE PRIMALS - Riding Home|THE PRIMALS Live in Japan - Darkest Before Dawn|THE PRIMALS - Dark Decades|THE PRIMALS Dark Decades Tour BUDOKAN|Piano Collections FINAL FANTASY XIV","MMORPG|RPG|Massively Multiplayer|Character Customization|Fantasy|JRPG|Open World|Story Rich|Multiplayer|Magic|Online Co-Op|Adventure|Co-op|Third Person|Exploration|Action|Crafting|Atmospheric|Action RPG|Female Protagonist","Massively Multiplayer|RPG","English|French|German|Japanese","https://store.steampowered.com/app/39210/","https://store.steampowered.com/developer/squareenix","https://store.steampowered.com/publisher/squareenix","2,000,000 .. 5,000,000",1.16666666666667,FALSE
108600,"Project Zomboid","8 Nov, 2013","The Indie Stone","The Indie Stone",NA,NA,"Very Positive","Very Positive",19.5,NA,NA,0,21,0,"False","False","False","Project Zomboid is the ultimate in zombie survival. Alone or in MP: you loot, build, craft, fight, farm and fish in a struggle to survive. A hardcore RPG skillset, a vast map, massively customisable sandbox and a cute tutorial raccoon await the unwary. So how will you die? All it takes is a bite..","","Survival|Zombies|Open World|Multiplayer|Open World Survival Craft|Sandbox|Post-apocalyptic|Co-op|Crafting|Building|Indie|Simulation|RPG|Survival Horror|Realistic|Isometric|Singleplayer|2D|Adventure|Early Access","Indie|RPG|Simulation|Early Access","English|French|Italian|German|Spanish - Spain|Danish|Dutch|Hungarian|Norwegian|Polish|Portuguese - Portugal|Russian|Turkish|Japanese|Simplified Chinese|Portuguese - Brazil|Finnish|Korean|Thai|Traditional Chinese|Ukrainian","https://store.steampowered.com/app/108600/","","","10,000,000 .. 20,000,000",5,TRUE
4249120,"Resident Evil 3 Nemesis (1999)","1 Apr, 2026","CAPCOM Co., Ltd.","CAPCOM Co., Ltd.",NA,NA,"Very Positive","",9.99,4.99,50,0,6,0,"False","False","False","Join Jill Valentine, the survivor of the notorious disaster, as her nightmare continues. After resigning from S.T.A.R.S. Jill now prepares to head out of Raccoon City… but caught in a town crawling with zombies, more than ever she must rely on brute force and cunning to find a way to escape alive.","","Survival Horror|Action|Adventure|Survival|Horror|Zombies|Psychological Horror|Third-Person Shooter|Shooter|3D|Dark|Singleplayer|Story Rich|Gore|Violent|Female Protagonist|Underground|Multiple Endings|PvE|Science","Action|Adventure","English|French|Italian|German|Spanish - Spain|Japanese","https://store.steampowered.com/app/4249120/","https://store.steampowered.com/developer/capcom","https://store.steampowered.com/publisher/capcom","0 .. 20,000",6.66666666666667,FALSE
281990,"Stellaris","9 May, 2016","Paradox Development Studio","Paradox Interactive",NA,NA,"Very Positive","Mixed",39.99,NA,NA,211,10,31,"True","False","False","Explore a galaxy full of wonders in this sci-fi grand strategy game from Paradox Development Studios. Interact with diverse alien races, discover strange new worlds with unexpected events and expand the reach of your empire. Each new adventure holds almost limitless possibilities.","Stellaris: BioGenesis|Stellaris: Infernals Species Pack|Stellaris: Shadows of the Shroud|Stellaris: Expansion Subscription|Stellaris: Utopia|Stellaris: Apocalypse|Stellaris: MegaCorp|Stellaris: Federations|Stellaris: Nemesis|Stellaris: Overlord|Stellaris: Galactic Paragons|Stellaris: Astral Planes|Stellaris: The Machine Age|Stellaris: Cosmic Storms|Stellaris: Leviathans Story Pack|Stellaris: Synthetic Dawn Story Pack|Stellaris: Distant Stars Story Pack|Stellaris: Ancient Relics Story Pack|Stellaris: First Contact Story Pack|Stellaris: Grand Archive Story Pack|Stellaris: Humanoids Species Pack|Stellaris: Plantoids Species Pack|Stellaris: Lithoids Species Pack|Stellaris: Necroids Species Pack|Stellaris: Aquatics Species Pack|Stellaris: Toxoids Species Pack|Stellaris: Galaxy Edition Upgrade Pack|Stellaris: Infinite Frontiers (eBook)|Stellaris: Anniversary Portraits|Stellaris: Stargazer Species Portrait|Stellaris: Rick The Cube Species Portrait","Space|Strategy|Grand Strategy|Sci-fi|4X|Exploration|Sandbox|Simulation|Multiplayer|Real-Time with Pause|Singleplayer|Moddable|Management|Diplomacy|Military|Futuristic|Replay Value|Great Soundtrack|Procedural Generation|Atmospheric","Simulation|Strategy","English|French|German|Spanish - Spain|Polish|Portuguese - Brazil|Russian|Simplified Chinese|Japanese|Korean","https://store.steampowered.com/app/281990/","https://store.steampowered.com/developer/paradoxdevelopmentstudio","https://store.steampowered.com/publisher/paradoxinteractive","2,000,000 .. 5,000,000",1.16666666666667,FALSE
21690,"Resident Evil 5","15 Sep, 2009","Capcom","Capcom",NA,NA,"Very Positive","Very Positive",19.99,4.99,75,70,11,1,"False","False","False","This game is a port of the Games for Windows - Live version that was released in 2009. If you buy the Untold Stories Bundle here on Steam, it will be the same as upgrading to Resident Evil 5 Gold Edition.","Resident Evil 5 - UNTOLD STORIES BUNDLE","Co-op|Action|Zombies|Co-op Campaign|Online Co-Op|Horror|Third-Person Shooter|Multiplayer|Adventure|Third Person|Survival Horror|Local Co-Op|Shooter|Singleplayer|Female Protagonist|Quick-Time Events|Survival|Gore|Split Screen|Atmospheric","Action|Adventure","English|French|German|Italian|Japanese|Spanish - Spain|Czech|Polish|Russian|Simplified Chinese|Traditional Chinese","https://store.steampowered.com/app/21690/","https://store.steampowered.com/developer/capcom","https://store.steampowered.com/publisher/capcom","1,000,000 .. 2,000,000",0.5,FALSE
2958130,"Jurassic World Evolution 3","21 Oct, 2025","Frontier Developments","Frontier Developments",NA,534,"Very Positive","Very Positive",59.99,44.99,25,33,12,3,"False","False","False","Build your own Jurassic World. Nurture generations of dinosaurs with the series debut of juveniles, create and manage sprawling prehistoric parks around the globe, and let your imagination roar with powerful new creative options.","Jurassic World Evolution 3: Wetlands|Jurassic World Evolution 3: Deluxe Upgrade Pack|Jurassic World Evolution 3: Badlands Set","Simulation|Dinosaurs|Strategy|Sandbox|City Builder|Sequel|Action|Management|Resource Management|Economy|Atmospheric|Sci-fi|Survival|Base Building|Singleplayer|Building|Open World|Multiplayer|Violent|Artificial Intelligence","Simulation|Strategy","English|French|German|Spanish - Spain|Portuguese - Brazil|Simplified Chinese|Spanish - Latin America|Italian|Japanese|Korean|Polish|Traditional Chinese","https://store.steampowered.com/app/2958130/","https://store.steampowered.com/developer/FrontierDevelopments","https://store.steampowered.com/publisher/FrontierDevelopments","0 .. 20,000",6.66666666666667,FALSE
2670630,"Supermarket Simulator","19 Jun, 2025","Nokta Games","Nokta Games",NA,NA,"Very Positive","Mixed",19.99,NA,NA,15,20,6,"False","False","False","Run your own supermarket! Stock shelves, set your prices, take payments, hire staff, expand your store, handle shoplifters, and design your layout. Purchase goods from online or local markets around town, and personally deliver online orders to your customers.","Supermarket Simulator - Electronics DLC|Supermarket Simulator - Hardware DLC|Supermarket Simulator - Bakery DLC|Supermarket Simulator - Ice Cream DLC|Supermarket Simulator - Essentials DLC|Supermarket Simulator - Vending Machine DLC","Simulation|Management|Multiplayer|Economy|Singleplayer|Trading|First-Person|Immersive Sim|Life Sim|Building|Capitalism|Resource Management|3D|Sandbox|Realistic|Casual|Inventory Management|Indie|Early Access|Co-op","Casual|Indie|Simulation","English|French|Italian|German|Spanish - Spain|Simplified Chinese|Portuguese - Brazil|Dutch|Japanese|Korean|Portuguese - Portugal|Russian|Turkish|Danish|Finnish|Polish|Hungarian|Romanian|Czech|Lithuanian","https://store.steampowered.com/app/2670630/","https://store.steampowered.com/curator/44897888","https://store.steampowered.com/curator/44897888","2,000,000 .. 5,000,000",1.16666666666667,TRUE
270880,"American Truck Simulator","2 Feb, 2016","SCS Software","SCS Software",NA,NA,"Overwhelmingly Positive","Overwhelmingly Positive",48.53,21.18,56,130,30,59,"False","False","False","Experience legendary American trucks and deliver various cargoes across sunny California, sandy Nevada, and the Grand Canyon State of Arizona. American Truck Simulator takes you on a journey through the breathtaking landscapes and widely recognized landmarks around the States.","American Truck Simulator - Bobcat Cargo Pack|American Truck Simulator - Louisiana|American Truck Simulator - Iowa|American Truck Simulator - Missouri|American Truck Simulator - Arkansas|American Truck Simulator - Nebraska|American Truck Simulator - JCB Equipment Pack|American Truck Simulator - Sports Paint Jobs Pack|American Truck Simulator - Kenworth T680 2022|American Truck Simulator - Michelin Fan Pack|American Truck Simulator - Farm Machinery|American Truck Simulator - Kansas|American Truck Simulator - Oklahoma|American Truck Simulator - W900 Tuning Pack|American Truck Simulator - Texas|American Truck Simulator - Lode King & Prestige Trailers Pack|American Truck Simulator - Montana|American Truck Simulator - Wyoming|American Truck Simulator - Colorado|American Truck Simulator - Idaho|American Truck Simulator - Utah|American Truck Simulator - Washington|American Truck Simulator - Oregon|American Truck Simulator - New Mexico|American Truck Simulator - Cabin Accessories|American Truck Simulator - Special Transport|American Truck Simulator - Forest Machinery|American Truck Simulator - Volvo Construction Equipment|American Truck Simulator - Heavy Cargo Pack|American Truck Simulator - Wheel Tuning Pack|American Truck Simulator - Goodyear Tires Pack|American Truck Simulator - Steering Creations Pack|American Truck Simulator - Dragon Truck Design Pack|American Truck Simulator - Retrowave Paint Jobs Pack|American Truck Simulator - Space Paint Jobs Pack|American Truck Simulator - Classic Stripes Paint Jobs Pack|American Truck Simulator - Steampunk Paint Jobs Pack|American Truck Simulator - Valentine's Paint Jobs Pack|American Truck Simulator - Halloween Paint Jobs Pack|American Truck Simulator - Christmas Paint Jobs Pack|American Truck Simulator - Arizona|American Truck Simulator - Freightliner Cascadia® (3rd/4th Generation)|American Truck Simulator - International LT®|American Truck Simulator - International® 9900i|American Truck Simulator - Mack Anthem®|American Truck Simulator - Western Star® 49X|American Truck Simulator - Western Star® 57X|American Truck Simulator - Pink Ribbon Charity Pack|American Truck Simulator - Wild West Paint Jobs Pack|American Truck Simulator - Western Star® 5700XE|American Truck Simulator - Volvo VNL|American Truck Simulator - Mack® Pinnacle|American Truck Simulator - Freightliner Cascadia® (The Fifth Generation)|American Truck Simulator - Illinois|American Truck Simulator - South Dakota|American Truck Simulator - RAM & Dodge Car Pack|American Truck Simulator - Ford Car Pack|American Truck Simulator - KRONE Agriculture Equipment|American Truck Simulator - British Columbia","Automobile Sim|Driving|Open World|Simulation|Transportation|America|Realistic|Moddable|Relaxing|Exploration|Economy|Management|Atmospheric|Immersive Sim|Multiplayer|Singleplayer|Adventure|Casual|Family Friendly|Level Editor","Indie|Simulation","English|French|Italian|German|Spanish - Spain|Bulgarian|Czech|Danish|Dutch|Finnish|Greek|Hungarian|Japanese|Korean|Norwegian|Polish|Portuguese - Portugal|Portuguese - Brazil|Romanian|Russian|Simplified Chinese|Swedish|Turkish|Ukrainian|Traditional Chinese|Catalan|Lithuanian|Serbian|Slovak|Slovenian","https://store.steampowered.com/app/270880/","https://store.steampowered.com/developer/SCSsoftware","https://store.steampowered.com/publisher/SCSsoftware","2,000,000 .. 5,000,000",1.16666666666667,TRUE
221040,"Resident Evil 6","22 Mar, 2013","Capcom","Capcom",NA,NA,"Mostly Positive","Mostly Positive",19.99,4.99,75,70,8,5,"False","False","False","Blending action and survival horror, Resident Evil 6 promises to be the dramatic horror experience of 2013.","Resident Evil 6: Siege Mode|Resident Evil 6: Predator mode|Resident Evil 6: Survivors Mode|Resident Evil 6: Onslaught mode|Resident Evil 6 Wallpaper","Action|Zombies|Co-op|Third-Person Shooter|Horror|Online Co-Op|Co-op Campaign|Multiplayer|Adventure|Split Screen|Local Co-Op|Third Person|Shooter|Quick-Time Events|Survival Horror|Singleplayer|Survival|Female Protagonist|Atmospheric|Gore","Action|Adventure","English|French|German|Italian|Polish|Portuguese - Brazil|Spanish - Spain|Russian","https://store.steampowered.com/app/221040/","https://store.steampowered.com/developer/capcom","https://store.steampowered.com/publisher/capcom","2,000,000 .. 5,000,000",1.16666666666667,FALSE
305620,"The Long Dark","1 Aug, 2017","Hinterland Studio Inc.","Hinterland Studio Inc.",NA,NA,"Very Positive","Mixed",29.99,2.99,90,87,19,4,"False","False","False","THE LONG DARK is a thoughtful, exploration-survival experience that challenges solo players to think for themselves as they explore an expansive frozen wilderness in the aftermath of a geomagnetic disaster. There are no zombies -- only you, the cold, and all the threats Mother Nature can muster.","The Long Dark: Tales from the Far Territory|The Long Dark: WINTERMUTE|Music for The Long Dark -- Volume One|Music for The Long Dark -- Volume Two","Survival|Open World Survival Craft|Open World|Exploration|Atmospheric|Singleplayer|First-Person|Adventure|Crafting|Sandbox|Simulation|Post-apocalyptic|Indie|Walking Simulator|Co-op|Survival Horror|Strategy|Difficult|Action|Early Access","Adventure|Indie|Simulation|Strategy","English|German|Russian|French|Spanish - Spain|Finnish|Japanese|Korean|Norwegian|Portuguese - Portugal|Simplified Chinese|Swedish|Traditional Chinese|Turkish|Portuguese - Brazil|Dutch|Italian|Polish|Ukrainian","https://store.steampowered.com/app/305620/","https://store.steampowered.com/developer/HinterlandStudio","https://store.steampowered.com/publisher/HinterlandStudio","2,000,000 .. 5,000,000",1.16666666666667,TRUE
1623730,"Palworld","18 Jan, 2024","Pocketpair","Pocketpair",NA,NA,"Very Positive","Very Positive",28.99,NA,NA,57,17,0,"True","False","False","Fight, farm, build and work alongside mysterious creatures called ""Pals"" in this completely new multiplayer, open world survival and crafting game!","","Open World|Survival|Creature Collector|Multiplayer|Open World Survival Craft|Online Co-Op|Crafting|PvP|Co-op|Indie|Adventure|Base Building|Sandbox|Building|Automation|Third-Person Shooter|RPG|Action|Exploration|Early Access","Action|Adventure|Indie|RPG|Early Access","English|Simplified Chinese|Traditional Chinese|Japanese|French|Italian|German|Spanish - Spain|Portuguese - Brazil|Russian|Korean|Indonesian|Spanish - Latin America|Thai|Turkish|Vietnamese|Polish","https://store.steampowered.com/app/1623730/","https://store.steampowered.com/developer/pocketpair","https://store.steampowered.com/publisher/pocketpair","50,000,000 .. 100,000,000",25,TRUE
322170,"Geometry Dash","22 Dec, 2014","RobTop Games","RobTop Games",NA,NA,"Very Positive","Very Positive",4.99,NA,NA,547,1,0,"False","False","False","Jump and fly your way through danger in this rhythm-based action platformer!","","Difficult|Music|Level Editor|Great Soundtrack|2D|Rhythm|Precision Platformer|Singleplayer|Platformer|Colorful|Character Customization|Indie|Side Scroller|Arcade|Psychological Horror|Family Friendly|Action|Funny|Casual|Strategy","Action|Indie","English","https://store.steampowered.com/app/322170/","","","5,000,000 .. 10,000,000",2.5,TRUE
2399420,"Le Mans Ultimate","22 Jul, 2025","Studio 397","Studio 397",NA,616,"Mostly Positive","Mostly Positive",39.99,NA,NA,44,8,9,"False","False","False","Le Mans is a continually evolving story... powered by emotion, speed and glory. Le Mans Ultimate - the official game of the FIA World Endurance Championship and 24 Hours of Le Mans.","Le Mans Ultimate - 2024 Pack 1|Le Mans Ultimate - 2024 Pack 2|Le Mans Ultimate - 2024 Pack 3|Le Mans Ultimate - 2024 Pack 4|Le Mans Ultimate - 2024 Pack 5|Le Mans Ultimate - ELMS Season Pass|Le Mans Ultimate - ELMS Pack 1|Le Mans Ultimate - ELMS Pack 2|Le Mans Ultimate - ELMS Pack 3","Racing|Automobile Sim|Driving|Multiplayer|Realistic|VR|Simulation|Singleplayer|PvP|Immersive Sim|Sports|Early Access","Racing|Simulation|Sports","English|French|Italian|German|Spanish - Spain|Simplified Chinese|Japanese|Korean","https://store.steampowered.com/app/2399420/","https://store.steampowered.com/developer/MotorsportGames","https://store.steampowered.com/publisher/MotorsportGames","200,000 .. 500,000",175,FALSE
4249110,"Resident Evil 2 (1998)","1 Apr, 2026","CAPCOM Co., Ltd.","CAPCOM Co., Ltd.",966,NA,"Very Positive","",9.99,4.99,50,0,6,0,"False","False","False","Command Leon S. Kennedy, a rookie cop who stumbles onto the carnage reporting for his first duty, or play as Claire Redfield, desperately searching for her missing brother.　Cutting edge 3-D accelerated graphics that create a terrifying, photo-realistic experience.","","Survival Horror|Action|Adventure|Horror|Survival|Zombies|Psychological Horror|Shooter|Third-Person Shooter|3D|Dark|Singleplayer|Story Rich|Gore|Violent|Underground|Female Protagonist|Multiple Endings|PvE|Classic","Action|Adventure","English|French|Italian|German|Spanish - Spain|Japanese","https://store.steampowered.com/app/4249110/","https://store.steampowered.com/developer/capcom","https://store.steampowered.com/publisher/capcom","0 .. 20,000",6.66666666666667,FALSE
1062090,"Timberborn","12 Mar, 2026","Mechanistry","Mechanistry",NA,NA,"Overwhelmingly Positive","Overwhelmingly Positive",33.99,NA,NA,59,15,0,"True","False","False","Humans are long gone. In a world struck by droughts and toxic waste, will your lumberpunk beavers do any better? A sandbox city-building game featuring ingenious animals, vertical architecture, water physics, and terraforming. Contains high amounts of wood.","","City Builder|Colony Sim|Voxel|Sandbox|Automation|Nature|Building|Management|Base Building|Survival|Physics|Strategy|Science|Farming Sim|3D|Simulation|Post-apocalyptic|Stylized|Level Editor|Early Access","Indie|Simulation|Strategy","English|French|German|Spanish - Spain|Polish|Portuguese - Brazil|Russian|Simplified Chinese|Italian|Japanese|Korean|Ukrainian|Thai|Traditional Chinese|Turkish","https://store.steampowered.com/app/1062090/","https://store.steampowered.com/developer/mechanistry","https://store.steampowered.com/publisher/mechanistry","1,000,000 .. 2,000,000",0.5,TRUE
2651280,"Marvel's Spider-Man 2","30 Jan, 2025","Insomniac Games","PlayStation Publishing LLC",NA,NA,"Very Positive","Very Positive",59.99,NA,NA,43,26,0,"False","False","False","Be Greater. Together. The incredible power of the symbiote forces Peter Parker and Miles Morales into a desperate fight as they balance their lives, friendships, and their duty to protect in an exciting chapter of the critically acclaimed Spider-Man franchise on PC.","","Action|Superhero|Open World|Singleplayer|Adventure|Action-Adventure|Story Rich|Third Person|Comic Book|Stealth|Controller|Political|Great Soundtrack|Atmospheric|LGBTQ+|Exploration|Combat|Multiplayer|Politics|Beat 'em up","Action|Adventure","English|French|Italian|German|Spanish - Spain|Arabic|Czech|Danish|Dutch|Finnish|Greek|Hungarian|Indonesian|Japanese|Korean|Norwegian|Polish|Portuguese - Brazil|Portuguese - Portugal|Russian|Simplified Chinese|Spanish - Latin America|Swedish|Thai|Traditional Chinese|Vietnamese","https://store.steampowered.com/app/2651280/","https://store.steampowered.com/curator/42527123","https://store.steampowered.com/publisher/playstationstudios","500,000 .. 1,000,000",100.2,FALSE
3065800,"Marathon","5 Mar, 2026","Bungie","Bungie",NA,NA,"Very Positive","Very Positive",39.99,NA,NA,14,13,1,"False","False","False","Scavenge the lost colony of Tau Ceti IV as a bio-cybernetic Runner in a PvPvE survival extraction FPS from the creators of Halo and Destiny.","Marathon Deluxe Upgrade","Extraction Shooter|PvP|Multiplayer|Sci-fi|Shooter|FPS|Futuristic|Action|First-Person|PvE|Cyberpunk|Gun Customization|Class-Based|Survival|Online Co-Op|Inventory Management|Character Customization|Psychological Horror|Hero Shooter|LGBTQ+","Action","English|French|Italian|German|Spanish - Spain|Japanese|Korean|Polish|Portuguese - Brazil|Russian|Simplified Chinese|Spanish - Latin America|Traditional Chinese","https://store.steampowered.com/app/3065800/","https://store.steampowered.com/developer/Bungie","https://store.steampowered.com/publisher/Bungie","0 .. 20,000",6.66666666666667,FALSE
4424920,"ARC Raiders - The Wasp Hunter Set","31 Mar, 2026","Embark Studios","Embark Studios",42,NA,"Positive","",19.99,NA,NA,0,13,0,"False","True","False","","","Action","Action","English|French|Italian|German|Spanish - Spain|Japanese|Korean|Polish|Portuguese - Brazil|Russian|Simplified Chinese|Traditional Chinese|Turkish","https://store.steampowered.com/app/4424920/","","","0 .. 20,000",6.66666666666667,FALSE
323190,"Frostpunk","24 Apr, 2018","11 bit studios","11 bit studios",NA,597,"Very Positive","Very Positive",29.99,2.99,90,115,12,5,"True","False","False","Frostpunk is the first society survival game. As the ruler of the last city on Earth, it is your duty to manage both its citizens and infrastructure. What decisions will you make to ensure your society's survival? What will you do when pushed to breaking point? Who will you become in the process?","Frostpunk: The Rifts|Frostpunk: The Last Autumn|Frostpunk: On The Edge|Frostpunk Digital Artbook|Circles EP: Frostpunk Edition","City Builder|Survival|Resource Management|Strategy|Post-apocalyptic|Steampunk|Colony Sim|Building|Base Building|Singleplayer|Management|Simulation|Choices Matter|Atmospheric|Economy|Difficult|Dark|RTS|Great Soundtrack|Real-Time with Pause","Simulation|Strategy","English|French|German|Spanish - Spain|Polish|Russian|Simplified Chinese|Portuguese - Brazil|Turkish|Italian|Japanese|Korean","https://store.steampowered.com/app/323190/","https://store.steampowered.com/developer/11bitstudios","https://store.steampowered.com/publisher/11bitstudios","2,000,000 .. 5,000,000",1.16666666666667,FALSE
2221490,"Tom Clancy’s The Division® 2","12 Jan, 2023","Ubisoft","Ubisoft",NA,NA,"Mostly Positive","Very Positive",29.99,NA,NA,67,14,7,"False","False","False","Join The Division in this open world tactical shooter. Engage in intense cover-based combat, team up with friends, and build your ultimate agent to save Washington, D.C.","Rise Up Bundle - Tom Clancy’s The Division 2|Rise Up Supply Drop - Tom Clancy’s The Division 2|Bug Mask Pack - Tom Clancy’s The Division 2|Tom Clancy's The Division 2  Battle for Brooklyn Deluxe DLC|Battle for Brooklyn DLC - Tom Clancy's The Division 2|The Division 2 - Warlords of New York - Expansion|Activation Bundle - Tom Clancy’s The Division 2","Looter Shooter|Open World|Multiplayer|Singleplayer|Third-Person Shooter|Online Co-Op|Shooter|Action|Adventure|RPG|Co-op|Post-apocalyptic|Loot|Character Customization|PvE|Massively Multiplayer|Survival|Military|PvP|Story Rich","Action|Adventure|RPG","English|French|Italian|German|Spanish - Spain|Arabic|Japanese|Korean|Polish|Portuguese - Brazil|Russian|Simplified Chinese|Spanish - Latin America|Traditional Chinese","https://store.steampowered.com/app/2221490/","https://store.steampowered.com/developer/ubisoft","https://store.steampowered.com/publisher/ubisoft","1,000,000 .. 2,000,000",0.5,FALSE
1466860,"Age of Empires IV: Anniversary Edition","28 Oct, 2021","World's Edge","Xbox Game Studios",NA,603,"Very Positive","Very Positive",39.99,NA,NA,165,26,6,"True","False","False","Celebrating its first year of delighting millions of global players, the award-winning and best-selling strategy franchise continues with Age of Empires IV: Anniversary Edition, putting you at the center of even more epic historical battles that shaped the world.","Age of Empires IV: Yue Fei's Legacy|Age of Empires IV: Dynasties of the East|Age of Empires IV: Knights of Cross and Rose|Age of Empires IV:  The Sultans Ascend|Age of Empires IV: Digital Deluxe Upgrade Pack|Age of Empires IV - 4K HDR Video Pack","Strategy|RTS|Base Building|War|Multiplayer|Medieval|Singleplayer|Resource Management|City Builder|Historical|Action RTS|PvP|PvE|Co-op|3D|Management|Isometric|Open World|Online Co-Op|Mature","Strategy","English|French|Italian|German|Spanish - Spain|Japanese|Korean|Portuguese - Brazil|Russian|Simplified Chinese|Spanish - Latin America|Traditional Chinese|Turkish|Vietnamese|Czech|Danish|Dutch|Finnish|Greek|Hungarian|Norwegian|Polish|Portuguese - Portugal|Swedish|Hindi|Malay","https://store.steampowered.com/app/1466860/","https://store.steampowered.com/developer/AgeOfEmpires","https://store.steampowered.com/publisher/XboxGameStudios","2,000,000 .. 5,000,000",1.16666666666667,FALSE
1874880,"Arma Reforger","16 Nov, 2023","Bohemia Interactive","Bohemia Interactive",NA,NA,"Mostly Positive","Very Positive",39.99,NA,NA,24,13,1,"True","False","False","Engage in massive combined arms battles, create and curate combat missions in real time, and shape your experience with endless community mods. Deploy into the Cold War and experience the most authentic and immersive military sandbox ever created.","Arma Reforger - Refrogger Supporter Pack","Military|Simulation|Shooter|Realistic|Action|FPS|Strategy|Multiplayer|First-Person|Sandbox|War|Real Time Tactics|Tactical|Open World|Third Person|PvE|PvP|Singleplayer|Cold War|1980s","Action|Simulation|Strategy","English|French|Italian|German|Czech|Japanese|Korean|Polish|Portuguese - Brazil|Russian|Simplified Chinese|Spanish - Spain|Ukrainian","https://store.steampowered.com/app/1874880/","https://store.steampowered.com/developer/BohemiaInteractive","https://store.steampowered.com/publisher/BohemiaInteractive","200,000 .. 500,000",175,FALSE
1934680,"Age of Mythology: Retold","4 Sep, 2024","World's Edge","Xbox Game Studios",NA,315,"Very Positive","Very Positive",29.99,NA,NA,132,25,5,"True","False","False","Play as mythological Gods and smite your enemies in this award-winning, mythological Real-Time Strategy classic given new life. Wage war across timeless campaigns, fierce skirmishes, and god-powered multiplayer modes.","Age of Mythology: Retold - Expansion Pass|Age of Mythology: Retold - Obsidian Mirror|Age of Mythology: Retold - Heavenly Spear|Age of Mythology: Retold - Immortal Pillars|Age of Mythology: Retold - Legacy Deity Portrait Pack","Strategy|RTS|3D|Base Building|Story Rich|Mythology|Lore-Rich|Resource Management|Singleplayer|Fantasy|PvE|Top-Down|Level Editor|Multiplayer|Moddable|Action RTS|PvP|Co-op|Online Co-Op|Tutorial","Strategy","English|French|Italian|German|Spanish - Spain|Danish|Dutch|Finnish|Greek|Japanese|Korean|Norwegian|Polish|Portuguese - Brazil|Portuguese - Portugal|Russian|Simplified Chinese|Spanish - Latin America|Swedish|Thai|Traditional Chinese|Turkish|Vietnamese|Czech|Hungarian","https://store.steampowered.com/app/1934680/","https://store.steampowered.com/developer/AgeOfEmpires","https://store.steampowered.com/publisher/XboxGameStudios","500,000 .. 1,000,000",100.2,FALSE
3606480,"Call of Duty®: Black Ops 7","13 Nov, 2025","Treyarch","Activision",NA,226,"Mostly Negative","Mostly Negative",79.99,NA,NA,0,14,0,"False","False","False","In Call of Duty®: Black Ops 7, Treyarch and Raven Software are bringing players the biggest Black Ops ever across an innovative Co-Op Campaign, an electrifying Multiplayer experience, and the legendary Round-Based Zombies mode.","","FPS|Shooter|Action|Multiplayer|Singleplayer|Zombies|Violent|First-Person|Gore|PvP|Futuristic|Mature|Cinematic|Co-op|War|Military|Gun Customization|Online Co-Op|Psychological|PvE","Action","English|French|Italian|German|Spanish - Spain|Korean|Polish|Russian|Traditional Chinese|Japanese|Spanish - Latin America|Arabic|Simplified Chinese|Portuguese - Brazil","https://store.steampowered.com/app/3606480/","https://store.steampowered.com/developer/callofduty","https://store.steampowered.com/publisher/Activision","0 .. 20,000",6.66666666666667,FALSE
2456740,"inZOI","27 Mar, 2025","inZOI Studio","KRAFTON, Inc.",NA,590,"Mostly Positive","Mostly Positive",39.99,NA,NA,0,13,1,"False","False","False","""Every life becomes a story"" Create your unique story by controlling and observing the lives of 'Zois'. Customize characters and build houses using inZOI's easy-to-use tools to live the life of your dreams and experience the different emotions of life created by its deep and detailed simulation.","inZOI : Island Getaway","Life Sim|Character Customization|Simulation|Realistic|Singleplayer|Building|Family Friendly|Romance|Sandbox|Immersive Sim|Dating Sim|Modern|Cats|City Builder|Relaxing|Moddable|Sexual Content|Casual|Cute|Early Access","Adventure|Casual|Simulation|Early Access","English|Korean|French|Italian|German|Spanish - Spain|Russian|Japanese|Simplified Chinese|Traditional Chinese|Portuguese - Brazil|Portuguese - Portugal|Polish","https://store.steampowered.com/app/2456740/","https://store.steampowered.com/curator/45396442","https://store.steampowered.com/publisher/KRAFTON","1,000,000 .. 2,000,000",0.5,FALSE
2138330,"Cyberpunk 2077: Phantom Liberty","25 Sep, 2023","CD PROJEKT RED","CD PROJEKT RED",NA,220,"Very Positive","Very Positive",29.99,NA,NA,0,19,0,"False","True","False","","","RPG|Sexual Content|Open World|Cyberpunk|Story Rich|Nudity|Singleplayer|Violent|Gore|First-Person|Character Customization|Atmospheric|FPS|Choices Matter|Shooter|Action|Action RPG|Horror|Great Soundtrack|Stealth","RPG","English|French|Italian|German|Spanish - Spain|Arabic|Czech|Hungarian|Japanese|Korean|Polish|Portuguese - Brazil|Russian|Simplified Chinese|Spanish - Latin America|Thai|Traditional Chinese|Turkish|Ukrainian","https://store.steampowered.com/app/2138330/","https://store.steampowered.com/developer/CDPR","https://store.steampowered.com/publisher/CDPR","0 .. 20,000",6.66666666666667,FALSE
311210,"Call of Duty®: Black Ops III","5 Nov, 2015","Treyarch","Activision",NA,NA,"Very Positive","Very Positive",59.99,NA,NA,98,11,7,"False","False","False","Call of Duty®: Black Ops III Zombies Chronicles Edition includes the full base game plus the Zombies Chronicles content expansion.","Call of Duty®: Black Ops III - Zombies Chronicles|Call of Duty®: Black Ops III - Season Pass|Call of Duty®: Black Ops III - The Giant Zombies Map|Call of Duty®: Black Ops III - Der Eisendrache Zombies Map|Call of Duty®: Black Ops III - Zetsubou No Shima Zombies Map|Call of Duty®: Black Ops III - Gorod Krovi Zombies Map|Call of Duty®: Black Ops III - Revelations Zombies Map","Multiplayer|Zombies|FPS|Shooter|Action|First-Person|Singleplayer|Co-op|Futuristic|Illuminati|Hero Shooter|Robots|Sci-fi|Gore|Great Soundtrack|Story Rich|Atmospheric|Parkour|Quick-Time Events|Split Screen","Action|Adventure","English|French|Italian|German|Spanish - Spain|Simplified Chinese|Traditional Chinese|Japanese|Polish|Portuguese - Brazil|Russian","https://store.steampowered.com/app/311210/","https://store.steampowered.com/developer/callofduty","https://store.steampowered.com/publisher/Activision","5,000,000 .. 10,000,000",2.5,FALSE
534380,"Dying Light 2 Stay Human: Reloaded Edition","3 Feb, 2022","Techland","Techland",NA,NA,"Mostly Positive","Very Positive",59.99,14.99,75,65,17,13,"True","False","False","Humanity is fighting a losing battle against the virus. Experience a post-apocalyptic open world overrun by hordes of zombies, where your parkour and combat skills are key to survival. Traverse the City freely during the day, but watch the monsters take over during the night.","Dying Light 2 - 1500 DLP One-off Offer|Dying Light 2 Stay Human: G.R.E. Hazmat Bundle|Dying Light 2 Stay Human: Hakon Bundle|Dying Light 2 Stay Human: Rahim Bundle|Dying Light 2 Stay Human: Post-apo Bundle|Dying Light 2 Stay Human: Nightrunner Bundle|Dying Light 2 Stay Human: Rais Bundle|Dying Light 2 Stay Human: Brecken Bundle|Dying Light 2 Stay Human: Dying Laugh Bundle|Dying Light 2 Stay Human:  Chicken Bundle|Dying Light 2 Stay Human: Developer Tools|Dying Light 2 Stay Human: Goodies Pack—Arts|Dying Light 2 Stay Human: Gunslinger Bundle","Open World|Co-op|Zombies|Parkour|Multiplayer|Horror|Gore|Post-apocalyptic|Combat|Survival|First-Person|Exploration|Singleplayer|Action RPG|Action|Adventure|Action-Adventure|Violent|Multiple Endings|Choices Matter","Action|Adventure|RPG","English|French|Italian|German|Spanish - Spain|Korean|Polish|Portuguese - Brazil|Russian|Spanish - Latin America|Arabic|Czech|Japanese|Portuguese - Portugal|Simplified Chinese|Traditional Chinese|Turkish","https://store.steampowered.com/app/534380/","https://store.steampowered.com/developer/Techland","https://store.steampowered.com/publisher/Techland","5,000,000 .. 10,000,000",2.5,FALSE
1446780,"MONSTER HUNTER RISE","12 Jan, 2022","CAPCOM Co., Ltd.","CAPCOM Co., Ltd.",NA,558,"Very Positive","Very Positive",39.99,7.99,80,100,14,200,"False","False","False","Rise to the challenge and join the hunt! In Monster Hunter Rise, the latest installment in the award-winning and top-selling Monster Hunter series, you’ll become a hunter, explore brand new maps and use a variety of weapons to take down fearsome monsters as part of an all-new storyline.","Monster Hunter Rise: Sunbreak|Monster Hunter Rise: Sunbreak Deluxe Kit|MONSTER HUNTER RISE Deluxe Kit|Monster Hunter Rise - ""Wild Head"" Hunter layered armor piece|Monster Hunter Rise - ""Wild Body"" Hunter layered armor piece|Monster Hunter Rise - ""Wild Arms"" Hunter layered armor piece|Monster Hunter Rise - ""Wild Waist"" Hunter layered armor piece|Monster Hunter Rise - ""Wild Legs"" Hunter layered armor piece|Monster Hunter Rise - ""Rondine"" Hunter layered armor set|Monster Hunter Rise - ""Mechanical"" face paint|Monster Hunter Rise - ""Risen"" face paint|Monster Hunter Rise - ""Bahari Locks"" hairstyle|Monster Hunter Rise - ""Asymmetric Cut"" hairstyle|Monster Hunter Rise - Hunter Voice: Oboro|Monster Hunter Rise - Hunter Voice: Jae|Monster Hunter Rise - ""Stage & Title Music: Chill Version"" BGM|Monster Hunter Rise - ""Special Stickers 14"" sticker set|Monster Hunter Rise - ""Lance Gunn"" Hunter layered armor set|Monster Hunter Rise - ""Ran Page"" Hunter layered armor set|Monster Hunter Rise - ""Minoto"" Hunter layered armor set|Monster Hunter Rise - ""Kit T."" Palico layered armor set|Monster Hunter Rise - ""Pup R."" Palamute layered armor set|Monster Hunter Rise - ""Model Walk"" gesture set|Monster Hunter Rise - Musical Pose Set|Monster Hunter Rise - ""Palico"" makeup|Monster Hunter Rise - ""Cohoot"" face paint|Monster Hunter Rise - ""Jae Cut"" hairstyle|Monster Hunter Rise - ""Elegant"" hairstyle|Monster Hunter Rise - Hunter Voice: Minayle|Monster Hunter Rise - Hunter Voice: Tadori|Monster Hunter Rise - ""Monster & Stage Music: Chiptune Version"" BGM|Monster Hunter Rise - ""Special Stickers 13"" sticker set|Monster Hunter Rise - ""Velkhana Costume"" Palamute layered armor set|Monster Hunter Rise - ""Fluffy Fur Hat"" Hunter layered armor piece|Monster Hunter Rise - ""Fluffy Fur Robe"" Hunter layered armor piece|Monster Hunter Rise - ""Fluffy Fur Gloves"" Hunter layered armor piece|Monster Hunter Rise - ""Fluffy Fur Belt"" Hunter layered armor piece|Monster Hunter Rise - ""Fluffy Fur Boots"" Hunter layered armor piece|Monster Hunter Rise - ""Hinoa"" Hunter layered armor set|Monster Hunter Rise - ""Felyne Fluffy Fur"" Palico layered armor set|Monster Hunter Rise - ""Canyne Fluffy Fur"" Palamute layered armor set|Monster Hunter Rise - ""Wild & Elegant"" gesture set|Monster Hunter Rise - ""Attack"" Pose Set 2|Monster Hunter Rise - ""High-brows"" makeup|Monster Hunter Rise - ""Mizutsune"" face paint|Monster Hunter Rise - ""Princely Tail"" hairstyle|Monster Hunter Rise - ""Princess Curls"" hairstyle|Monster Hunter Rise - Hunter Voice: Kagami|Monster Hunter Rise - Hunter Voice: Chichae|Monster Hunter Rise - Hunter Voice: Bahari|Monster Hunter Rise - ""Proof of a Hero & Monster Music: Various Arrangements"" BGM|Monster Hunter Rise - ""Special Stickers 12"" sticker set|Monster Hunter Rise - ""Stuffed Rathalos"" Hunter layered weapon (Great Sword)|Monster Hunter Rise - ""Stuffed Nargacuga"" Hunter layered weapon (Long Sword)|Monster Hunter Rise - ""Stuffed Zinogre"" Hunter layered weapon (Sword & Shield)|Monster Hunter Rise - ""Stuffed Goss Harag"" Hunter layered weapon (Dual Blades)|Monster Hunter Rise - ""Stuffed Malzeno"" Hunter layered weapon (Lance)|Monster Hunter Rise - ""Stuffed Magnamalo"" Hunter layered weapon (Gunlance)|Monster Hunter Rise - ""Stuffed Diablos"" Hunter layered weapon (Hammer)|Monster Hunter Rise - ""Stuffed Tigrex"" Hunter layered weapon (Hunting Horn)|Monster Hunter Rise - ""Stuffed Lunagaron"" Hunter layered weapon (Switch Axe)|Monster Hunter Rise - ""Stuffed Garangolm"" Hunter layered weapon (Charge Blade)|Monster Hunter Rise - ""Stuffed Rakna-Kadaki"" Hunter layered weapon (Insect Glaive)|Monster Hunter Rise - ""Stuffed Khezu"" Hunter layered weapon (Light Bowgun)|Monster Hunter Rise - ""Stuffed Mizutsune"" Hunter layered weapon (Heavy Bowgun)|Monster Hunter Rise - ""Stuffed Rajang"" Hunter layered weapon (Bow)|Monster Hunter Rise - ""Fall Scarf"" Hunter layered Armor Piece|Monster Hunter Rise - ""Fall Jacket"" Hunter layered Armor Piece|Monster Hunter Rise - ""Fall Sleeves"" Hunter layered Armor Piece|Monster Hunter Rise - ""Fall Waist"" Hunter layered Armor Piece|Monster Hunter Rise - ""Fall Pants"" Hunter layered Armor Piece|Monster Hunter Rise - ""Arlow"" Hunter layered armor set|Monster Hunter Rise - ""Felyne Fall"" Palico Layered Armor Set|Monster Hunter Rise - ""Canyne Fall"" Palamute Layered Armor Set|Monster Hunter Rise - ""Acrobat"" gesture set|Monster Hunter Rise - ""Unique"" Pose Set|Monster Hunter Rise - ""Ghost"" face paint|Monster Hunter Rise - ""Wide Eyeline"" makeup|Monster Hunter Rise - ""Arlow Dreads"" hairstyle|Monster Hunter Rise - ""Fluffy Long"" hairstyle|Monster Hunter Rise - Hunter Voice: Luchika|Monster Hunter Rise - Hunter Voice: Arlow|Monster Hunter Rise - ""Monster & Elgado Music: Jazz Version"" BGM|Monster Hunter Rise - ""Special Stickers 11"" sticker set|Monster Hunter Rise - ""Lost Code: Asca"" Hunter layered weapon (Great Sword)|Monster Hunter Rise - ""Lost Code: Kiri"" Hunter layered weapon (Long Sword)|Monster Hunter Rise - ""Lost Code: Carnhan"" Hunter layered weapon (Sword & Shield)|Monster Hunter Rise - ""Lost Code: Rah"" Hunter layered weapon (Dual Blades)|Monster Hunter Rise - ""Lost Code: Mia"" Hunter layered weapon (Lance)|Monster Hunter Rise - ""Lost Code: Nir"" Hunter layered weapon (Gunlance)|Monster Hunter Rise - ""Lost Code: Mjo"" Hunter layered weapon (Hammer)|Monster Hunter Rise - ""Lost Code: Alos"" Hunter layered weapon (Hunting Horn)|Monster Hunter Rise - ""Lost Code: Labr"" Hunter layered weapon (Switch Axe)|Monster Hunter Rise - ""Lost Code: Sara"" Hunter layered weapon (Charge Blade)|Monster Hunter Rise - ""Lost Code: Telth"" Hunter layered weapon (Insect Glaive)|Monster Hunter Rise - ""Lost Code: Kera"" Hunter layered weapon (Light Bowgun)|Monster Hunter Rise - ""Lost Code: Jura"" Hunter layered weapon (Heavy Bowgun)|Monster Hunter Rise - ""Lost Code: Iru"" Hunter layered weapon (Bow)|Monster Hunter Rise - ""Summer Hat"" Hunter layered armor piece|Monster Hunter Rise - ""Summer Top"" Hunter layered armor piece|Monster Hunter Rise - ""Summer Bracelets"" Hunter layered armor piece|Monster Hunter Rise - ""Summer Belt"" Hunter layered armor piece|Monster Hunter Rise - ""Summer Pants"" Hunter layered armor piece|Monster Hunter Rise - ""Fiorayne"" Hunter layered armor set|Monster Hunter Rise - ""Utsushi"" Hunter layered armor set|Monster Hunter Rise - ""F Summer"" Palico layered armor set|Monster Hunter Rise - ""C Summer"" Palamute layered armor set|Monster Hunter Rise - ""For the Fans"" gesture set|Monster Hunter Rise - ""MC"" Pose Set|Monster Hunter Rise - ""Malzeno Menace"" face paint|Monster Hunter Rise - ""Single Stroke Cheek"" makeup|Monster Hunter Rise - ""Spiribird Edge"" hairstyle|Monster Hunter Rise - ""Fiorayne Short"" hairstyle|Monster Hunter Rise - Hunter Voice: Fiorayne|Monster Hunter Rise - Hunter Voice: Galleus|Monster Hunter Rise - ""Monster & Title Music: Piano Version"" BGM|Monster Hunter Rise - ""Monster Hunter Series Bases Pt. 2"" BGM|Monster Hunter Rise - ""Special Stickers 10"" sticker set|Monster Hunter Rise - ""Relunea Glasses"" Hunter layered armor piece|Monster Hunter Rise - ""Relunea Jacket"" Hunter layered armor piece|Monster Hunter Rise - ""Relunea Bottoms"" Hunter layered armor piece|Monster Hunter Rise - ""F Academic"" Palico layered armor set|Monster Hunter Rise - ""C Academic"" Palamute layered armor set|Monster Hunter Rise - ""Graceful Dance"" gesture set|Monster Hunter Rise - ""Chase"" pose set|Monster Hunter Rise - ""Wild Pompadour"" hairstyle|Monster Hunter Rise - ""Braided"" hairstyle|Monster Hunter Rise - ""Fierce Eyes"" face paint|Monster Hunter Rise - ""Pawprint"" face paint|Monster Hunter Rise - ""Special Stickers 9"" sticker set|Monster Hunter Rise - One Character Edit Voucher (Batch 2)|Monster Hunter Rise - Two Character Edit Vouchers (Batch 2)|Monster Hunter Rise - Three Character Edit Vouchers (Batch 2)|Monster Hunter Rise - ""Kamura Cloak Garb"" Hunter layered armor piece|Monster Hunter Rise - ""Kamura Cloak Braces"" Hunter layered armor piece|Monster Hunter Rise - ""Topknot Soul"" hairstyle|Monster Hunter Rise - Hunter Voice: Royal Pain|Monster Hunter Rise - Hunter Voice: Mood Swings|Monster Hunter Rise - ""Felyne Stealth Hood"" Hunter layered armor piece|Monster Hunter Rise - ""Pretty Present"" Cohoot outfit|Monster Hunter Rise - ""Special Stickers 8"" sticker set|Monster Hunter Rise - ""Reverent Wrap"" Hunter layered armor piece|Monster Hunter Rise - ""Bow Necklace"" Hunter layered armor piece|Monster Hunter Rise - ""Leather Choker"" Hunter layered armor piece|Monster Hunter Rise - ""Benevolent Bandage"" Hunter layered armor piece|Monster Hunter Rise - ""Frilled Choker"" Hunter layered armor piece|Monster Hunter Rise - ""Hinoa Long"" hairstyle|Monster Hunter Rise - ""Minoto Long"" hairstyle|Monster Hunter Rise - ""Monster Music: Rock Version"" BGM|MONSTER HUNTER RISE - ""Gorgeous Earrings"" Hunter layered armor piece|MONSTER HUNTER RISE - ""Spiribird Earrings"" Hunter layered armor piece|MONSTER HUNTER RISE - ""Woofpurr Earrings"" Hunter layered armor piece|MONSTER HUNTER RISE - ""Bunny Dango Earrings"" Hunter layered armor piece|MONSTER HUNTER RISE - ""Kunai Earrings"" Hunter layered armor piece|MONSTER HUNTER RISE - ""Reindeer Party"" Cohoot outfit|MONSTER HUNTER RISE - ""Special Stickers 7"" sticker set|MONSTER HUNTER RISE - ""Bombadgy Mask"" Hunter layered armor piece|MONSTER HUNTER RISE - ""Royal Dreads"" hairstyle|MONSTER HUNTER RISE - ""Utsushi Cut"" hairstyle|MONSTER HUNTER RISE - ""DLC 15"" hairstyle|MONSTER HUNTER RISE - ""DLC 16"" hairstyle|MONSTER HUNTER RISE - ""DLC 17"" hairstyle|MONSTER HUNTER RISE - Hunter Voice: Big Bro|MONSTER HUNTER RISE - Hunter Voice: Cool Girl|MONSTER HUNTER RISE - ""Special Stickers 6"" Sticker set|MONSTER HUNTER RISE - ""Special Stickers 5"" Sticker set|MONSTER HUNTER RISE - ""Special Stickers 4"" Sticker set|MONSTER HUNTER RISE - ""Floral Mask"" Hunter layered armor piece|MONSTER HUNTER RISE - ""Floral Yukata"" Hunter layered armor piece|MONSTER HUNTER RISE - ""Floral Sleeves"" Hunter layered armor piece|MONSTER HUNTER RISE - ""Floral Zori"" Hunter layered armor piece|MONSTER HUNTER RISE - ""F Floral Yukata"" Palico layered armor piece|MONSTER HUNTER RISE - ""C Floral Yukata"" Palamute layered armor piece|MONSTER HUNTER RISE - ""Traditional Dance"" gesture set|MONSTER HUNTER RISE - ""Cursed Flame"" face paint|MONSTER HUNTER RISE - ""Third Eye"" face paint|MONSTER HUNTER RISE - ""Bob with Hairband"" hairstyle|MONSTER HUNTER RISE - Hunter Voice: Kagero the Merchant|MONSTER HUNTER RISE - Hunter Voice: Rondine the Trader|MONSTER HUNTER RISE - ""Kamura Village: Summer Remix"" BGM|MONSTER HUNTER RISE - ""Summery Sailor"" Cohoot outfit|MONSTER HUNTER RISE - ""Puffy Penguin"" Cohoot outfit|MONSTER HUNTER RISE - ""Special Stickers 3"" Sticker set|MONSTER HUNTER RISE - ""Felyne Ears"" Hunter layered armor piece|MONSTER HUNTER RISE - ""Felyne Tail"" Hunter layered armor piece|MONSTER HUNTER RISE - ""Canyne Mask"" Hunter layered armor piece|MONSTER HUNTER RISE - ""Canyne Tail"" Hunter layered armor piece|MONSTER HUNTER RISE - ""Canyne Mask"" Palico layered armor piece|MONSTER HUNTER RISE - ""Felyne Mask"" Palamute layered armor piece|MONSTER HUNTER RISE - ""Hide"" Pose Set|MONSTER HUNTER RISE - ""Using the Wall"" Pose Set|MONSTER HUNTER RISE - ""Stitches"" face paint|MONSTER HUNTER RISE - ""Cheek Tusk"" face paint|MONSTER HUNTER RISE - ""Delicate Beauty"" hairstyle|MONSTER HUNTER RISE - ""Noble Short"" hairstyle|MONSTER HUNTER RISE - Hunter Voice: Buddy Handler Iori|MONSTER HUNTER RISE - Hunter Voice: Yomogi the Chef|MONSTER HUNTER RISE - ""Monster Hunter Series Bases"" BGM|MONSTER HUNTER RISE - ""Monster Music: Dance Version"" BGM|MONSTER HUNTER RISE - ""Out on the Hunt"" Cohoot outfit","Action|Online Co-Op|Hunting|RPG|Character Customization|Multiplayer|Action RPG|Co-op|Singleplayer|Third Person|JRPG|PvE|Fantasy|Anime|Dragons|3D|Nature|Open World|Atmospheric|Ninja","Action","English|French|Italian|German|Spanish - Spain|Arabic|Japanese|Korean|Polish|Portuguese - Brazil|Russian|Simplified Chinese|Traditional Chinese|Spanish - Latin America","https://store.steampowered.com/app/1446780/","https://store.steampowered.com/developer/capcom","https://store.steampowered.com/publisher/capcom","5,000,000 .. 10,000,000",2.5,FALSE
244210,"Assetto Corsa","19 Dec, 2014","Kunos Simulazioni","Kunos Simulazioni",NA,NA,"Very Positive","Very Positive",19.99,NA,NA,709,4,11,"False","False","False","Assetto Corsa v1.16 introduces the new ""Laguna Seca"" laser-scanned track, 7 new cars among which the eagerly awaited Alfa Romeo Giulia Quadrifoglio! Check the changelog for further info!","Assetto Corsa - Ferrari 70th Anniversary Pack|Assetto Corsa - Porsche Pack II|Assetto Corsa - Porsche Pack III|Assetto Corsa - Dream Pack 1|Assetto Corsa - Dream Pack 2|Assetto Corsa - Dream Pack 3|Assetto corsa - Japanese Pack|Assetto Corsa - Red Pack|Assetto Corsa -Tripl3 Pack|Assetto Corsa - Ready To Race Pack|Assetto Corsa - Porsche Pack I","Racing|Automobile Sim|Simulation|Multiplayer|Driving|VR|Realistic|Sports|Open World|Moddable|Controller|Singleplayer|Physics|First-Person|Replay Value|Indie|Action|3D Vision|TrackIR|Artificial Intelligence","Indie|Racing|Simulation|Sports","English|Italian|Simplified Chinese|Traditional Chinese","https://store.steampowered.com/app/244210/","https://store.steampowered.com/developer/505Games","https://store.steampowered.com/publisher/505Games","5,000,000 .. 10,000,000",2.5,TRUE
1371980,"No Rest for the Wicked","18 Apr, 2024","Moon Studios GmbH","Moon Studios GmbH",NA,NA,"Very Positive","Mostly Positive",39.99,NA,NA,0,12,0,"False","False","False","From Moon Studios, the award-winning creators of Ori and the Blind Forest and Ori and the Will of the Wisps, comes No Rest for the Wicked, a unique, visceral Action RPG set in a hand-crafted world with Souls-like combat. Featuring co-op for up to four players.","","Early Access|Action RPG|Online Co-Op|Souls-like|Hack and Slash|Combat|Open World|Exploration|RPG|Cinematic|Isometric|Character Customization|Colorful|Controller|3D|Action|Immersive Sim|Dark Fantasy|Stylized|Atmospheric","Action|Adventure|RPG|Early Access","English|French|Italian|German|Spanish - Spain|Japanese|Korean|Polish|Portuguese - Brazil|Simplified Chinese|Traditional Chinese|Russian","https://store.steampowered.com/app/1371980/","https://store.steampowered.com/developer/moonstudios","https://store.steampowered.com/publisher/moonstudios","2,000,000 .. 5,000,000",1.16666666666667,FALSE
2852190,"Monster Hunter Stories 3: Twisted Reflection","12 Mar, 2026","CAPCOM Co., Ltd.","CAPCOM Co., Ltd.",NA,NA,"Very Positive","",69.99,NA,NA,52,14,18,"False","False","False","The third entry in the Monster Hunter Stories RPG series is here! Twin Rathalos, born in a twist of fate. Monster Hunter Stories is an RPG series set in the Monster Hunter world, where you can become a Rider, raising and bonding with your favorite monsters.","Monster Hunter Stories 3: Twisted Reflection - Monster Hair: Malzeno Bob|Monster Hunter Stories 3: Twisted Reflection - Monster Hair: Hellfire Tail|Monster Hunter Stories 3: Twisted Reflection - Monster Hair: Espinas Spikes|Monster Hunter Stories 3: Twisted Reflection - Monster Hair: Garangolm Nest|Monster Hunter Stories 3: Twisted Reflection - Monster Hair: Octolocks Princess|Monster Hunter Stories 3: Twisted Reflection - Monster Hair: Goss Hairagy|Monster Hunter Stories 3: Twisted Reflection - Layered Armor for Eleanor: Foreign Dancer|Monster Hunter Stories 3: Twisted Reflection - Layered Armor for Gaul: Fur-tive Five Leader|Monster Hunter Stories 3: Twisted Reflection - Layered Armor for Kora: Attendant's Attire|Monster Hunter Stories 3: Twisted Reflection - Layered Armor for Ogden: Summertime Ogden|Monster Hunter Stories 3: Twisted Reflection - Layered Armor for Thea: Canyne Ward|Monster Hunter Stories 3: Twisted Reflection - Rudy's Outfit: Shogun Rudy|Monster Hunter Stories 3: Twisted Reflection - Rudy's Outfit: Rudyzeno|Monster Hunter Stories 3: Twisted Reflection - Rudy's Outfit: Rudy's Arkbelt|Monster Hunter Stories 3: Twisted Reflection - Rudy's Outfit: Scintillating Armor|Monster Hunter Stories 3: Twisted Reflection - Rudy's Outfit: Relaxed-acabra|Monster Hunter Stories 3: Twisted Reflection - Layered Armor for Simon: Wind Wyvern's Friend|Monster Hunter Stories 3: Twisted Reflection - Accessory: Gold Circlet","RPG|Creature Collector|JRPG|Turn-Based Combat|Exploration|Cartoony|Adventure|Dragons|Character Customization|Singleplayer|Anime|Turn-Based|Story Rich|Open World|Multiplayer|Fantasy|Third Person|Cute|Co-op","Adventure|RPG","English|French|Italian|German|Spanish - Spain|Arabic|Japanese|Korean|Polish|Portuguese - Brazil|Russian|Simplified Chinese|Spanish - Latin America|Traditional Chinese","https://store.steampowered.com/app/2852190/","https://store.steampowered.com/developer/capcom","https://store.steampowered.com/publisher/capcom","0 .. 20,000",6.66666666666667,FALSE
2694490,"Path of Exile 2","6 Dec, 2024","Grinding Gear Games","Grinding Gear Games",NA,837,"Mostly Positive","Mostly Positive",27.75,NA,NA,0,9,9,"False","False","False","Path of Exile 2 is a next generation Action RPG from Grinding Gear Games, featuring co-op for up to six players. Set years after the original Path of Exile, you will return to the dark world of Wraeclast and seek to end the corruption that is spreading.","Path of Exile 2 - Path of Exile 2 Early Access Supporter Pack|Path of Exile 2 - Kalguuran Supporter Pack|Path of Exile 2 - Precursor Supporter Pack|Path of Exile 2 - Kalguuran Seafarer Supporter Pack|Path of Exile 2 - Awakened Precursor Supporter Pack|Path of Exile 2 - Kalguuran Captain Supporter Pack|Path of Exile 2 - Eternal Precursor Supporter Pack|Path of Exile 2 - Lord of Ogham Supporter Pack|Path of Exile 2 - King of the Faridun Supporter Pack","Action RPG|Hack and Slash|RPG|Isometric|MMORPG|Loot|Dark Fantasy|Souls-like|Action|Dungeon Crawler|Adventure|Multiplayer|Online Co-Op|Character Customization|Early Access|Inventory Management|Crafting|Dark|Horror|Singleplayer","Action|Adventure|Massively Multiplayer|RPG|Early Access","English|French|German|Spanish - Spain|Japanese|Korean|Portuguese - Brazil|Russian|Thai","https://store.steampowered.com/app/2694490/","https://store.steampowered.com/curator/3820485","https://store.steampowered.com/curator/3820485","20,000,000 .. 50,000,000",11.6666666666667,FALSE
2799860,"INAZUMA ELEVEN: Victory Road","13 Nov, 2025","LEVEL5 Inc.","LEVEL5 Inc.",NA,176,"Very Positive","Mostly Positive",69.99,NA,NA,52,9,1,"False","False","False","The latest entry in the character collection and football simulation RPG series, ""Inazuma Eleven!"" With an original story featuring new main characters, over 5,400 players from across the series' history to collect and train, as well as exciting online tournaments, you can play the game your way!","INAZUMA ELEVEN: Victory Road - Edition Upgrade (Deluxe)","Sports|Football (Soccer)|Anime|RPG|PvP|Collectathon|Competitive|Character Customization|3D|Story Rich|Action|Deckbuilding|Tactical|Drama|Singleplayer|Multiplayer|Emotional|JRPG|Immersive|Football (American)","RPG|Sports","English|French|Italian|German|Spanish - Spain|Portuguese - Brazil|Simplified Chinese|Traditional Chinese|Japanese","https://store.steampowered.com/app/2799860/","https://store.steampowered.com/developer/level5","https://store.steampowered.com/publisher/level5","0 .. 20,000",6.66666666666667,FALSE
1850570,"DEATH STRANDING DIRECTOR'S CUT","30 Mar, 2022","KOJIMA PRODUCTIONS"," 505 Games",NA,NA,"Very Positive","Very Positive",9.99,3.49,65,63,20,1,"False","False","False","From legendary game creator Hideo Kojima comes a genre-defying experience, now expanded in this definitive DIRECTOR’S CUT. As Sam Bridges, your mission is to deliver hope to humanity by connecting the last survivors of a decimated America. Can you reunite the shattered world, one step at a time?","DEATH STRANDING Digital Artbook","Story Rich|Open World|Walking Simulator|Atmospheric|Great Soundtrack|Cinematic|Post-apocalyptic|Adventure|Exploration|Singleplayer|Third Person|Action|Sci-fi|Horror|Action-Adventure|Relaxing|Stealth|Multiplayer|Third-Person Shooter|Combat","Action|Adventure","English|French|Italian|German|Spanish - Spain|Arabic|Czech|Dutch|Greek|Hungarian|Japanese|Korean|Polish|Portuguese - Portugal|Portuguese - Brazil|Russian|Simplified Chinese|Spanish - Latin America|Traditional Chinese|Turkish","https://store.steampowered.com/app/1850570/","https://store.steampowered.com/developer/kojima_productions","https://store.steampowered.com/publisher/505Games","1,000,000 .. 2,000,000",0.5,FALSE
4200750,"Call of Duty®: Black Ops 7 - BlackCell (Season 03)","2 Apr, 2026","Treyarch","Activision",36,NA,"Positive","",29.99,NA,NA,0,14,0,"False","True","False","","","Action|Gore|Violent","Action","English|French|Italian|German|Spanish - Spain|Korean|Polish|Russian|Traditional Chinese|Japanese|Spanish - Latin America|Arabic|Simplified Chinese|Portuguese - Brazil","https://store.steampowered.com/app/4200750/","","https://store.steampowered.com/publisher/Activision","0 .. 20,000",6.66666666666667,FALSE
1295660,"Sid Meier's Civilization VII","10 Feb, 2025","Firaxis Games","2K",NA,516,"Mixed","Mixed",69.99,41.99,40,37,12,8,"False","False","False","The award-winning strategy game franchise returns with a revolutionary new chapter. Sid Meier's Civilization® VII empowers you to build the greatest empire the world has ever known!","Sid Meier's Civilization® VII: Tides of Power Collection|Sid Meier's Civilization® VII: Right to Rule Collection|Sid Meier's Civilization® VII: Crossroads of the World Collection|Sid Meier's Civilization® VII: Tecumseh and Shawnee Pack|Sid Meier's Civilization® VII: Himiko (High Shaman) Persona|Sid Meier's Civilization® VII: Ashoka (World Conqueror) Persona|Sid Meier's Civilization® VII: Xerxes (The Achaemenid) Persona|Sid Meier's Civilization® VII: Friedrich (Baroque) Persona","Grand Strategy|Historical|4X|Military|Strategy|Simulation|Diplomacy|Multiplayer|City Builder|War|Economy|Turn-Based Tactics|Tactical|Turn-Based Strategy|Singleplayer|Alternate History|Hex Grid|Political Sim|Stylized|PvP","Simulation|Strategy","English|French|Italian|German|Spanish - Spain|Japanese|Korean|Polish|Portuguese - Brazil|Russian|Simplified Chinese|Traditional Chinese","https://store.steampowered.com/app/1295660/","","https://store.steampowered.com/publisher/2K","1,000,000 .. 2,000,000",0.5,FALSE
269210,"Hero Siege","29 Jan, 2014","Panic Art Studios Ltd","Panic Art Studios Ltd",NA,695,"Mixed","Mixed",7.79,2.64,66,112,8,7,"False","False","False","Hero Siege is a fast paced Pixel Art ARPG featuring an expansive roster of unique classes, deep build experimentation, and a player driven economy.","Hero Siege - Gates of Valhalla Collector's Edition (Expansion Set)|Hero Siege - Gates of Valhalla (Expansion Set)|Hero Siege - Bard (Class)|Hero Siege - Stormweaver|Hero Siege - Butcher Class|Hero Siege - Prophet (Class)|Hero Siege - Dark Thorn (Skin)","Action RPG|Pixel Graphics|Hack and Slash|Action Roguelike|RPG|Multiplayer|Co-op|Roguelike|Action|Indie|Adventure|Top-Down|2D|Local Co-Op|Roguelite|Bullet Hell|Fantasy|Difficult|Controller|Singleplayer","Action|Adventure|Indie|Massively Multiplayer|RPG","English|Finnish|Portuguese - Brazil|Russian|Simplified Chinese|Japanese|Korean|German","https://store.steampowered.com/app/269210/","","","1,000,000 .. 2,000,000",0.5,TRUE
1040200,"Crime Scene Cleaner","14 Aug, 2024","President Studio","President Studio",NA,NA,"Overwhelmingly Positive","Overwhelmingly Positive",24.5,17.88,27,80,16,1,"True","False","False","Once you get tangled with the mob, you will forever be a part of the mob. At least they pay a decent salary and all you have to do is clean up after their dirty work, but you know what you’re doing. So clean crime scenes, earn as much money as you can, and get ready for the next mission.","Crime Scene Cleaner - Biohazard","Simulation|Crime|Singleplayer|Gore|First-Person|Relaxing|Mature|Atmospheric|Action|Funny|Adventure|Realistic|Exploration|Life Sim|Indie|Violent|Walking Simulator|Stealth|Heist|Hacking","Action|Simulation","English|French|Italian|German|Spanish - Spain|Simplified Chinese|Polish|Russian|Portuguese - Brazil|Turkish|Japanese|Korean|Traditional Chinese|Czech|Dutch|Portuguese - Portugal","https://store.steampowered.com/app/1040200/","https://store.steampowered.com/developer/playway","https://store.steampowered.com/publisher/playway","500,000 .. 1,000,000",100.2,FALSE
1172620,"Sea of Thieves: 2025 Edition","3 Jun, 2020","Rare Ltd","Xbox Game Studios",NA,NA,"Very Positive","Mostly Positive",39.99,NA,NA,290,15,6,"False","False","False","Sea of Thieves is a smash-hit pirate adventure game, offering the quintessential pirate experience of plundering lost treasures, intense battles, vanquishing sea monsters and more. Dive in with this revised edition of the game, which includes access to digital bonus media.","Sea of Thieves: Athena's Fortune Audiobook|The Rough Guide to Sea of Thieves eBook|Sea of Thieves: 2025 Premium Bundle|Sea of Thieves: 2025 Deluxe Bundle|Sea of Thieves Original Soundtrack – 2025 Edition|Immerse Gamepack Sea of Thieves","Multiplayer|Open World|Adventure|Pirates|Co-op|Online Co-Op|PvP|Sailing|Action|First-Person|Exploration|Naval|PvE|Funny|Massively Multiplayer|FPS|Atmospheric|Singleplayer|Swordplay|Great Soundtrack","Action|Adventure","English|French|Italian|German|Spanish - Spain|Portuguese - Brazil|Russian|Simplified Chinese|Spanish - Latin America|Traditional Chinese|Korean|Polish|Japanese|Turkish|Thai","https://store.steampowered.com/app/1172620/","https://store.steampowered.com/developer/XboxGameStudios","https://store.steampowered.com/publisher/XboxGameStudios","5,000,000 .. 10,000,000",2.5,FALSE
2780810,"Euro Truck Simulator 2 - Nordic Horizons","27 Nov, 2025","SCS Software","SCS Software",NA,NA,"Very Positive","",17.99,16.19,10,0,25,0,"False","True","False","","","Simulation|Indie|Driving|Open World|Multiplayer|Transportation|Realistic|Singleplayer|Relaxing|Automobile Sim|Moddable","Indie|Simulation","English|German|French|Italian|Korean|Spanish - Spain|Simplified Chinese|Russian|Japanese|Portuguese - Portugal|Polish|Danish|Dutch|Finnish|Norwegian|Swedish|Hungarian|Czech|Romanian|Turkish|Portuguese - Brazil|Bulgarian|Greek|Ukrainian|Traditional Chinese","https://store.steampowered.com/app/2780810/","https://store.steampowered.com/developer/SCSsoftware","https://store.steampowered.com/publisher/SCSsoftware","0 .. 20,000",6.66666666666667,TRUE
1149460,"ICARUS","3 Dec, 2021","RocketWerkz","RocketWerkz",NA,NA,"Mostly Positive","Mostly Positive",33.99,NA,NA,170,10,20,"False","False","False","ICARUS is a solo or multiplayer PvE survival game. Explore a savage wilderness in the aftermath of terraforming gone wrong. Complete narrative quests as either Open World operations or Individual Missions. Explore, build, craft and hunt while seeking your fortune and prospecting for exotic matter.","Icarus: Dangerous Horizons Expansion|Icarus: Homestead Content Pack|Icarus: Great Hunts Campaigns|Icarus: New Frontiers Expansion|Icarus: Styx Expansion|Icarus: Pet Companions Pack|Icarus: Creature Comforts Pack|Icarus: Art Deco Furniture Pack|Icarus: Industrial Furniture Pack|Icarus: Interior Decorations Pack|Icarus: Aquatica Isle Outpost|Icarus: Frostfall Outpost|Icarus: Arcticus Outpost|Icarus: Cactus Outpost|Icarus: Holdfast Outpost|Icarus: Iceholm Outpost|Icarus: Tecton Outpost|Icarus: Everbark Outpost|Icarus: Zebra Rescue Mission|Icarus: Matariki Mission","Survival|Open World Survival Craft|Multiplayer|Base Building|Online Co-Op|Crafting|Open World|Exploration|Co-op|Building|PvE|First-Person|Space|Realistic|Sandbox|Third Person|Mining|Adventure|Nature|Science","Action|Adventure|Simulation","English|French|German|Portuguese - Brazil|Russian|Spanish - Latin America|Japanese|Korean|Simplified Chinese|Traditional Chinese","https://store.steampowered.com/app/1149460/","https://store.steampowered.com/developer/rocketwerkz","https://store.steampowered.com/publisher/rocketwerkz","500,000 .. 1,000,000",100.2,FALSE
261550,"Mount & Blade II: Bannerlord","25 Oct, 2022","TaleWorlds Entertainment","TaleWorlds Entertainment",NA,NA,"Very Positive","Very Positive",49.99,NA,NA,50,13,2,"True","False","False","A strategy/action RPG. Create a character, engage in diplomacy, craft, trade and conquer new lands in a vast medieval sandbox. Raise armies to lead into battle and command and fight alongside your troops in massive real-time battles using a deep but intuitive skill-based combat system.","Mount & Blade II: Bannerlord - War Sails|Mount & Blade II: Bannerlord Digital Companion","Medieval|Strategy|Open World|RPG|War|Multiplayer|Sandbox|Singleplayer|Action|Character Customization|Simulation|Moddable|Adventure|Horses|Realistic|Third Person|Historical|First-Person|Great Soundtrack|Early Access","Action|Indie|RPG|Simulation|Strategy","English|Simplified Chinese|Turkish|Traditional Chinese|French|Italian|Japanese|Korean|Polish|Portuguese - Brazil|Russian|Spanish - Latin America|German","https://store.steampowered.com/app/261550/","https://store.steampowered.com/developer/taleworlds","https://store.steampowered.com/publisher/taleworlds","10,000,000 .. 20,000,000",5,TRUE
2706020,"ALL WILL FALL","3 Apr, 2026","All Parts Connected","tinyBuild",490,NA,"Mostly Positive","",47.5,23.87,50,40,12,0,"True","False","False","Build massive ocean cities and lead your people to prosperity in this post-apocalyptic survival colony sim. Featuring a physics-based 3D construction system, complex resource management, exploration, difficult political decisions, supply chains, and a robust sandbox mode.","","Colony Sim|Base Building|Post-apocalyptic|Simulation|Open World Survival Craft|City Builder|Replay Value|Sandbox|Strategy|Political|Physics|Automation|Resource Management|Management|Building|Singleplayer|3D|Economy|Survival|Atmospheric","Indie|Simulation|Strategy","English|French|German|Spanish - Spain|Japanese|Korean|Portuguese - Brazil|Russian|Simplified Chinese|Polish|Thai|Ukrainian","https://store.steampowered.com/app/2706020/","https://store.steampowered.com/developer/APC","https://store.steampowered.com/publisher/tinybuild","0 .. 20,000",6.66666666666667,TRUE
2536520,"Diablo II: Resurrected – Infernal Edition","11 Feb, 2026","Blizzard Entertainment, Inc.","Blizzard Entertainment, Inc.",NA,800,"Very Positive","Very Positive",39.99,NA,NA,43,12,0,"False","False","False","Rediscover the dark fantasy classic that defined the modern ARPG genre; fully remastered with a new class, fresh content, quality‑of‑life upgrades, and an overhauled endgame. Chain brutal skill and item synergies, rise in power, and carve through Hell’s armies with up to eight players.","","Action|RPG|Action RPG|Hack and Slash|Strategy|Isometric|Dungeon Crawler|Action-Adventure|Dark Fantasy|Dark|Loot|Multiplayer|Singleplayer|Co-op|Party-Based RPG|Online Co-Op|Modern|3D|Co-op Campaign|Destruction","Action|RPG|Strategy","English|French|Italian|German|Spanish - Spain|Japanese|Korean|Polish|Portuguese - Brazil|Russian|Spanish - Latin America|Traditional Chinese","https://store.steampowered.com/app/2536520/","https://store.steampowered.com/developer/Blizzard","https://store.steampowered.com/publisher/Blizzard","0 .. 20,000",6.66666666666667,FALSE
220200,"Kerbal Space Program","27 Apr, 2015","Squad","Private Division",NA,NA,"Overwhelmingly Positive","Overwhelmingly Positive",36.99,NA,NA,0,9,2,"False","False","False","In Kerbal Space Program, take charge of the space program for the alien race known as the Kerbals. You have access to an array of parts to assemble fully-functional spacecraft that flies (or doesn’t) based on realistic aerodynamic and orbital physics.","Kerbal Space Program: Making History Expansion|Kerbal Space Program: Breaking Ground Expansion","Space|Simulation|Sandbox|Physics|Science|Space Sim|Building|Moddable|Education|Indie|Singleplayer|Open World|Exploration|Funny|Sci-fi|Difficult|Adventure|Strategy|Replay Value|Comedy","Indie|Simulation","English|Spanish - Spain|Simplified Chinese|Japanese|Russian|French|Italian|German|Portuguese - Brazil","https://store.steampowered.com/app/220200/","","","2,000,000 .. 5,000,000",1.16666666666667,TRUE
284160,"BeamNG.drive","29 May, 2015","BeamNG","BeamNG",NA,NA,"Overwhelmingly Positive","Overwhelmingly Positive",22.5,NA,NA,5,13,0,"False","False","False","A dynamic soft-body physics vehicle simulator capable of doing just about anything.","","Simulation|Driving|Physics|Realistic|Destruction|Automobile Sim|Sandbox|Open World|Racing|Multiplayer|Moddable|Singleplayer|Early Access|First-Person|VR|Third Person|Funny|Action|Adventure|Exploration","Racing|Simulation|Early Access","English|French|Japanese|Korean|Portuguese - Portugal|Portuguese - Brazil|Russian|Simplified Chinese|Spanish - Latin America|Traditional Chinese|Spanish - Spain|German|Polish","https://store.steampowered.com/app/284160/","https://store.steampowered.com/developer/beamng","https://store.steampowered.com/publisher/beamng","5,000,000 .. 10,000,000",2.5,FALSE
1766060,"HumanitZ","6 Feb, 2026","Yodubzz Studios","indie.io",NA,674,"Mostly Positive","Mostly Positive",18.49,11.09,40,23,10,0,"False","False","False","HumanitZ is an isometric, open-world sandbox survival game set in a world ended by a zombie outbreak. Survive alone or with friends by scavenging, crafting, building, and fighting to last as long as ‘humanly’ possible. You can’t change the past, but you can fight for the future of humanity.","","Survival|Zombies|Open World|Multiplayer|Base Building|Crafting|Sandbox|Isometric|Post-apocalyptic|Shooter|PvP|RPG|Online Co-Op|Singleplayer|Horror|Survival Horror|Action|Adventure|Combat|Open World Survival Craft","Action|Adventure|RPG","English|French|German|Spanish - Spain|Japanese|Korean|Portuguese - Brazil|Russian|Simplified Chinese|Italian","https://store.steampowered.com/app/1766060/","","https://store.steampowered.com/publisher/indieio","200,000 .. 500,000",175,FALSE
1142710,"Total War: WARHAMMER III","16 Feb, 2022","CREATIVE ASSEMBLY","SEGA",NA,848,"Mostly Positive","Very Positive",59.99,NA,NA,138,13,32,"False","False","False","The cataclysmic conclusion to the Total War: WARHAMMER trilogy is here. Rally your forces and step into the Realm of Chaos, a dimension of mind-bending horror where the very fate of the world will be decided. Will you conquer your Daemons… or command them?","Total War: WARHAMMER III UPGRADE PACK|Total War: WARHAMMER III - Sayl – Tides of Torment|Total War: WARHAMMER III - Aislinn – Tides of Torment|Total War: WARHAMMER III - Dechala – Tides of Torment|Total War: WARHAMMER III - The Changeling – Shadows of Change|Total War: WARHAMMER III - Yuan Bo – Shadows of Change|Total War: WARHAMMER III - Mother Ostankya – Shadows of Change|Total War: WARHAMMER III - Gorbad – Omens of Destruction|Total War: WARHAMMER III - Golgfag – Omens of Destruction|Total War: WARHAMMER III - Skulltaker – Omens of Destruction|Total War: WARHAMMER III - Elspeth – Thrones of Decay|Total War: WARHAMMER III - Malakai – Thrones of Decay|Total War: WARHAMMER III - Tamurkhan – Thrones of Decay|Total War: WARHAMMER III - Forge of the Chaos Dwarfs|Total War: WARHAMMER III - Champions of Chaos|Total War: WARHAMMER III - Blood for the Blood God III|Total War: WARHAMMER III - Ogre Kingdoms|Total War: WARHAMMER II - The Silence & The Fury|Total War: WARHAMMER II - The Twisted & The Twilight|Total War: WARHAMMER II - The Warden & The Paunch|Total War: WARHAMMER II - The Shadow & The Blade|Total War: WARHAMMER II - The Hunter & The Beast|Total War: WARHAMMER II - The Prophet & The Warlock|Total War: WARHAMMER II - Curse of the Vampire Coast|Total War: WARHAMMER II - The Queen & The Crone|Total War: WARHAMMER II - Rise of the Tomb Kings|Total War: WARHAMMER - Norsca|Total War: WARHAMMER - Realm of The Wood Elves|Total War: WARHAMMER - The King and the Warlord|Total War: WARHAMMER - The Grim and the Grave|Total War: WARHAMMER - Call of the Beastmen|Total War: WARHAMMER - Chaos Warriors","Strategy|Turn-Based Strategy|Grand Strategy|RTS|Fantasy|Real Time Tactics|War|Dark Fantasy|Action|Dwarf|Tactical|Games Workshop|Atmospheric|Multiplayer|Co-op|Colorful|PvP|Singleplayer|Online Co-Op|Story Rich","Action|Strategy","English|French|Italian|German|Spanish - Spain|Czech|Korean|Polish|Portuguese - Brazil|Russian|Simplified Chinese|Traditional Chinese|Turkish","https://store.steampowered.com/app/1142710/","","https://store.steampowered.com/publisher/Sega","2,000,000 .. 5,000,000",1.16666666666667,FALSE
2294660,"The Quinfall","6 Feb, 2026","Vawraek Technology Inc.","Vawraek Technology Inc.",NA,910,"Mixed","Mixed",9.75,NA,NA,81,13,0,"False","False","False","Embark on an adventurous journey to explore the Quinfall universe. Be a part of unique battles and an immersive story with dozens of different professions in the depths of medieval times in an all-new MMORPG experience.","","Massively Multiplayer|MMORPG|Open World|RPG|Character Customization|Medieval|Multiplayer|Adventure|Action RPG|PvP|PvE|Hunting|Cooking|Building|Fishing|Crafting|Mining|Naval|Agriculture|Magic","Massively Multiplayer","English|French|Italian|German|Spanish - Spain|Russian|Turkish|Japanese|Portuguese - Brazil|Polish|Ukrainian|Korean|Simplified Chinese","https://store.steampowered.com/app/2294660/","","","200,000 .. 500,000",175,FALSE
4100940,"Poppy Playtime - Chapter 5","18 Feb, 2026","Mob Entertainment","Mob Entertainment",NA,824,"Mostly Positive","Very Positive",19.5,NA,NA,0,11,0,"False","True","False","","","Horror|Singleplayer|Puzzle|First-Person|Survival Horror|Dark|Mystery|Psychological Horror|Survival|Indie|Atmospheric|Adventure|Lore-Rich|Action|Thriller|1980s|Cartoony|Action-Adventure|Physics|Jump Scare","Action|Adventure|Indie","English|French|Italian|German|Portuguese - Brazil|Russian|Spanish - Latin America|Japanese|Korean|Spanish - Spain|Simplified Chinese","https://store.steampowered.com/app/4100940/","","","0 .. 20,000",6.66666666666667,TRUE
703080,"Planet Zoo","5 Nov, 2019","Frontier Developments","Frontier Developments",NA,438,"Very Positive","Very Positive",44.99,11.24,75,38,18,22,"False","False","False","Build a world for wildlife in Planet Zoo. From the developers of Planet Coaster and Zoo Tycoon comes the ultimate zoo sim. Construct detailed habitats, manage your zoo, and meet authentic living animals who think, feel and explore the world you create around them.","Planet Zoo: Asia Animal Pack|Planet Zoo: Americas Animal Pack|Planet Zoo: Zookeepers Animal Pack|Planet Zoo: Barnyard Animal Pack|Planet Zoo: Eurasia Animal Pack|Planet Zoo: Oceania Pack|Planet Zoo: Arid Animal Pack|Planet Zoo: Tropical Pack|Planet Zoo: Grasslands Animal Pack|Planet Zoo: Twilight Pack|Planet Zoo: Conservation Pack|Planet Zoo: Wetlands Animal Pack|Planet Zoo: Europe Pack|Planet Zoo: North America Animal Pack|Planet Zoo: Africa Pack|Planet Zoo: Southeast Asia Animal Pack|Planet Zoo: Aquatic Pack|Planet Zoo: Australia Pack|Planet Zoo: South America Pack|Planet Zoo: Arctic Pack|Planet Zoo: Deluxe Upgrade Pack|You, me & Other Animals: The music of Planet Zoo","Management|Simulation|Building|Sandbox|Nature|City Builder|Economy|Realistic|Singleplayer|Family Friendly|Cute|Resource Management|Strategy|Multiplayer|Great Soundtrack|Relaxing|Open World|Casual|Funny|Horses","Casual|Simulation|Strategy","English|French|German|Spanish - Spain|Japanese|Korean|Portuguese - Brazil|Simplified Chinese|Traditional Chinese|Italian|Czech|Danish|Dutch|Norwegian|Polish|Russian|Spanish - Latin America|Swedish","https://store.steampowered.com/app/703080/","https://store.steampowered.com/developer/FrontierDevelopments","https://store.steampowered.com/publisher/FrontierDevelopments","2,000,000 .. 5,000,000",1.16666666666667,FALSE
1145350,"Hades II","25 Sep, 2025","Supergiant Games","Supergiant Games",NA,NA,"Overwhelmingly Positive","Overwhelmingly Positive",28.99,NA,NA,50,15,0,"True","False","False","Battle beyond the Underworld using dark sorcery to take on the Titan of Time in this bewitching sequel to the award-winning rogue-like dungeon crawler.","","Action|Roguelike|Roguelite|Hack and Slash|Mythology|Action Roguelike|RPG|Female Protagonist|Dungeon Crawler|Action RPG|Isometric|Story Rich|Indie|Singleplayer|Hand-drawn|Atmospheric|Souls-like|Difficult|LGBTQ+|Perma Death","Action|Indie|RPG","English|French|Italian|German|Spanish - Spain|Greek|Japanese|Korean|Polish|Portuguese - Brazil|Russian|Simplified Chinese|Traditional Chinese|Turkish|Ukrainian","https://store.steampowered.com/app/1145350/","https://store.steampowered.com/developer/supergiantgames","https://store.steampowered.com/publisher/supergiantgames","2,000,000 .. 5,000,000",1.16666666666667,TRUE
1372110,"JoJo's Bizarre Adventure: All-Star Battle R","1 Sep, 2022","CyberConnect2 Co. Ltd.","Bandai Namco Entertainment",NA,548,"Very Positive","Very Positive",49.99,9.99,80,46,9,10,"False","False","False","Hirohiko Araki's masterpiece, brought to life as a fighting game! Battle with 50 colorful characters, wielding Stands, Hamon, and more! See how characters who could never meet in the story interact when they come face to face!","JoJo's Bizarre Adventure: All-Star Battle R Season Pass 2|JoJo's Bizarre Adventure: All-Star Battle R - Wonder of U|JoJo's Bizarre Adventure: All-Star Battle R - Yuya Fungami|JoJo's Bizarre Adventure: All-Star Battle R - Leone Abbacchio|JoJo's Bizarre Adventure: All-Star Battle R Season Pass|JoJo's Bizarre Adventure: All-Star Battle R - Alternate World Diego DLC|JoJo's Bizarre Adventure: All-Star Battle R - Keicho Nijimura DLC|JoJo's Bizarre Adventure: All-Star Battle R - Rudol von Stroheim DLC|JoJo's Bizarre Adventure: All-Star Battle R - Risotto Nero DLC|JoJo's Bizarre Adventure: All-Star Battle R Jolyne Cujoh Costume Green Dolphin Street State Prison Jacket","Anime|Action|Fighting|PvP|Multiplayer|3D Fighter|2D Fighter|Memes|Great Soundtrack|Colorful|2D|3D|Violent|Story Rich|Local Co-Op|2.5D|Arcade|Controller|2D Platformer|Nudity","Action","English|French|Italian|German|Spanish - Spain|Simplified Chinese|Traditional Chinese|Japanese|Korean","https://store.steampowered.com/app/1372110/","https://store.steampowered.com/developer/BANDAINAMCO","https://store.steampowered.com/publisher/BANDAINAMCO","200,000 .. 500,000",175,FALSE
2358720,"Black Myth: Wukong","19 Aug, 2024","Game Science","Game Science",NA,NA,"Overwhelmingly Positive","Very Positive",59.99,NA,NA,81,15,2,"False","False","False","Black Myth: Wukong is an action RPG rooted in Chinese mythology. You shall set out as the Destined One to venture into the challenges and marvels ahead, to uncover the obscured truth beneath the veil of a glorious legend from the past.","Black Myth: Wukong Deluxe Edition Upgrade|Black Myth: Wukong Soundtrack Selection","Mythology|Action RPG|Action|Souls-like|RPG|Combat|Story Rich|Singleplayer|Action-Adventure|Drama|Dark Fantasy|Atmospheric|Adventure|3D|Fantasy|Hack and Slash|Difficult|Third Person|Music|Violent","Action|Adventure|RPG","English|French|German|Spanish - Spain|Japanese|Korean|Polish|Portuguese - Brazil|Russian|Simplified Chinese|Traditional Chinese|Italian|Turkish|Thai|Czech","https://store.steampowered.com/app/2358720/","","","50,000,000 .. 100,000,000",25,FALSE
3834090,"YAPYAP","3 Feb, 2026","Maison Bap","Maison Bap",NA,NA,"Very Positive","Very Positive",9.75,NA,NA,0,16,0,"True","False","False","A magic-themed co-op horror game where you and up to 5 friends are minions summoned by a wizard to break into their rival's towers to cause mayhem. Try to fufill your vandalism target with an assortment of spells while avoiding magical beasts and monsters that protect the tower.","","Online Co-Op|Multiplayer|Comedy|Magic|Horror|Physics|Dark Fantasy|Survival Horror|Procedural Generation|First-Person|Dungeon Crawler|Action|Exploration|Funny|Stealth|Co-op|Stylized|Action Roguelike|Fantasy|PvE","Action","English|French|Italian|German|Spanish - Spain|Japanese|Korean|Polish|Portuguese - Brazil|Portuguese - Portugal|Russian|Simplified Chinese|Spanish - Latin America|Traditional Chinese|Turkish|Ukrainian","https://store.steampowered.com/app/3834090/","https://store.steampowered.com/developer/maisonbap","https://store.steampowered.com/publisher/maisonbap","0 .. 20,000",6.66666666666667,FALSE
2668510,"Red Dead Redemption","29 Oct, 2024","Rockstar Games","Rockstar Games",NA,831,"Very Positive","Very Positive",68.19,40.28,41,51,13,0,"False","False","False","Experience the story of former outlaw John Marston as he tracks down the last remaining members of the notorious Van der Linde Gang in the PC debut of the critically acclaimed predecessor to Red Dead Redemption 2.","","Open World|Western|Story Rich|Singleplayer|Action|Zombies|Action-Adventure|Third-Person Shooter|Atmospheric|Adventure|Great Soundtrack|Shooter|Third Person|3D|Sexual Content|Classic|Narration|Gore|Blood|Nudity","Action","English|French|Italian|German|Spanish - Spain|Korean|Russian|Simplified Chinese|Spanish - Latin America|Traditional Chinese|Japanese|Polish|Portuguese - Brazil","https://store.steampowered.com/app/2668510/","https://store.steampowered.com/developer/rockstargames","https://store.steampowered.com/publisher/rockstargames","200,000 .. 500,000",175,FALSE
1903340,"Clair Obscur: Expedition 33","24 Apr, 2025","Sandfall Interactive","Kepler Interactive",NA,NA,"Overwhelmingly Positive","Very Positive",49.99,NA,NA,55,19,3,"True","False","False","Lead the members of Expedition 33 on their quest to destroy the Paintress so that she can never paint death again. Explore a world of wonders inspired by Belle Époque France and battle unique enemies in this turn-based RPG with real-time mechanics.","Clair Obscur: Expedition 33 – Deluxe Edition Upgrade|Clair Obscur: Expedition 33 – Nos Vies En Lumière (Bonus Edition)|Clair Obscur: Expedition 33 – Verso's Drafts (Original Soundtrack)","Turn-Based Combat|Story Rich|Fantasy|Great Soundtrack|RPG|Singleplayer|JRPG|Exploration|Lore-Rich|Adventure|Party-Based RPG|Dark Fantasy|Souls-like|Action RPG|3D|Character Customization|Post-apocalyptic|Narration|Action|Indie","Action|RPG","English|French|Italian|German|Spanish - Spain|Japanese|Korean|Polish|Portuguese - Brazil|Russian|Simplified Chinese|Traditional Chinese|Czech|Indonesian|Spanish - Latin America|Thai|Turkish|Ukrainian|Vietnamese","https://store.steampowered.com/app/1903340/","","https://store.steampowered.com/publisher/kepler","2,000,000 .. 5,000,000",1.16666666666667,FALSE
3643170,"Roadside Research","12 Feb, 2026","Cybernetic Walrus","Oro Interactive",NA,772,"Very Positive","Very Positive",12.99,9.74,25,0,15,0,"False","False","False","Roadside Research is a 1 to 4 player co-op gas station simulator. Except you’re aliens. And undercover. Do very human things like restocking shelves while preparing for the invasion. Just don’t get caught.","","Early Access|Online Co-Op|Funny|Multiplayer|Simulation|Aliens|Immersive Sim|Management|Co-op|First-Person|America|Life Sim|Character Customization|Comedy|Economy|Sci-fi|Singleplayer|Sandbox|Casual|Physics","Casual|Simulation|Early Access","English|French|Italian|German|Spanish - Spain|Japanese|Polish|Portuguese - Brazil|Simplified Chinese|Spanish - Latin America|Turkish|Russian|Dutch|Korean|Traditional Chinese","https://store.steampowered.com/app/3643170/","https://store.steampowered.com/developer/CyberneticWalrus","https://store.steampowered.com/publisher/orointeractive","0 .. 20,000",6.66666666666667,FALSE
255710,"Cities: Skylines","10 Mar, 2015","Colossal Order","Paradox Interactive",NA,NA,"Very Positive","Very Positive",27.99,NA,NA,135,10,76,"False","False","False","Cities: Skylines is a modern take on the classic city simulation. The game introduces new game play elements to realize the thrill and hardships of creating and maintaining a real city whilst expanding on some well-established tropes of the city building experience.","Cities: Skylines - Race Day|Cities: Skylines - Content Creator Pack: Renewed History|Cities: Skylines - Content Creator Pack: Iconic Brutalism|Cities: Skylines - 8 Gear Radio|Cities: Skylines - Content Creator Pack: Shops of Shibuya|Cities: Skylines - Content Creator Pack: Map Pack 4|Cities: Skylines - Harumi Nights FM|Cities: Skylines - Content Creator Pack: Emerging Downtown|Cities: Skylines - Content Creator Pack: Countryside|Cities: Skylines - Harvest Harmony|Cities: Skylines - Content Creator Pack: Mountain Village|Cities: Skylines - Content Creator Pack: Map Pack 3|Cities: Skylines - Alpine Tunes Radio|Cities: Skylines - Expansion Subscription|Cities: Skylines - Hotels & Retreats|Cities: Skylines - Content Creator Pack: Brooklyn & Queens|Cities: Skylines - Content Creator Pack: Industrial Evolution|Cities: Skylines - Content Creator Pack: Railroads of Japan|Cities: Skylines - 90's Pop Radio|Cities: Skylines - Piano Tunes Radio|Cities: Skylines - Content Creator Pack: Africa in Miniature|Cities: Skylines - Content Creator Pack: Shopping Malls|Cities: Skylines - Content Creator Pack: Sports Venues|Cities: Skylines - JADIA Radio|Cities: Skylines - 80's Movies Tunes|Cities: Skylines - Pop-Punk Radio|Cities: Skylines - Financial Districts|Cities: Skylines - Content Creator Pack: Map Pack 2|Cities: Skylines - African Vibes|Cities: Skylines - Content Creator Pack: Heart of Korea|Cities: Skylines - Content Creator Pack: Skyscrapers|Cities: Skylines - K-pop Station|Cities: Skylines - 80's Downtown Beat|Cities: Skylines - Plazas & Promenades|Cities: Skylines - Content Creator Pack: Mid-Century Modern|Cities: Skylines - Content Creator Pack: Seaside Resorts|Cities: Skylines - Paradise Radio|Cities: Skylines - Shoreline Radio|Cities: Skylines - Airports|Cities: Skylines - Content Creator Pack: Map Pack|Cities: Skylines - Content Creator Pack: Vehicles of the World|Cities: Skylines - Calm The Mind Radio|Cities: Skylines - On Air Radio|Cities: Skylines - Content Creator Pack: Bridges & Piers|Cities: Skylines - Content Creator Pack: Train Stations|Cities: Skylines - Sunny Breeze Radio|Cities: Skylines - Rail Hawk Radio|Cities: Skylines - Sunset Harbor|Cities: Skylines - Content Creator Pack: Modern Japan|Cities: Skylines - Coast to Coast Radio|Cities: Skylines - Content Creator Pack: Modern City Center|Cities: Skylines - Downtown Radio|Cities: Skylines - Campus|Cities: Skylines - Content Creator Pack: University City|Cities: Skylines - Campus Radio|Cities: Skylines - Deep Focus Radio|Cities: Skylines - Industries|Cities: Skylines - Synthetic Dawn Radio|Cities: Skylines - Parklife|Cities: Skylines - Green Cities|Cities: Skylines - Mass Transit|Cities: Skylines - Natural Disasters|Cities: Skylines - Snowfall|Cities: Skylines - After Dark|Cities: Skylines - Content Creator Pack: European Suburbia|Cities: Skylines - Content Creator Pack: High-Tech Buildings|Cities: Skylines - Content Creator Pack: Art Deco|Cities: Skylines - Country Road Radio|Cities: Skylines - All That Jazz|Cities: Skylines - Concerts|Cities: Skylines - Rock City Radio|Cities: Skylines - Relaxation Station|Cities: Skylines - Deluxe Edition Upgrade Pack|Cities: Skylines - Carols, Candles and Candy|Cities: Skylines - Match Day|Cities: Skylines - Pearls From the East","City Builder|Simulation|Building|Management|Strategy|Sandbox|Singleplayer|Economy|Moddable|Resource Management|Mod|Realistic|Replay Value|Casual|Modern|Real-Time with Pause|Family Friendly|Great Soundtrack|Funny|Action","Simulation|Strategy","English|French|German|Spanish - Spain|Polish|Portuguese - Brazil|Russian|Simplified Chinese|Korean|Japanese","https://store.steampowered.com/app/255710/","https://store.steampowered.com/developer/colossalorder","https://store.steampowered.com/publisher/paradoxinteractive","10,000,000 .. 20,000,000",5,FALSE
538030,"Xenonauts 2","2 Apr, 2026","Goldhawk Interactive","Hooded Horse",NA,484,"Very Positive","Very Positive",39.99,25.99,35,20,11,0,"False","False","False","Wage a global war of resistance against an alien invasion. Command turn-based tactical battles, build a network of covert bases, directly control your fighter wings, and achieve strategic victory in a simulation of asymmetric warfare against a technologically superior foe.","","RPG|Strategy|Turn-Based Combat|Character Customization|Choices Matter|CRPG|Story Rich|Turn-Based Strategy|Turn-Based Tactics|Adventure|Fantasy|Sci-fi|Action|Singleplayer|Dark Fantasy|Tactical|Turn-Based|Romance|Combat|Tactical RPG","RPG|Simulation|Strategy","English|French|German|Spanish - Spain|Japanese|Korean|Simplified Chinese|Traditional Chinese|Russian|Polish|Portuguese - Brazil","https://store.steampowered.com/app/538030/","https://store.steampowered.com/developer/goldhawk","https://store.steampowered.com/publisher/HoodedHorse","100,000 .. 200,000",75,FALSE
3932890,"Escape from Tarkov","15 Nov, 2025","Battlestate Games","Battlestate Games",NA,NA,"Mixed","Mixed",49.99,NA,NA,80,20,7,"False","False","False","Escape from Tarkov is the original extraction FPS where every raid is a gamble with death. Prep your raid, bleed, endure and fight through ruthless PMC players and Scavs, gain tactical advantage and cling to your loot — only extraction decides if you live or lose it all.","Escape from Tarkov: PVE Zone|Escape from Tarkov: USEC - Gold Squadron|Escape from Tarkov: BEAR - Senezh|Escape from Tarkov - Left Behind Expansion Pack|Escape from Tarkov - Prepare for Escape Expansion Pack|Escape from Tarkov: BEAR - Arktika|Escape from Tarkov: USEC - Fahrenheit","Psychological Horror|Extraction Shooter|Tactical|Shooter|Gun Customization|Looter Shooter|FPS|Military|First-Person|Multiplayer|Survival Horror|PvP|PvE|Massively Multiplayer|Survival|Realistic|Action|Online Co-Op|Simulation|War","Action|Massively Multiplayer|RPG|Simulation","English|French|Italian|German|Spanish - Spain|Czech|Hungarian|Japanese|Korean|Polish|Portuguese - Brazil|Romanian|Russian|Simplified Chinese|Spanish - Latin America|Thai|Turkish|Vietnamese|Slovak|Indonesian","https://store.steampowered.com/app/3932890/","","","0 .. 20,000",6.66666666666667,FALSE
2881150,"ARK: Bob's Tall Tales","1 Apr, 2024","Studio Wildcard","Studio Wildcard",NA,NA,"Mixed","",29.99,9.89,67,0,16,0,"False","True","False","","","Adventure|Survival|Action|Open World|Dinosaurs|Massively Multiplayer|Multiplayer|Building|Crafting|Base Building|Sandbox|Character Customization|RPG|PvE|PvP|Singleplayer|Inventory Management|Sci-fi|Fantasy|Moddable","Action|Adventure|Indie|Massively Multiplayer|RPG","English|French|Italian|German|Spanish - Spain|Danish|Dutch|Japanese|Korean|Portuguese - Brazil|Portuguese - Portugal|Russian|Simplified Chinese|Spanish - Latin America|Traditional Chinese|Turkish","https://store.steampowered.com/app/2881150/","","","0 .. 20,000",6.66666666666667,TRUE
2129530,"REANIMAL","13 Feb, 2026","Tarsier Studios","THQ Nordic",NA,NA,"Mostly Positive","Mostly Positive",39.99,NA,NA,31,15,2,"False","False","False","The creators of Little Nightmares™ I & II have returned to take you on a darker, more terrifying journey than ever before. In this horror adventure game, a brother & sister go through hell to rescue their missing friends and escape the island that they used to call home.","REANIMAL – Season Pass|REANIMAL - Foxhead and Muttonhead Masks","Horror|Co-op|Adventure|Atmospheric|Multiplayer|Dark|3D|Puzzle|Third Person|Local Co-Op|Online Co-Op|Cinematic|Local Multiplayer|Exploration|Surreal|Controller|Stealth|Stylized|Mystery|Singleplayer","Adventure","English|French|Italian|German|Spanish - Spain|Arabic|Portuguese - Brazil|Traditional Chinese|Simplified Chinese|Japanese|Korean|Polish|Russian|Spanish - Latin America|Czech","https://store.steampowered.com/app/2129530/","","https://store.steampowered.com/publisher/THQNordic","0 .. 20,000",6.66666666666667,FALSE
1250410,"Microsoft Flight Simulator (2020) 40th Anniversary Edition","17 Aug, 2020","Asobo Studio","Xbox Game Studios",NA,581,"Mostly Positive","Mostly Positive",69.99,NA,NA,43,13,0,"False","False","False","From gliders and helicopters to wide-body jets, fly highly detailed and accurate aircraft in the Microsoft Flight Simulator 40th Anniversary Edition. The world is at your fingertips.","","Simulation|Flight|Realistic|Multiplayer|Open World|VR|Singleplayer|Real-Time|Atmospheric|Physics|Adventure|Colorful|Family Friendly|Beautiful|TrackIR|Surreal|Controller|Epic|Short|Hentai","Simulation","English|French|Italian|German|Spanish - Spain|Polish|Portuguese - Brazil|Russian|Dutch|Finnish|Japanese|Norwegian|Swedish","https://store.steampowered.com/app/1250410/","https://store.steampowered.com/developer/XboxGameStudios","https://store.steampowered.com/publisher/XboxGameStudios","2,000,000 .. 5,000,000",1.16666666666667,FALSE
1401590,"Disney Dreamlight Valley","5 Dec, 2023","Gameloft","Gameloft",NA,150,"Very Positive","Overwhelmingly Positive",39.99,NA,NA,15,8,5,"False","False","False","Explore a world filled with the magic of Disney as you discover rich stories and build the perfect neighborhood alongside Disney and Pixar heroes and villains in this new life-sim adventure game. Welcome to Disney Dreamlight Valley.","Disney Dreamlight Valley: Wishblossom Ranch|Disney Dreamlight Valley: Wishblossom Ranch — Deluxe Edition|Disney Dreamlight Valley: The Storybook Vale – Magical Edition|Disney Dreamlight Valley: The Storybook Vale|Disney Dreamlight Valley: A Rift in Time","Relaxing|Life Sim|Character Customization|Exploration|Adventure|Simulation|Sandbox|Fantasy|Casual|Singleplayer|Story Rich|Family Friendly|Farming Sim|Cooking|Crafting|Fishing|Immersive Sim|Magic|3D|Choose Your Own Adventure","Action|Adventure|Casual|RPG|Simulation","English|French|Italian|German|Spanish - Spain|Japanese|Simplified Chinese|Portuguese - Brazil","https://store.steampowered.com/app/1401590/","https://store.steampowered.com/developer/Gameloft","https://store.steampowered.com/publisher/Gameloft","500,000 .. 1,000,000",100.2,FALSE
1209460,"Euro Truck Simulator 2 - Iberia","8 Apr, 2021","SCS Software","SCS Software",NA,NA,"Mostly Positive","",17.99,8.99,50,0,24,0,"False","True","False","","","Simulation|Indie|Open World|Driving|Realistic|Singleplayer|Relaxing|Exploration|Economy|Online Co-Op|Moddable","Indie|Simulation","English|German|French|Italian|Korean|Spanish - Spain|Simplified Chinese|Russian|Japanese|Portuguese - Portugal|Polish|Danish|Dutch|Finnish|Norwegian|Swedish|Hungarian|Czech|Romanian|Turkish|Portuguese - Brazil|Bulgarian|Greek|Ukrainian","https://store.steampowered.com/app/1209460/","https://store.steampowered.com/developer/SCSsoftware","https://store.steampowered.com/publisher/SCSsoftware","0 .. 20,000",6.66666666666667,TRUE
3656800,"Train Sim World® 6","30 Sep, 2025","Dovetail Games","Dovetail Games - TSW",NA,NA,"Mostly Positive","",39.99,NA,NA,19,9,149,"False","False","False","Embark on your next journey and discover the joy of train simulation. Be ready for anything as you master formidable trains across 3 new routes. Unlock new skills and expand your hobby - Expect the Unexpected in Train Sim World 6!","Train Sim World® 6: BR Class 90 Electric Freight Loco Add-On|Train Sim World® 6: Medway Valley Line: Strood - Tonbridge Route Add-On|Train Sim World® 6: Northeast Corridor Metro-North: New York - Stamford Route Add-On|Train Sim World® 6: West Coast Main Line: London Euston - Milton Keynes Route Add-On|Train Sim World® 6: Harlem Line: Grand Central Terminal - North White Plains Route Add-On|Train Sim World® 6: Expert DB BR 145 Loco Add-On|Train Sim World® 6: Liberec - Stará Paka Route Add-On|Train Sim World® 6: Southern BR Class 171 & BR Class 377/3 Add-On|Train Sim World® 6: Avanti West Coast BR Class 805 Evero BMU Add-On|Train Sim World® 6: Frankenbahn: Stuttgart - Heilbronn Route Add-On|Train Sim World® 6: Transport for Wales BR Class 142 Pacer DMU Add-On|Train Sim World® 6: Cargo Line Vol. 5 - Nuclear|Train Sim World® 6: Santa Fe on Cajon Pass Add-On|Train Sim World® 6: West Coast Main Line: Birmingham - Crewe Route Add-On|Train Sim World® 6: Riviera Line: Exeter – Plymouth & Paignton Route Add-On|Train Sim World® 6: Morristown Line: New York & Hoboken - Dover Route Add-On|Train Sim World® 6: Bahnstrecke Leipzig - Dresden Route Add-On|Train Sim World® 6: CrossCountry BR Class 220 Voyager DEMU Add-On|Train Sim World® 6: NJ TRANSIT® ALP-45DP Loco Add-On|Train Sim World® 6: DB BR 294 Diesel Shunter Add-On|Train Sim World® 6: West Midlands Railway & CrossCountry BR Class 170 DMU Add-On|Train Sim World® 6: Expert DB BR 101 on Kassel - Würzburg Gameplay Pack|Train Sim World® 6: BR Class 86/2 & Mk2F Coaches Loco Add-On|Train Sim World® 6: MBTA Providence/Stoughton Line HSP46 Add-On|Train Sim World® 6: Manchester Airport Commuter: Manchester - Alderley Edge Route Add-On|Train Sim World® 6: BR 194 & E94 Railtour Pack|Train Sim World® 6: Cargo Line Vol. 4 - Military|Train Sim World® 6: Thomas & Friends™ 80th Anniversary Expansion|Train Sim World® 6: Cargo Line Vol. 3 - Intermodal|Train Sim World® 6: ECML Diesel Railtour Pack|Train Sim World® 6: Spoorlijn Zwolle - Groningen Route Add-On|Train Sim World® 6: Thomas & Friends™ Visit the West Somerset Railway|Train Sim World® 6: Cardiff City Network: Radur & Coryton – Penarth & Bae Caerdydd Route Add-On|Train Sim World® 6: London Overground Mildmay line: Stratford - Willesden Junction Route Add-On|Train Sim World® 6: Metrolink F59PHR Loco Add-On|Train Sim World® 6: Mittenwaldbahn: Innsbruck - Garmisch-Partenkirchen Route Add-On|Train Sim World® 6: Pfälzische Ludwigsbahn: Mannheim - Kaiserslautern Route Add-On|Train Sim World® 6: HKA Bogie Hopper Wagon Pack|Train Sim World® 6: Metrolink Holiday Train Pack|Train Sim World® 6: DB BR 111 & n-Wagen Pack|Train Sim World® 6: West Coast Main Line: Preston - Carlisle Route Add-On|Train Sim World® 6: MBTA Commuter: Boston - Framingham/Worcester Line Route Add-On|Train Sim World® 6: Avanti West Coast BR Class 390 Pendolino EMU Add-On|Train Sim World® 6: FlixTrain BR 193 Vectron Loco Add-On|Train Sim World® 6: San Bernardino Line: Los Angeles - San Bernardino Route Add-On|Train Sim World® 6: S-Bahn Vorarlberg: Lindau - Bludenz Route Add-On|Train Sim World® 6: Frankfurt - Fulda: Kinzigtalbahn Route Add-On|Train Sim World® 6: Expert DB BR 101 & IC Steuerwagen Loco Add-On|Train Sim World® 6: ScotRail BR Class 380 EMU Add-On|Train Sim World® 6: Bahnstrecke Bremen - Oldenburg Route Add-On|Train Sim World® 6: DB BR 218 Diesel Loco Add-On|Train Sim World® 6: ScotRail BR Class 158 Sprinter DMU Add-On|Train Sim World® 6: Cargo Line Vol. 2 - Aggregates|Train Sim World® 6: LIRR Commuter: New York - Long Beach, Hempstead & Hicksville Route Add-On|Train Sim World® 6: Fife Circle Line & Levenmouth Rail Link Route Add-On|Train Sim World® 6: Semmeringbahn: Wiener Neustadt - Mürzzuschlag Route Add-On|Train Sim World® 6: Centro Regional Railways BR Class 323 Add-On|Train Sim World® 6: Bahnstrecke Salzburg - Rosenheim Route Add-On|Train Sim World® 6: Edinburgh - Glasgow: Engineering Express Pack|Train Sim World® 6: Berninalinie: Tirano - Ospizio Bernina Route Add-On|Train Sim World® 6: London Overground Suffragette line: Gospel Oak - Barking Riverside Route Add-On|Train Sim World® 6: Cargo Line Vol. 1 - Petroleum|Train Sim World® 6: RhB Arosa Aggregates Pack|Train Sim World® 6: Blackpool Branches: Preston - Blackpool & Ormskirk Route Add-On|Train Sim World® 6: Railpool BR 193 Vectron Loco Add-On|Train Sim World® 6: LNER Class A3 60103 Flying Scotsman Steam Loco Add-On|Train Sim World® 6: Antelope Valley Line: Los Angeles - Lancaster Route Add-On|Train Sim World® 6: Brighton Main Line: London Victoria - Brighton Route Add-On|Train Sim World® 6: East Coast Main Line: Peterborough - Doncaster Route Add-On|Train Sim World® 6: Norfolk Southern Heritage Livery Collection Add-On|Train Sim World® 6: Northeast Corridor: Boston - Providence Route Add-On|Train Sim World® 6: Glossop Line: Manchester - Hadfield & Glossop Route Add-On|Train Sim World® 6: Sand Patch Grade Route Add-On|Train Sim World® 6: Peak Forest Railway: Ambergate - Chinley & Buxton Route Add-On|Train Sim World® 6: DB BR 403 ICE 3 Railbow Add-On|Train Sim World® 6: Rail Operations Group BR Class 37/7 Add-On|Train Sim World® 6: BNSF SD70ACe Add-On|Train Sim World® 6: Midland Main Line: Leicester - Derby & Nottingham Route Add-On|Train Sim World® 6: Linke Rheinstrecke: Mainz - Koblenz Route Add-On|Train Sim World® 6: Maintalbahn: Aschaffenburg - Miltenberg Route Add-On|Train Sim World® 6: Northeast Corridor: New York - Trenton|Train Sim World® 6: Thameslink BR Class 700/0 EMU Add-On|Train Sim World® 6: West Cornwall Steam Railtour Add-On|Train Sim World® 6: Frankfurt S-Bahn: S1, S8 & S9 Route Add-On|Train Sim World® 6: Birmingham Cross-City Line: Lichfield - Bromsgrove & Redditch Route Add-On|Train Sim World® 6: ScotRail Express: Edinburgh - Glasgow Route Add-On|Train Sim World® 6: The Holiday Express - Runaway Elf|Train Sim World® 6: New Journeys - S-Bahn Köln BR 423 Add-On|Train Sim World® 6: New Journeys - CSX SD40 Add-On|Train Sim World® 6: New Journeys - Silver 1972 Stock Add-On|Train Sim World® 6: Dispolok BR 182 Add-On|Train Sim World® 6: Amtrak's Acela®|Train Sim World® 6: Santa Fe F7 Add-On|Train Sim World® 6: Rail Head Treatment Train Add-On|Train Sim World® 6: Island Line 2022: BR Class 484 EMU Add-On|Train Sim World® 6: Union Pacific Heritage Livery Collection|Train Sim World® 6: Bakerloo Line Route Add-On|Train Sim World® 6: Schnellfahrstrecke Köln - Aachen Remastered Route Add-On|Train Sim World® 6: Niddertalbahn: Bad Vilbel - Stockheim Route Add-On|Train Sim World® 6: Spirit of Steam: Liverpool Lime Street - Crewe Route Add-On|Train Sim World® 6: Southeastern Highspeed: London St Pancras – Ashford Intl & Faversham Route Add-On|Train Sim World® 6: Sherman Hill: Cheyenne - Laramie Route Add-On|Train Sim World® 6: Cajon Pass: Barstow - San Bernardino Route Add-On|Train Sim World® 6: Schnellfahrstrecke Kassel - Würzburg Route Add-On|Train Sim World® 6: S-Bahn Zentralschweiz: Luzern - Sursee Route Add-On|Train Sim World® 6: Tharandter Rampe: Dresden - Chemnitz Route Add-On|Train Sim World® 6: RhB Anniversary Collection Add-On|Train Sim World® 6: DB G6 Diesel Shunter Add-On|Train Sim World® 6: West Cornwall Local: Penzance - St Austell & St Ives Route Add-On|Train Sim World® 6: Horseshoe Curve: Altoona - Johnstown & South Fork Route Add-On|Train Sim World® 6: London Underground 1938 Stock EMU Loco Add-On|Train Sim World® 6: Cathcart Circle Line: Glasgow - Neilston & Newton Add-On|Train Sim World® 6: Hauptstrecke Hamburg - Lübeck Route Add-On|Train Sim World® 6: DB BR 101 Loco Add-On|Train Sim World® 6: Diesel Legends of the Great Western Add-On|Train Sim World® 6: DB BR 187 Loco Add-On|Train Sim World® 6: Cane Creek: Thompson - Potash Route Add-On|Train Sim World® 6: Arosalinie: Chur - Arosa Route Add-On|Train Sim World® 6: LGV Mediterranee: Marseille - Avignon Route Add-On|Train Sim World® 6: CSX C40-8W Loco Add-On|Train Sim World® 6: Southern BR Class 313 EMU Add-On|Train Sim World® 6: DB BR 363 Loco Add-On|Train Sim World® 6: Hauptstrecke Munchen - Augsburg Route Add-On|Train Sim World® 6: Isle Of Wight: Ryde - Shanklin Route Add-On|Train Sim World® 6: BR Class 20 'Chopper' Loco Add-On|Train Sim World® 6: LIRR M3 EMU Add-On|Train Sim World® 6: DB BR 204 Loco Add-On|Train Sim World® 6: Hauptstrecke Rhein-Ruhr: Duisburg - Bochum Route Add-On|Train Sim World® 6: East Coastway Remastered: Brighton - Eastbourne & Seaford Route Add-On|Train Sim World® 6: BR Class 31 Loco Add-On|Train Sim World® 6: Clinchfield Railroad: Elkhorn - Dante Route Add-On|Train Sim World® 6: Rhein-Ruhr Osten: Wuppertal - Hagen Route Add-On|Train Sim World® 6: Tees Valley Line: Darlington – Saltburn-by-the-Sea Route Add-On|Train Sim World® 6: BR Heavy Freight Pack Loco Add-On|Train Sim World® 6: BR Class 52 'Western' Loco Add-On|Train Sim World® 6: DB BR 155 Loco Add-On|Train Sim World® 6: DB BR 182 Loco Add-On|Train Sim World® 6: Canadian National Oakville Subdivision: Hamilton - Oakville Route Add-On|Train Sim World® 6: Main-Spessart Bahn: Aschaffenburg - Gemunden Route Add-On|Train Sim World® 6: BR Class 33 Add-On|Train Sim World® 6: Northern Trans-Pennine: Manchester - Leeds Route Add-On|Train Sim World® 6: Long Island Rail Road: New York - Hicksville Route Add-On|Train Sim World® 6: Ruhr-Sieg Nord: Hagen - Finnentrop Route Add-On|Train Sim World® 6: West Somerset Railway Route Add-On|Train Sim World® 6: Rapid Transit Route Add-On|Train Sim World® 6: Great Western Express Remastered Route Add-On|Train Sim World® 6: Peninsula Corridor: San Francisco - San Jose|Train Sim World® 6: Peninsula Corridor: MP36PH-3C Express Loco Add-On|Train Sim World® 6: Peninsula Corridor: MP15DC Switcher Loco Add-On","Simulation|Trains|Transportation|Immersive Sim|Automobile Sim|Driving|America|Strategy|Exploration|First-Person|Third Person|Realistic|Atmospheric|Family Friendly|Relaxing|Moddable|LGBTQ+|Open World|Physics|Tutorial","Simulation","English|French|Italian|German|Spanish - Spain|Polish|Russian|Simplified Chinese|Japanese","https://store.steampowered.com/app/3656800/","https://store.steampowered.com/developer/dovetailgames","https://store.steampowered.com/publisher/tswofficial","0 .. 20,000",6.66666666666667,FALSE
3976500,"The Spotter: Dig or Die","7 Apr, 2026","Puppyroar Games","Forklift Interactive",166,NA,"Very Positive","",12.99,9.74,25,29,16,0,"False","False","False","Dig by day, fight by night in this blend of mining and Tower Defense. As the last Spotter at a ruined gas station, hold back mutant hordes, scavenge the wasteland, and repair your receiver to capture the President’s vital message and humanity’s last hope.","","Mining|Tower Defense|Sandbox|Zombies|Survival|Simulation|Exploration|Post-apocalyptic|Voxel|Underground|Aliens|Adventure|Singleplayer|Casual|First-Person|Crafting|Mystery|Economy|3D|Base Building","Action|Adventure|Indie|Simulation","English|French|Italian|German|Spanish - Spain|Simplified Chinese|Korean|Polish|Portuguese - Brazil|Portuguese - Portugal|Russian|Turkish|Japanese|Traditional Chinese|Ukrainian|Serbian","https://store.steampowered.com/app/3976500/","https://store.steampowered.com/developer/forklift","https://store.steampowered.com/publisher/forklift","0 .. 20,000",6.66666666666667,TRUE
1943950,"Escape the Backrooms","23 Oct, 2025","Fancy Games","Secret Mode",NA,NA,"Very Positive","Very Positive",9.49,7.59,20,34,12,0,"False","False","False","Escape the Backrooms is a 1-4 player co-op horror exploration game. Traverse 30+ eerie backrooms levels while avoiding entities and other dangers. Try to escape but be warned: survival isn't guaranteed.","","Horror|Multiplayer|Online Co-Op|Psychological Horror|Co-op|Survival Horror|First-Person|Escape Room|Exploration|Adventure|Action|3D|Singleplayer|Indie|Stealth|Action-Adventure|Casual|Dungeon Crawler|Early Access|Sexual Content","Action|Indie","English|French|German|Spanish - Spain|Russian|Simplified Chinese|Japanese|Korean|Turkish|Polish|Portuguese - Brazil|Traditional Chinese","https://store.steampowered.com/app/1943950/","","https://store.steampowered.com/publisher/SecretMode","2,000,000 .. 5,000,000",1.16666666666667,TRUE
526870,"Satisfactory","10 Sep, 2024","Coffee Stain Studios","Coffee Stain Publishing",NA,NA,"Overwhelmingly Positive","Overwhelmingly Positive",38.99,NA,NA,44,13,0,"True","False","False","Satisfactory is a first-person open-world factory building game with a dash of exploration and combat. Play alone or with friends, explore an alien planet, create multi-story factories, and enter conveyor belt heaven!","","Base Building|Automation|Open World|Crafting|Multiplayer|Co-op|Building|Resource Management|Sandbox|Exploration|Adventure|Open World Survival Craft|Survival|First-Person|Simulation|Strategy|Singleplayer|Sci-fi|Indie|Early Access","Adventure|Indie|Simulation|Strategy","English|French|Italian|German|Spanish - Spain|Japanese|Korean|Polish|Portuguese - Brazil|Russian|Simplified Chinese|Traditional Chinese|Ukrainian","https://store.steampowered.com/app/526870/","https://store.steampowered.com/developer/coffeestain","https://store.steampowered.com/publisher/coffeestain","10,000,000 .. 20,000,000",5,TRUE
2057760,"Esoteric Ebb","3 Mar, 2026","Christoffer Bodegård","Raw Fury",NA,NA,"Overwhelmingly Positive","Overwhelmingly Positive",24.99,NA,NA,56,1,1,"True","False","False","Esoteric Ebb is a single-player CRPG inspired by the freedom of tabletop adventures. Unravel a political conspiracy with your goblin sidekick. Roll dice in tense encounters. Become a cleric of legends or completely ruin the campaign.","Esoteric Ebb Digital Assets","Story Rich|Choices Matter|RPG|Dungeons & Dragons|Isometric|CRPG|Interactive Fiction|Singleplayer|Hand-drawn|Nonlinear|Political|Narrative|Adventure|Atmospheric|Point & Click|Exploration|Funny|Tabletop|Turn-Based|Character Customization","Indie|RPG","English","https://store.steampowered.com/app/2057760/","https://store.steampowered.com/developer/ChristofferBodegard","https://store.steampowered.com/publisher/rawfury","0 .. 20,000",6.66666666666667,TRUE
339340,"Resident Evil 0","19 Jan, 2016","CAPCOM Co., Ltd.","CAPCOM Co., Ltd.",NA,932,"Very Positive","Mostly Positive",19.99,4.99,75,47,8,6,"False","False","False","Before the mansion, before the destruction of Raccoon City, there was Resident Evil 0. Now remastered with improved visuals and sounds, as well as the all-new Wesker Mode, there's never been a better time to experience the origins of the Resident Evil story.","Resident Evil 0 Costume Pack 1|Resident Evil 0 Costume Pack 2|Resident Evil 0 Costume Pack 3|Resident Evil 0 Costume Pack 4|Resident Evil 0 Fan Design T-shirt Pack|Resident Evil 0 ""Shadow of Fear"" Rebecca T-shirt","Horror|Zombies|Survival Horror|Adventure|Classic|Action|Singleplayer|Remake|Third Person|Atmospheric|Survival|Female Protagonist|Puzzle|Story Rich|Difficult|Gore|Third-Person Shooter|Multiplayer|Great Soundtrack|Shooter","Action|Adventure","English|French|Italian|German|Spanish - Spain|Japanese|Simplified Chinese|Traditional Chinese","https://store.steampowered.com/app/339340/","https://store.steampowered.com/developer/capcom","https://store.steampowered.com/publisher/capcom","1,000,000 .. 2,000,000",0.5,FALSE
1643320,"S.T.A.L.K.E.R. 2: Heart of Chornobyl","20 Nov, 2024","GSC Game World","GSC Game World (worldwide)",NA,NA,"Very Positive","Mostly Positive",59.99,41.99,30,58,18,3,"False","False","False","Discover the vast Chornobyl Exclusion Zone full of dangerous enemies, deadly anomalies and powerful artifacts. Unveil your own epic story as you make your way to the Heart of Chornobyl. Make your choices wisely, as they will determine your fate in the end.","S.T.A.L.K.E.R. 2: Heart of Chornobyl - Deluxe Content|S.T.A.L.K.E.R. 2: Heart of Chornobyl - Ultimate Content|S.T.A.L.K.E.R. 2: Cost of Hope","Open World|FPS|Post-apocalyptic|Survival|Atmospheric|Singleplayer|Shooter|Exploration|RPG|Story Rich|First-Person|Action|Lore-Rich|Sci-fi|Nonlinear|Multiple Endings|Realistic|Choices Matter|Immersive Sim|Cinematic","Action|Adventure|RPG","English|French|Italian|German|Spanish - Spain|Japanese|Korean|Polish|Portuguese - Brazil|Russian|Simplified Chinese|Traditional Chinese|Ukrainian|Arabic|Czech|Spanish - Latin America|Turkish|Serbian","https://store.steampowered.com/app/1643320/","https://store.steampowered.com/developer/GSC","","2,000,000 .. 5,000,000",1.16666666666667,FALSE
2432860,"MENACE","5 Feb, 2026","Overhype Studios","Hooded Horse",NA,NA,"Very Positive","Very Positive",39.99,29.99,25,15,13,0,"False","False","False","Lead a strike force against an alien threat in this turn-based tactical RPG from the developers of Battle Brothers. Answer distress calls across different worlds, train and equip infantry, deploy tanks and mechs, and plan and execute missions in detailed turn-based battles.","","RPG|Strategy|Turn-Based Combat|Character Customization|Choices Matter|CRPG|Story Rich|Turn-Based Strategy|Turn-Based Tactics|Adventure|Fantasy|Sci-fi|Action|Singleplayer|Dark Fantasy|Tactical|Turn-Based|Combat|Romance|Early Access","RPG|Simulation|Strategy|Early Access","English|French|German|Spanish - Spain|Japanese|Korean|Polish|Portuguese - Brazil|Russian|Simplified Chinese|Traditional Chinese|Turkish|Ukrainian","https://store.steampowered.com/app/2432860/","https://store.steampowered.com/developer/overhype","https://store.steampowered.com/publisher/HoodedHorse","0 .. 20,000",6.66666666666667,FALSE
4249100,"Resident Evil (1996)","1 Apr, 2026","CAPCOM Co., Ltd.","CAPCOM Co., Ltd.",782,NA,"Very Positive","",9.99,4.99,50,0,4,0,"False","False","False","Your squad has been choppered to a remote mansion to investigate a bio-experiment gone wrong. You’re plunged straight into a deathtrap. Arm yourself, solve puzzles, and unearth mysteries. But beware: every move you make draws you deeper into the deadly embrace of Resident Evil.","","Survival Horror|Action|Adventure|Survival|Horror|Zombies|Psychological Horror|Shooter|Third-Person Shooter|3D|Dark|Singleplayer|Violent|Gore|Story Rich|Underground|Female Protagonist|PvE|Multiple Endings|Classic","Action|Adventure","English|French|German|Japanese","https://store.steampowered.com/app/4249100/","https://store.steampowered.com/developer/capcom","https://store.steampowered.com/publisher/capcom","0 .. 20,000",6.66666666666667,FALSE
1203620,"Enshrouded","24 Jan, 2024","Keen Games GmbH","Keen Games GmbH",NA,NA,"Very Positive","Mostly Positive",29.99,NA,NA,52,15,0,"True","False","False","You are Flameborn, last ember of hope of a dying race. Awaken, survive the terror of a corrupting fog, and reclaim the lost beauty of your kingdom. Venture into a vast world, vanquish punishing bosses, build grand halls and forge your path in this co-op survival action RPG for up to 16 players.","","Open World|Survival|Base Building|Multiplayer|Online Co-Op|Crafting|RPG|Adventure|Exploration|Building|Action RPG|Fantasy|Singleplayer|Sandbox|Character Customization|Early Access|PvE|Action|3D|Indie","Action|Adventure|Indie|RPG|Early Access","English|French|Italian|German|Spanish - Spain|Japanese|Korean|Polish|Portuguese - Brazil|Russian|Simplified Chinese|Traditional Chinese|Turkish|Ukrainian|Thai","https://store.steampowered.com/app/1203620/","","","2,000,000 .. 5,000,000",1.16666666666667,TRUE
4069520,"Super Battle Golf","19 Feb, 2026","Brimstone","Oro Interactive",NA,NA,"Very Positive","Very Positive",7.99,5.59,30,34,11,0,"False","False","False","An online 1-8 player golf game where everyone plays at the same time. Swing, shoot, sabotage, and finish first by any means necessary in a free-for-all rush to the hole.","","Multiplayer|Online Co-Op|Co-op|Sports|Physics|Comedy|Exploration|3D|Funny|Golf|Action|Adventure|Colorful|Cute|PvP|Character Customization|Third Person|Party Game|Mini Golf|Racing","Casual|Indie|Sports","English|French|German|Japanese|Polish|Portuguese - Brazil|Russian|Simplified Chinese|Spanish - Latin America|Turkish|Traditional Chinese","https://store.steampowered.com/app/4069520/","","https://store.steampowered.com/publisher/orointeractive","0 .. 20,000",6.66666666666667,TRUE
1285190,"Borderlands 4","11 Sep, 2025","Gearbox Software","2K",NA,NA,"Mixed","Mixed",69.99,48.99,30,46,14,7,"False","False","False","Borderlands 4 is a mayhem-fueled looter shooter, jam-packed with billions of weapons, deadly enemies, and intense co-op action. Break free from a dangerous hidden planet as one of four new badass Vault Hunters.","Borderlands®4 - Story Pack 1: Mad Ellie and the Vault of the Damned|Borderlands®4 - Bounty Pack 2: Legend of the Stone Demon|Borderlands®4: Vault Hunter Pack|Borderlands®4: Bounty Pack Bundle|Borderlands®4: Firehawk's Fury Weapon Skin|Borderlands®4: Ornate Order Pack|Borderlands®4: Gilded Glory Pack","FPS|Looter Shooter|PvE|Open World|Co-op|Loot|Action RPG|First-Person|Action-Adventure|RPG|Multiplayer|Action|Controller|Sci-fi|Online Co-Op|Funny|Space|Futuristic|Adventure|LGBTQ+","Action|Adventure|RPG","English|French|Italian|German|Spanish - Spain|Japanese|Korean|Portuguese - Brazil|Russian|Simplified Chinese|Thai|Traditional Chinese|Polish|Spanish - Latin America","https://store.steampowered.com/app/1285190/","https://store.steampowered.com/developer/2K","https://store.steampowered.com/publisher/2K","0 .. 20,000",6.66666666666667,FALSE
3949040,"RV There Yet?","21 Oct, 2025","Nuggets Entertainment","Nuggets Entertainment",NA,NA,"Very Positive","Very Positive",7.79,NA,NA,57,1,0,"True","False","False","A co-op adventure about driving your Recreational Vehicle home.","","Multiplayer|Co-op|Funny|Online Co-Op|Adventure|Physics|Driving|First-Person|Exploration|Indie|3D|Atmospheric|Offroad|Casual|Singleplayer|Psychological Horror|Controller|Action|Character Customization|Stylized","Action|Adventure|Indie","English","https://store.steampowered.com/app/3949040/","https://store.steampowered.com/curator/45054271","https://store.steampowered.com/curator/45054271","0 .. 20,000",6.66666666666667,TRUE
2426530,"Nova Roma","26 Mar, 2026","Lion Shield","Hooded Horse",NA,NA,"Overwhelmingly Positive","",29.99,23.99,20,36,18,0,"False","False","False","The glory of Rome is at your fingertips in this city-building game where you must appease the gods, enact laws, and develop complex supply chains to meet the needs of your citizens.","","Strategy|Simulation|City Builder|Base Building|Grand Strategy|Historical|Management|Building|Sandbox|Economy|Colony Sim|Resource Management|Open World|Survival|Singleplayer|Moddable|4X|Diplomacy|Replay Value|Early Access","Simulation|Strategy|Early Access","English|French|Italian|German|Spanish - Spain|Czech|Hungarian|Japanese|Korean|Polish|Portuguese - Brazil|Russian|Simplified Chinese|Traditional Chinese|Turkish|Ukrainian|Spanish - Latin America|Portuguese - Portugal","https://store.steampowered.com/app/2426530/","https://store.steampowered.com/developer/LionShield","https://store.steampowered.com/publisher/HoodedHorse","0 .. 20,000",6.66666666666667,FALSE
601150,"Devil May Cry 5","7 Mar, 2019","CAPCOM Co., Ltd.","CAPCOM Co., Ltd.",NA,918,"Overwhelmingly Positive","Overwhelmingly Positive",29.99,7.49,75,55,12,31,"True","False","False","The ultimate Devil Hunter is back in style, in the game action fans have been waiting for.","Devil May Cry 5 - Playable Character: Vergil|Devil May Cry 5 - Vergil Battle Track 4-Pack|Devil May Cry 5 - Super Vergil Unlock|Devil May Cry 5 - Vergil EX Provocation|Devil May Cry 5 - 1 Blue Orb|Devil May Cry 5 - 3 Blue Orbs|Devil May Cry 5 - 5 Blue Orbs|Devil May Cry 5 - 100000 Red Orbs|Devil May Cry 5 - 200000 Red Orbs|Devil May Cry 5 - 300000 Red Orbs|Devil May Cry 5 - 500000 Red Orbs|Devil May Cry 5 - 1000000 Red Orbs|Devil May Cry 5 - Super Character 3-Pack|Devil May Cry 5 - Taunt Trio|Devil May Cry 5 - V & Vergil Alt Colors|Devil May Cry 5 - Alt Hero Colors|Devil May Cry 5 - Alt Heroine Colors|Devil May Cry 5 - Alt Style Rank Announcers|Devil May Cry 5 - Alt Title Calls|Devil May Cry 5 - Live Action Cutscenes|Devil May Cry 5 - DMC1 Battle Track 3-Pack|Devil May Cry 5 - DMC2 Battle Track 3-Pack|Devil May Cry 5 - DMC3 Battle Track 3-Pack|Devil May Cry 5 - DMC4 Battle Track 3-Pack|Devil May Cry 5 - Gerbera GP01|Devil May Cry 5 - Pasta Breaker|Devil May Cry 5 - Sweet Surrender|Devil May Cry 5 - Mega Buster|Devil May Cry 5 - Cavaliere R|Devil May Cry 5 - Monkey Business|Devil May Cry 5 Vergil's Rebirth Sound Selection","Action|Hack and Slash|Great Soundtrack|Character Action Game|Demons|Spectacle fighter|Third Person|Singleplayer|Sexual Content|Nudity|Violent|Story Rich|Stylized|Difficult|Gore|Classic|Multiplayer|Controller|Adventure|Anime","Action","English|French|Italian|German|Spanish - Spain|Portuguese - Brazil|Polish|Russian|Simplified Chinese|Traditional Chinese|Japanese|Korean","https://store.steampowered.com/app/601150/","https://store.steampowered.com/developer/capcom","https://store.steampowered.com/publisher/capcom","5,000,000 .. 10,000,000",2.5,FALSE
105600,"Terraria","16 May, 2011","Re-Logic","Re-Logic",NA,NA,"Overwhelmingly Positive","Overwhelmingly Positive",9.75,NA,NA,137,9,0,"True","False","False","Dig, fight, explore, build! Nothing is impossible in this action-packed adventure game. Four Pack also available!","","Open World Survival Craft|Sandbox|Survival|2D|Multiplayer|Pixel Graphics|Adventure|Crafting|Building|Exploration|Co-op|Open World|Indie|Online Co-Op|Action|RPG|Singleplayer|Replay Value|Platformer|Atmospheric","Action|Adventure|Indie|RPG","English|French|Italian|German|Spanish - Spain|Polish|Portuguese - Brazil|Russian|Simplified Chinese","https://store.steampowered.com/app/105600/","https://store.steampowered.com/developer/Re-Logic","https://store.steampowered.com/publisher/Re-Logic","20,000,000 .. 50,000,000",11.6666666666667,TRUE
2840770,"Avatar: Frontiers of Pandora™","17 Jun, 2024","Massive Entertainment – A Ubisoft Studio","Ubisoft",NA,816,"Mostly Positive","Very Positive",29.99,NA,NA,52,13,6,"False","False","False","Avatar: Frontiers of Pandora™ is a third and first-person action-adventure game set in the Western Frontier. Reconnect with your lost heritage and discover what it means to be Na'vi.","From The Ashes Expansion - Avatar: Frontiers of Pandora™|Avatar: Frontiers of Pandora™ – Season Pass|JAKE SULLY TORUK MAKTO STARTER PACK - AVATAR: FRONTIERS OF PANDORA™|VALLEY OF MO’ARA STARTER PACK - AVATAR: FRONTIERS OF PANDORA™|Avatar: Frontiers of Pandora™ – Secrets of The Spires|Avatar: Frontiers of Pandora™ – The Sky Breaker","Open World|Adventure|Action|Multiplayer|Online Co-Op|First-Person|Singleplayer|Exploration|Shooter|Character Customization|Story Rich|Sci-fi|Atmospheric|3D|Co-op|Third Person|Immersive Sim|Beautiful|RPG|FPS","Action|Adventure","English|French|Italian|German|Spanish - Spain|Arabic|Japanese|Korean|Polish|Portuguese - Brazil|Russian|Simplified Chinese|Traditional Chinese","https://store.steampowered.com/app/2840770/","https://store.steampowered.com/developer/ubisoft","https://store.steampowered.com/publisher/ubisoft","100,000 .. 200,000",75,FALSE
1790930,"Crisol: Theater of Idols","10 Feb, 2026","Vermila Studios","Blumhouse Games",NA,541,"Very Positive","Very Positive",17.49,NA,NA,28,7,0,"False","False","False","Crisol is a survival horror adventure set in a twisted version of Spain. As a soldier captured by religious dogmatism, you must use your own blood as ammunition, without draining to the point of death. Explore the cursed island of Tormentosa, uncover dark secrets, and battle horrifying enemies.","","Narration|Horror|FPS|Shooter|Action-Adventure|First-Person|Story Rich|Linear|Action|Puzzle|Realistic|Dystopian|Lore-Rich|Mystery|Survival|Atmospheric|Survival Horror|Cinematic|Adventure|Dark","Action|Adventure","English|Spanish - Spain|French|German|Portuguese - Brazil|Russian|Simplified Chinese","https://store.steampowered.com/app/1790930/","https://store.steampowered.com/developer/blumhousegames","https://store.steampowered.com/publisher/blumhousegames","0 .. 20,000",6.66666666666667,FALSE
2688950,"Planet Coaster 2","6 Nov, 2024","Frontier Developments","Frontier Developments",NA,220,"Mostly Positive","Very Positive",49.99,22.49,55,36,13,6,"False","False","False","Build and customise thrilling roller coasters and incredible water slides, manage the ultimate theme park experience, and share your epic creations. Are you ready to ride the wave?","Planet Coaster 2: Toybox Pack|Planet Coaster 2: Sorcery Pack|Planet Coaster 2: Thrill-Seekers Ride Pack|Planet Coaster 2: Vintage Funfair Ride Pack|Planet Coaster 2: Bonus Ride Collection|The music of Planet Coaster 2: You, me & Fluidity","Simulation|Sandbox|Strategy|Building|City Builder|3D|Singleplayer|God Game|Economy|Realistic|Management|Colorful|Online Co-Op|Atmospheric|Family Friendly|Relaxing|Funny|Multiplayer|Asynchronous Multiplayer|VR","Simulation|Strategy","English|French|Italian|German|Spanish - Spain|Czech|Dutch|Japanese|Korean|Polish|Portuguese - Brazil|Simplified Chinese|Traditional Chinese","https://store.steampowered.com/app/2688950/","https://store.steampowered.com/developer/FrontierDevelopments","https://store.steampowered.com/publisher/FrontierDevelopments","200,000 .. 500,000",175,FALSE
3763700,"Starfield - Terran Armada","7 Apr, 2026","Bethesda Game Studios","Bethesda Softworks",138,NA,"Mixed","",9.99,NA,NA,0,9,0,"False","True","False","","","Space|Open World|Singleplayer|RPG|Sci-fi|Exploration|First-Person|Character Customization|Story Rich|Action-Adventure|Third Person|Adventure|Action RPG|Atmospheric|Space Sim|Moddable|Action|Cinematic|Realistic|Great Soundtrack","RPG","English|French|Italian|German|Spanish - Spain|Japanese|Polish|Portuguese - Brazil|Simplified Chinese","https://store.steampowered.com/app/3763700/","https://store.steampowered.com/developer/bethesda","https://store.steampowered.com/publisher/bethesda","0 .. 20,000",6.66666666666667,FALSE
2379780,"Balatro","20 Feb, 2024","LocalThunk","Playstack",NA,NA,"Overwhelmingly Positive","Overwhelmingly Positive",13.99,NA,NA,31,12,0,"True","False","False","The poker roguelike. Balatro is a hypnotically satisfying deckbuilder where you play illegal poker hands, discover game-changing jokers, and trigger adrenaline-pumping, outrageous combos.","","Card Game|Roguelike|Roguelike Deckbuilder|Deckbuilding|Singleplayer|Strategy|Pixel Graphics|Replay Value|Roguelite|Indie|Turn-Based|Casual|Card Battler|Difficult|2D|Choices Matter|Relaxing|Turn-Based Strategy|Arcade|Procedural Generation","Casual|Indie|Strategy","English|French|Italian|German|Spanish - Spain|Dutch|Japanese|Polish|Portuguese - Brazil|Simplified Chinese|Spanish - Latin America|Traditional Chinese","https://store.steampowered.com/app/2379780/","","https://store.steampowered.com/publisher/Playstack","2,000,000 .. 5,000,000",1.16666666666667,TRUE
2531310,"The Last of Us™ Part II Remastered","3 Apr, 2025","Naughty Dog LLC","PlayStation Publishing LLC",NA,NA,"Very Positive","Very Positive",49.99,NA,NA,45,25,0,"False","False","False","Experience the winner of over 300 Game of the Year awards, now on PC. Discover Ellie and Abby’s story with graphical enhancements, gameplay modes like the roguelike survival experience No Return, and more.","","Story Rich|Post-apocalyptic|Third-Person Shooter|Action-Adventure|LGBTQ+|Horror|Third Person|Action|Stealth|Emotional|Realistic|Singleplayer|Drama|Atmospheric|Survival|Adventure|Thriller|Survival Horror|Dark|Sequel","Action|Adventure","English|French|Italian|German|Spanish - Spain|Czech|Danish|Dutch|Finnish|Greek|Hungarian|Japanese|Korean|Norwegian|Polish|Portuguese - Brazil|Portuguese - Portugal|Russian|Simplified Chinese|Spanish - Latin America|Swedish|Thai|Traditional Chinese|Turkish|Croatian","https://store.steampowered.com/app/2531310/","https://store.steampowered.com/developer/playstationstudios","https://store.steampowered.com/publisher/playstationstudios","500,000 .. 1,000,000",100.2,FALSE
594650,"Hunt: Showdown 1896","27 Aug, 2019","Crytek","Crytek",NA,NA,"Mostly Positive","Mostly Positive",29.99,NA,NA,36,13,72,"True","False","False","Hunt: Showdown 1896 is a new era of the addictively unforgiving extraction shooter. In corrupted backwaters lost to history, fight back alone – or with friends – against timeless evil. Twisted monsters and other ruthless Hunters stand between you and your Bounty. Risk everything as Hunt consumes you","Hunt: Showdown 1896 - The Madness of Montresor|Hunt: Showdown 1896 – Port Sulphur Band – Take the Devil’s Trail|Hunt: Showdown 1896 – Port Sulphur Band – The Sinners Songbook (Deluxe)|Hunt: Showdown 1896 - Violent Balance|Hunt: Showdown 1896 - Cry of the Caged Bird|Hunt: Showdown 1896 - Death's Day|Hunt: Showdown 1896 - The Ghost of Blanchett Graves|Hunt: Showdown 1896 - Port Sulphur Band - Shadows Wake (Deluxe)|Hunt: Showdown 1896 - Port Sulphur Band - The Fool|Hunt: Showdown 1896 - Port Sulphur Band - Let Us Prey|Hunt: Showdown 1896 - Last of the Herd|Hunt: Showdown 1896 - Dead Man's Cut|Hunt: Showdown 1896 – Port Sulphur Band – Rise Up Dead Man Anniversary Collection|Hunt: Showdown 1896 - The Last Laugh|Hunt: Showdown 1896 - Port Sulphur Band - The Sinners Songbook|Hunt: Showdown 1896 - Port Sulphur Band - The Devil's Match|Hunt: Showdown 1896 - Taker of Trophies|Hunt: Showdown 1896 - Ghost Face Rampage|Hunt: Showdown 1896 - Bones and Bounties|Hunt: Showdown 1896 - From the Wilds|Hunt: Showdown 1896 - The Reckoning Son|Hunt: Showdown 1896 - The Son of Gunpowder|Hunt: Showdown 1896 - Northern Justice|Hunt: Showdown 1896 - The Shadow Under the Cowl|Hunt: Showdown 1896 - Law of Salvage|Hunt: Showdown 1896 - Souls of a Feather|Hunt: Showdown 1896 - When Shadows Dance|Hunt: Showdown 1896 - Bark, Bone and Blood|Hunt: Showdown 1896 - Myth of the Moors|Hunt: Showdown 1896 - The Phantom of the Catacombs|Hunt: Showdown 1896 - Shrine Maiden's Hell|Hunt: Showdown 1896 - Biatatá - Still Waters Run Deep|Hunt: Showdown 1896 - Commedia Della Morte|Hunt: Showdown 1896 - La Luz Mala|Hunt: Showdown 1896 – Frau Perchta|Hunt: Showdown 1896 – The Concubine|Hunt: Showdown 1896 – Fear The Reaper|Hunt: Showdown 1896 – The Penitent|Hunt: Showdown 1896 – Reap What You Sow|Hunt: Showdown 1896 - The Prescient Night|Hunt: Showdown 1896 - Bridgewater's Honor|Hunt: Showdown 1896 - Lonely Howl|Hunt: Showdown 1896 - Meridian Turncoat|Hunt: Showdown 1896 - They Came From Salem|Hunt: Showdown 1896 - Azure Arsenal|Hunt: Showdown 1896 - The Lawless|Hunt: Showdown 1896 - Death's Herald|Hunt: Showdown 1896 - Cold Blooded|Hunt: Showdown 1896 - The Kid|Hunt: Showdown 1896- Bayou Wraith|Hunt: Showdown 1896 - Through the Bone Briar|Hunt: Showdown 1896 - The Beast Hunter|Hunt: Showdown 1896 - The Committed|Hunt: Showdown 1896 - The Wolf at the Door|Hunt: Showdown 1896 - The Prodigal Daughter|Hunt: Showdown 1896 - Spirit of Nian|Hunt: Showdown 1896 - The Trick Shooter|Hunt: Showdown 1896 - Ronin|Hunt: Showdown 1896 - Live by the Blade|Hunt: Showdown 1896 - Double or Nothing|Hunt: Showdown 1896 - The Revenant|Hunt: Showdown 1896 - Crossroads|Hunt: Showdown 1896 - The Arcane Archaeologist|Hunt: Showdown 1896 - Louisiana Legacy|Hunt: Showdown 1896 - Fire Fight|Hunt: Showdown 1896 - Zhong Kui|Hunt: Showdown 1896 - The Rat|Hunt: Showdown 1896 - The Researcher|Hunt: Showdown 1896 - Llorona’s Heir|Hunt: Showdown 1896 - Last Gust|Hunt: Showdown 1896- The Phantom|Hunt: Showdown  1896 - Legends of the Bayou","Extraction Shooter|Multiplayer|FPS|PvP|Team-Based|Tactical|Open World|Atmospheric|Western|Perma Death|Horror|Shooter|Online Co-Op|Co-op|Survival Horror|Difficult|Battle Royale|Action|Gore|Zombies","Action","English|French|Italian|German|Spanish - Spain|Russian|Simplified Chinese|Polish|Turkish|Japanese|Portuguese - Brazil|Korean|Traditional Chinese","https://store.steampowered.com/app/594650/","https://store.steampowered.com/developer/Crytek","https://store.steampowered.com/publisher/Crytek","10,000,000 .. 20,000,000",5,FALSE
2698940,"The Crew Motorfest","18 Apr, 2024","Ubisoft Ivory Tower","Ubisoft",NA,NA,"Mostly Positive","Mostly Positive",69.99,NA,NA,50,13,13,"False","False","False","Welcome to Motorfest, the ultimate open-world driving experience. Explore the Hawaiian islands of O'ahu and Maui. Celebrate the best of car culture through 20+ themed campaigns (street racing, offroad, drift...) and collect hundreds of iconic vehicles. Enjoy the game free for five hours!","The Crew Motorfest | Year 3 Pass|The Crew Motorfest | Year 2 Pass|The Crew Motorfest | Year 1 Pass|The Crew Motorfest | Audi Double Car Pack|The Crew Motorfest | Triple Bike Pack|The Crew Motorfest | JDM Custom Car Pack|The Crew Motorfest | Chase Squad Pack|The Crew Motorfest | BMW Double Car Pack|The Crew Motorfest | Alfa Romeo Double Car Pack|The Crew Motorfest | Ford Triple Car Pack|The Crew Motorfest | Porsche Triple Car Pack|The Crew Motorfest | JDM Car Pack|Audi R8 Spyder Welcome Pack (+220,000 Crew Credits) – The Crew Motorfest","Racing|Open World|Multiplayer|Driving|Arcade|Sandbox|Singleplayer|PvP|Online Co-Op|Sports|Co-op|3D|Automobile Sim|Motorbike|Controller|Simulation|Family Friendly|Massively Multiplayer","Racing","English|French|Italian|German|Spanish - Spain|Arabic|Simplified Chinese|Traditional Chinese|Korean|Japanese|Polish|Portuguese - Brazil|Russian","https://store.steampowered.com/app/2698940/","https://store.steampowered.com/developer/ubisoft","https://store.steampowered.com/publisher/ubisoft","200,000 .. 500,000",175,FALSE
454650,"DRAGON BALL XENOVERSE 2","27 Oct, 2016","QLOC","Bandai Namco Entertainment",NA,222,"Very Positive","Very Positive",19.99,NA,NA,61,13,30,"False","False","False","DRAGON BALL XENOVERSE 2 builds upon the highly popular DRAGON BALL XENOVERSE with enhanced graphics that will further immerse players into the largest and most detailed Dragon Ball world ever developed.","DRAGON BALL XENOVERSE 2 - FUTURE SAGA Pack Set|DRAGON BALL XENOVERSE 2 - FUTURE SAGA Chapter 3|DRAGON BALL XENOVERSE 2 - Dragon Ball DAIMA Pack|DRAGON BALL XENOVERSE 2 - Time Patrol Support Pack|DRAGON BALL XENOVERSE 2 - FUTURE SAGA Chapter 2|DRAGON BALL XENOVERSE 2 - FUTURE SAGA Chapter 1|DRAGON BALL XENOVERSE 2 - HERO OF JUSTICE Pack Set|DRAGON BALL XENOVERSE 2 - HERO OF JUSTICE Pack 2|DRAGON BALL XENOVERSE 2 - HERO OF JUSTICE Pack 1|DRAGON BALL XENOVERSE 2 Conton City Vote Pack|DRAGON BALL XENOVERSE 2 - Legendary Pack Set|DRAGON BALL XENOVERSE 2 - Legendary Pack 2|DRAGON BALL XENOVERSE 2 - Legendary Pack 1|DRAGON BALL XENOVERSE 2 - Ultra Pack Set|DRAGON BALL XENOVERSE 2 - Ultra Pack 2|DRAGON BALL XENOVERSE 2 - Ultra Pack 1|DRAGON BALL XENOVERSE 2 - Extra Pass|DRAGON BALL XENOVERSE 2 - Extra DLC Pack 4|DRAGON BALL XENOVERSE 2 - Extra DLC Pack 3|DRAGON BALL XENOVERSE 2 - Extra DLC Pack 2|DRAGON BALL XENOVERSE 2 - Extra DLC Pack 1|DRAGON BALL XENOVERSE 2 - Super Pass|DRAGON BALL XENOVERSE 2 - Super Pack 4|DRAGON BALL XENOVERSE 2 - Super Pack 3|DRAGON BALL XENOVERSE 2 - Super Pack 2|DRAGON BALL XENOVERSE 2 - Super Pack 1|DRAGON BALL XENOVERSE 2 - Legend Patrol Pack|DRAGON BALL XENOVERSE 2 - Anime Music Pack 2|DRAGON BALL XENOVERSE 2 - Anime Music Pack 1|DRAGON BALL XENOVERSE 2 - Pre-Order Bonus","Anime|Fighting|Character Customization|Action|Multiplayer|Adventure|Massively Multiplayer|Co-op|RPG|Online Co-Op|Singleplayer|Open World|Third Person|Story Rich|Moddable|MMORPG|Beat 'em up|Great Soundtrack|Casual|Dragons","Action|Adventure|Casual|Massively Multiplayer","English|French|Italian|German|Spanish - Spain|Polish|Portuguese - Brazil|Russian|Japanese|Traditional Chinese|Korean|Simplified Chinese|Spanish - Latin America","https://store.steampowered.com/app/454650/","","https://store.steampowered.com/publisher/BANDAINAMCO","1,000,000 .. 2,000,000",0.5,FALSE
1551360,"Forza Horizon 5","8 Nov, 2021","Playground Games","Xbox Game Studios",NA,NA,"Very Positive","Very Positive",59.99,NA,NA,164,16,52,"False","False","False","Explore the vibrant open world landscapes of Mexico with limitless, fun driving action in the world’s greatest cars.","Forza Horizon 5 Nissan Retro Rides Car Pack|Forza Horizon 5 JDM Jewels Car Pack|Forza Horizon 5 Universal Icons Car Pack|Forza Horizon 5 Fast X Car Pack|Forza Horizon 5 American Automotive Car Pack|Forza Horizon 5 Welcome Pack|Forza Horizon 5 Car Pass|Forza Horizon 5 Formula Drift Pack|Forza Horizon 5 Treasure Map|Forza Horizon 5 VIP|Forza Horizon 5: Hot Wheels|Forza Horizon 5 Rally Adventure|Forza Horizon 5 2019 SUBARU STI S209|Forza Horizon 5 1967 Renault 8 Gordini|Forza Horizon 5 1970 Mercury Cyclone Spoiler|Forza Horizon 5 2017 Ferrari J50|Forza Horizon 5 2019 Ferrari Monza SP2|Forza Horizon 5 1973 Lamborghini Espada 400 GT|Forza Horizon 5 2020 Lamborghini Huracán EVO|Forza Horizon 5 1966 Jaguar XJ13|Forza Horizon 5 1993 Jaguar XJ220S|Forza Horizon 5 2018 Ferrari FXX-K Evo|Forza Horizon 5 2018 Audi TT RS|Forza Horizon 5 2010 Porsche 911 SC|Forza Horizon 5 1992 Mazda 323 GT-R|Forza Horizon 5 2021 VW Golf R|Forza Horizon 5 2005 MG SV-R|Forza Horizon 5 1986 Ford Mustang SVO|Forza Horizon 5 2020 Toyota Tundra TRD|Forza Horizon 5 2006 Noble M400|Forza Horizon 5 2017 #25 Ferrari 488|Forza Horizon 5 1966 Toronado|Forza Horizon 5 2021 McLaren 620R|Forza Horizon 5 2021 MINI JCW GP|Forza Horizon 5 2019 Porsche 911 Speedster|Forza Horizon 5 2003 Ford Lightning|Forza Horizon 5 2014 SafariZ 370Z|Forza Horizon 5 2019 Toyota Tacoma|Forza Horizon 5 2008 Dodge Magnum|Forza Horizon 5 2020 BMW M8 Comp|Forza Horizon 5 2020 Audi RS 3|Forza Horizon 5 2018 Audi RS 5|Forza Horizon 5 1982 VW Pickup|Forza Horizon 5 2021 Aston Martin DBX|Forza Horizon 5 2020 Lexus RC F|Forza Horizon 5 2019 Nissan 370Z Nismo|Forza Horizon 5 Italian Exotics Car Pack|Forza Horizon 5 Super Speed Car Pack|Forza Horizon 5 Chinese Lucky Stars Car Pack|Forza Horizon 5 European Automotive Car Pack|Forza Horizon 5 Acceleration Car Pack|Forza Horizon 5 Apex Allstars Car Pack","Racing|Open World|Driving|Multiplayer|Automobile Sim|Realistic|Simulation|Adventure|Arcade|Exploration|First-Person|Co-op|Online Co-Op|VR|Sports|Singleplayer|Atmospheric|Beautiful|PvP|Action","Action|Adventure|Racing|Simulation|Sports","English|French|Italian|German|Spanish - Spain|Czech|Hungarian|Japanese|Korean|Polish|Portuguese - Brazil|Russian|Simplified Chinese|Spanish - Latin America|Traditional Chinese|Turkish","https://store.steampowered.com/app/1551360/","https://store.steampowered.com/developer/XboxGameStudios","https://store.steampowered.com/publisher/XboxGameStudios","5,000,000 .. 10,000,000",2.5,FALSE
4224910,"Ready or Not: Boiling Point","12 Mar, 2026","VOID Interactive","VOID Interactive",NA,NA,"Very Positive","",9.99,NA,NA,0,12,0,"False","True","False","","","Action|Violent|Gore|Adventure|Indie|Shooter|First-Person|Tactical|FPS|Atmospheric|Realistic|Psychological Horror","Action|Adventure|Indie","English|French|German|Korean|Simplified Chinese|Italian|Spanish - Spain|Japanese|Polish|Portuguese - Portugal|Turkish|Russian","https://store.steampowered.com/app/4224910/","","","0 .. 20,000",6.66666666666667,TRUE
1118010,"Monster Hunter World: Iceborne","9 Jan, 2020","CAPCOM Co., Ltd.","CAPCOM Co., Ltd.",NA,22,"Mixed","Mixed",39.99,5.99,85,0,14,0,"False","True","False","","","Action|Multiplayer|Co-op|Open World|Hunting|Difficult|Third Person|Adventure|Singleplayer|Online Co-Op|RPG|Character Customization|Dragons|Exploration|Hack and Slash|Story Rich|PvE|JRPG|Dinosaurs|Sexual Content","Action","English|French|Italian|German|Spanish - Spain|Arabic|Portuguese - Brazil|Polish|Traditional Chinese|Japanese|Korean|Russian|Simplified Chinese|Spanish - Latin America","https://store.steampowered.com/app/1118010/","https://store.steampowered.com/developer/capcom","https://store.steampowered.com/publisher/capcom","0 .. 20,000",6.66666666666667,FALSE
374320,"DARK SOULS™ III","11 Apr, 2016","FromSoftware, Inc.","FromSoftware, Inc.",NA,NA,"Very Positive","Very Positive",59.99,NA,NA,43,12,3,"False","False","False","Dark Souls continues to push the boundaries with the latest, ambitious chapter in the critically-acclaimed and genre-defining series. Prepare yourself and Embrace The Darkness!","DARK SOULS™ III - Season Pass|DARK SOULS™ III - Ashes of Ariandel™|DARK SOULS™ III - The Ringed City™","Souls-like|Dark Fantasy|Difficult|RPG|Atmospheric|Lore-Rich|Third Person|Exploration|Story Rich|Action RPG|Co-op|Great Soundtrack|Adventure|Action|Multiplayer|PvP|Open World|Singleplayer|Character Customization|Replay Value","Action","English|French|Italian|German|Spanish - Spain|Polish|Russian|Portuguese - Brazil|Simplified Chinese|Traditional Chinese|Japanese|Korean","https://store.steampowered.com/app/374320/","https://store.steampowered.com/curator/45188208","https://store.steampowered.com/curator/45188208","5,000,000 .. 10,000,000",2.5,FALSE
1451940,"NEEDY STREAMER OVERLOAD","21 Jan, 2022","WSS playground","WSS playground",NA,807,"Very Positive","Very Positive",13.29,4.51,66,33,11,2,"True","False","False","NEEDY STREAMER OVERLOAD is a “multi-ending ADV” depicting daily life with “OMGkawaiiAngel”, a young girl with a rather extreme need for approval attempting to become the #1 “Internet Angel” (streamer).","NEEDY GIRL OVERDOSE Soundtrack vol.2|NEEDY STREAMER OVERLOAD ARTWORKS","Psychological Horror|Anime|Visual Novel|Sexual Content|Cute|Pixel Graphics|Multiple Endings|Psychological|2D|Dark Humor|Story Rich|Singleplayer|Psychedelic|Point & Click|Choose Your Own Adventure|Colorful|Hentai|Text-Based|Adventure|Conversation","Adventure|Indie","English|Japanese|Simplified Chinese|Korean|Traditional Chinese|French|Italian|German|Spanish - Spain|Vietnamese|Russian","https://store.steampowered.com/app/1451940/","https://store.steampowered.com/developer/WSSplayground","https://store.steampowered.com/publisher/WSSplayground","1,000,000 .. 2,000,000",0.5,TRUE
2661300,"Grounded 2","29 Jul, 2025","Obsidian Entertainment","Xbox Game Studios",NA,536,"Very Positive","Very Positive",29.99,NA,NA,0,7,1,"True","False","False","Shrunk again, but the world is much larger. In this open-world, single-player or co-op survival adventure, craft weapons and armor, build your base, and traverse the playground on your buggy. But something else is out there—and it hasn’t forgotten you.","Grounded 2: Founder’s Pack","Survival|Multiplayer|Adventure|Action|Base Building|Co-op|Open World|Exploration|Crafting|Early Access|Open World Survival Craft|Sandbox|Online Co-Op|Third Person|RPG|First-Person|Singleplayer|Horror|Split Screen|Survival Horror","Action|Adventure|Early Access","English|French|Italian|German|Spanish - Spain|Spanish - Latin America|Simplified Chinese","https://store.steampowered.com/app/2661300/","https://store.steampowered.com/developer/obsidian","https://store.steampowered.com/publisher/XboxGameStudios","0 .. 20,000",6.66666666666667,FALSE
239140,"Dying Light","26 Jan, 2015","Techland","Techland",NA,NA,"Overwhelmingly Positive","Very Positive",24.99,4.99,80,78,17,39,"True","False","False","First-person action survival game set in a post-apocalyptic open world overrun by flesh-hungry zombies. Roam a city devastated by a mysterious virus epidemic. Scavenge for supplies, craft weapons, and face hordes of the infected.","Dying Light - 10th Anniversary Bundle|Dying Light - Hellraid|Dying Light - White Death Bundle|Dying Light - Vintage Gunslinger Bundle|Dying Light 3D Printer Models|Dying Light Wallpaper Pack|Dying Light Book|Dying Light: The Following|Dying Light: The Following|Dying Light: Season Pass|Dying Light - Cuisine & Cargo|Dying Light - Crash Test Skin Bundle|Dying Light - The Bozak Horde|Dying Light - Ultimate Survivor Bundle|Dying Light Collector’s Artbook|Dying Light - Harran Ranger Bundle|Dying Light - Gun Psycho Bundle|Dying Light - Volatile Hunter Bundle|Dying Light - Godfather Bundle|Dying Light - 5th Anniversary Bundle|Dying Light - Unturned Weapon Pack|Dying Light - Unturned Weapon Pack|Dying Light - Volkan Combat Armor Bundle|Dying Light - Shu Warrior Bundle|Dying Light - Harran Inmate Bundle|Dying Light - Chivalry Weapon Pack|Dying Light – L4D2 Bill and Gnome Chompski Pack|Dying Light - Classified Operation Bundle|Dying Light - Viking: Raiders of Harran Bundle|Dying Light - Ox Warrior Bundle|Dying Light - Harran Tactical Unit Bundle|Dying Light - Rust Weapon Pack|Dying Light - Savvy Gamer Bundle|Dying Light - Astronaut Bundle|Dying Light - Van Crane Bundle|Dying Light - Snow Ops Bundle|Dying Light - Dieselpunk Bundle|Dying Light - Standard To Enhanced Upgrade|Dying Light - Standard To Definitive Upgrade","Zombies|Survival Horror|Horror|Online Co-Op|Open World|Parkour|First-Person|Survival|Open World Survival Craft|Gore|Action|FPS|Multiplayer|PvE|Stealth|PvP|Post-apocalyptic|Story Rich|Action RPG|Hack and Slash","Action|RPG","English|French|Italian|German|Spanish - Spain|Dutch|Polish|Portuguese - Brazil|Russian|Korean|Simplified Chinese|Spanish - Latin America|Japanese|Thai|Traditional Chinese|Turkish|Czech","https://store.steampowered.com/app/239140/","https://store.steampowered.com/developer/Techland","https://store.steampowered.com/publisher/Techland","10,000,000 .. 20,000,000",5,FALSE
4000,"Garry's Mod","29 Nov, 2006","Facepunch Studios","Valve",NA,NA,"Overwhelmingly Positive","Overwhelmingly Positive",9.99,NA,NA,29,31,0,"False","False","False","Garry's Mod is a physics sandbox. There aren't any predefined aims or goals. We give you the tools and leave you to play.","","Sandbox|Moddable|Multiplayer|Physics|Building|Casual|Funny|First-Person|Singleplayer|FPS|Simulation|Comedy|Online Co-Op|Shooter|Co-op|Action|Indie|PvP|Realistic|Exploration","Casual|Indie|Simulation","English|French|Italian|German|Spanish - Spain|Bulgarian|Czech|Danish|Dutch|Finnish|Greek|Hungarian|Japanese|Korean|Norwegian|Polish|Portuguese - Portugal|Portuguese - Brazil|Russian|Simplified Chinese|Swedish|Thai|Traditional Chinese|Turkish|Ukrainian|Vietnamese|Croatian|Estonian|Hebrew|Lithuanian|Slovak","https://store.steampowered.com/app/4000/","https://store.steampowered.com/developer/facepunch","","20,000,000 .. 50,000,000",11.6666666666667,TRUE
2778580,"ELDEN RING Shadow of the Erdtree","20 Jun, 2024","FromSoftware, Inc.","FromSoftware, Inc.",NA,178,"Mostly Positive","Mixed",39.99,NA,NA,0,14,0,"False","True","False","","","Action|RPG|Souls-like|Difficult|Fantasy|Exploration|Lore-Rich|Dark|Adventure|Singleplayer|Third Person|Multiplayer|Story Rich|Character Customization|Action RPG|PvE|PvP|Online Co-Op|3D|Co-op","Action|RPG","English|French|Italian|German|Spanish - Spain|Japanese|Korean|Polish|Portuguese - Brazil|Russian|Simplified Chinese|Spanish - Latin America|Thai|Traditional Chinese","https://store.steampowered.com/app/2778580/","https://store.steampowered.com/curator/45188208","https://store.steampowered.com/curator/45188208","0 .. 20,000",6.66666666666667,FALSE
1778820,"TEKKEN 8","25 Jan, 2024","Bandai Namco Studios Inc.","Bandai Namco Entertainment",NA,NA,"Mixed","Mostly Negative",59.99,23.99,60,47,15,22,"False","False","False","TEKKEN 8 is the latest addition to the TEKKEN series, the pinnacle of 3D fighting games. Join the fight with over 32 characters and bear witness to the next installment in this epic saga. Get ready for the biggest and best TEKKEN game ever made!","TEKKEN 8 - Season 3 Pass|TEKKEN 8 - Season 2 Character & Stage Pass|TEKKEN 8 - Season 2 Character Pass|TEKKEN 8 - Miary Zo|TEKKEN 8 - BAOBAB HORIZON|TEKKEN 8 - Armor King|TEKKEN 8 - Fahkumram|TEKKEN 8 - PAC-PIXELS|TEKKEN 8 - Anna Williams|TEKKEN 8 - Season 1 Character & Stage Pass|TEKKEN 8 - Season 1 Character Pass|TEKKEN 8 - Eddy Gordo|TEKKEN 8 - Lidia Sobieska|TEKKEN 8 - Heihachi Mishima|TEKKEN 8 - Collaboration Set Clive Rosfield & PHOENIX GATE (FINAL FANTASY series)|TEKKEN 8 - Clive Rosfield (FINAL FANTASY series)|TEKKEN 8 - GENMAJI TEMPLE|TEKKEN 8 - PHOENIX GATE  (FINAL FANTASY series)|TEKKEN 8 - Customization Item Pack|TEKKEN 8 - Avatar Costume: Paul Phoenix Set|TEKKEN 8 - Avatar Skin: Tetsujin|TEKKEN 8 - Avatar Skin: Mokujin","Fighting|3D Fighter|Multiplayer|Action|Local Multiplayer|PvP|eSports|Arcade|Singleplayer|Competitive|Character Customization|Sexual Content|Martial Arts|Anime|Great Soundtrack|Controller|Difficult|Casual|Gambling|Nudity","Action","English|French|Italian|German|Spanish - Spain|Arabic|Japanese|Korean|Portuguese - Brazil|Simplified Chinese|Traditional Chinese|Polish|Russian|Thai|Spanish - Latin America","https://store.steampowered.com/app/1778820/","https://store.steampowered.com/developer/BANDAINAMCO","https://store.steampowered.com/publisher/BANDAINAMCO","1,000,000 .. 2,000,000",0.5,FALSE
1790600,"DRAGON BALL: Sparking! ZERO","10 Oct, 2024","Spike Chunsoft Co., Ltd.","Bandai Namco Entertainment",NA,325,"Very Positive","Very Positive",69.99,NA,NA,50,16,11,"False","False","False","DRAGON BALL: Sparking! ZERO takes the legendary gameplay of the Budokai Tenkaichi series and raises it to whole new levels. Make yours the destructive power of the strongest fighters ever to appear in Dragon Ball!","DRAGON BALL: Sparking! ZERO Season Pass|DRAGON BALL: Sparking! ZERO Anime Music Pack 1|DRAGON BALL: Sparking! ZERO Anime Music Pack 2|DRAGON BALL: Sparking! ZERO Pre-Order Pack|DRAGON BALL: Sparking! ZERO HERO OF JUSTICE Pack|DRAGON BALL: Sparking! ZERO - Dragon Ball DAIMA: Character Pack 1|DRAGON BALL: Sparking! ZERO - Dragon Ball DAIMA: Character Pack 2|DRAGON BALL: Sparking! ZERO Ultimate Upgrade Pack|DRAGON BALL: Sparking! ZERO - Shallot (DRAGON BALL LEGENDS)|DRAGON BALL: Sparking! ZERO Victory Pack|DRAGON BALL: Sparking! ZERO Martial Arts Pack","Anime|Multiplayer|Action|3D Fighter|Fighting|Local Multiplayer|PvP|Combat|Martial Arts|Singleplayer|Competitive|3D|Physics|Third Person|2.5D|Co-op|PvE|Action-Adventure|Open World|Spectacle fighter","Action","English|French|Italian|German|Spanish - Spain|Arabic|Indonesian|Spanish - Latin America|Portuguese - Brazil|Polish|Russian|Simplified Chinese|Traditional Chinese|Japanese|Korean|Thai","https://store.steampowered.com/app/1790600/","","https://store.steampowered.com/publisher/BANDAINAMCO","2,000,000 .. 5,000,000",1.16666666666667,FALSE
1313140,"Cult of the Lamb","11 Aug, 2022","Massive Monster","Devolver Digital",NA,NA,"Overwhelmingly Positive","Overwhelmingly Positive",22.99,NA,NA,57,14,6,"True","False","False","Start your own cult in a land of false prophets, venturing out into diverse and mysterious regions to build a loyal community of woodland Followers and spread your Word to become the one true cult.","Cult of the Lamb: Woolhaven|Cult of the Lamb: Pilgrim Pack|Cult of the Lamb: Cultist Pack|Cult of the Lamb: Sinful Pack|Cult of the Lamb: Hymns of the Unholy|Cult of the Lamb: Heretic Pack","Base Building|Action Roguelike|Cute|Singleplayer|Dungeon Crawler|Roguelite|Character Customization|Colony Sim|Dark Humor|Building|2D|Adventure|Action|Faith|Fantasy|Funny|Controller|Colorful|Strategy|Third Person","Action|Adventure|Indie|Strategy","English|French|German|Spanish - Spain|Japanese|Korean|Portuguese - Brazil|Russian|Simplified Chinese|Traditional Chinese|Italian|Arabic|Dutch|Turkish","https://store.steampowered.com/app/1313140/","https://store.steampowered.com/developer/massivemonster","https://store.steampowered.com/publisher/DevolverDigital","2,000,000 .. 5,000,000",1.16666666666667,TRUE
2697000,"The Legend of Khiimori","3 Mar, 2026","Aesir Interactive","Mindscape",NA,NA,"Very Positive","",29.99,NA,NA,15,33,0,"False","False","False","Take on the role of a brave courier rider in The Legend of Khiimori! Bond with your horse and tame the open wilds of 13th century Mongolia. Breed and train horses with specialized abilities to explore every aspect of this diverse and fascinating landscape.","","Early Access|Horses|Historical|Exploration|Open World|Nature|Survival|Mythology|Female Protagonist|Simulation|Life Sim|Adventure|Cute|Transportation|Realistic|3D|Third Person|Singleplayer|Controller|Casual","Adventure|Casual|Simulation|Early Access","English|German|French|Spanish - Spain|Japanese|Polish|Simplified Chinese|Traditional Chinese|Italian|Bulgarian|Czech|Danish|Dutch|Finnish|Greek|Hungarian|Korean|Norwegian|Portuguese - Brazil|Portuguese - Portugal|Romanian|Russian|Spanish - Latin America|Swedish|Turkish|Ukrainian|Bosnian|Croatian|Hindi|Mongolian|Serbian|Slovak|Tamil","https://store.steampowered.com/app/2697000/","https://store.steampowered.com/developer/aesir-interactive","https://store.steampowered.com/publisher/Mindscape","0 .. 20,000",6.66666666666667,FALSE
2569670,"Farmer's Dynasty 2","2 Apr, 2026","UMEO Studios","Toplitz Productions",439,NA,"Mostly Positive","",24.99,19.99,20,30,12,2,"False","False","False","Build your dream farm and secure your family’s future. Cultivate your fields, raise animals, and shape your dynasty across generations in this beautifully crafted life and farming simulation. Start your dynasty today!","Farmer's Dynasty 2 - Official Guide|Farmer's Dynasty 2 - Official Cookbook","Early Access|Farming Sim|Simulation|Sandbox|Life Sim|Casual|Building|Agriculture|Exploration|Immersive Sim|Fishing|First-Person|Time Management|RPG|3D|Adventure|Colorful|Atmospheric|Family Friendly|Modern","Adventure|Casual|RPG|Simulation|Early Access","English|French|German|Spanish - Spain|Japanese|Polish|Simplified Chinese|Italian|Korean|Portuguese - Brazil|Russian|Turkish","https://store.steampowered.com/app/2569670/","https://store.steampowered.com/developer/Toplitz","https://store.steampowered.com/publisher/Toplitz","0 .. 20,000",6.66666666666667,FALSE
2253100,"Everwind","17 Mar, 2026","Enjoy Studio S.A.","Bohemia Interactive",NA,NA,"Very Positive","",24.99,NA,NA,9,10,3,"False","False","False","Everwind is a novel take on RPG and Sandbox Survival genre in First-Person-Perspective. Embark on the adventure with your friends - Build a base on a flying island-ship, gather resources, craft, loot, and fight while you rise above the clouds to uncover the mysteries of this world!","Everwind - Early Access Thank-You Gift|Capybara Edition Upgrade|Everwind - Supporter Pack","Early Access|Open World|Survival|RPG|Co-op|Sandbox|Pixel Graphics|Adventure|Combat|Procedural Generation|Online Co-Op|Building|Multiplayer|Exploration|Destruction|PvE|Singleplayer|Crafting|3D|Flight","Adventure|Indie|RPG|Simulation|Early Access","English|French|German|Spanish - Spain|Simplified Chinese|Polish|Russian|Japanese|Korean|Portuguese - Brazil","https://store.steampowered.com/app/2253100/","https://store.steampowered.com/developer/enjoy_studio","https://store.steampowered.com/publisher/BohemiaInteractive","0 .. 20,000",6.66666666666667,TRUE
814380,"Sekiro™: Shadows Die Twice - GOTY Edition","21 Mar, 2019","FromSoftware, Inc.","Activision (Excluding Japan and Asia)",NA,NA,"Overwhelmingly Positive","Very Positive",59.99,NA,NA,34,13,0,"False","False","False","Game of the Year - The Game Awards 2019 Best Action Game of 2019 - IGN Carve your own clever path to vengeance in the award winning adventure from developer FromSoftware, creators of Bloodborne and the Dark Souls series. Take Revenge. Restore Your Honor. Kill Ingeniously.","","Souls-like|Difficult|Action|Singleplayer|Ninja|Stealth|Adventure|Third Person|Open World|Story Rich|Violent|Atmospheric|Assassin|Dark Fantasy|Hack and Slash|RPG|Gore|Great Soundtrack|Rhythm|Dark","Action|Adventure","English|French|Italian|German|Spanish - Spain|Japanese|Korean|Polish|Russian|Simplified Chinese|Thai|Traditional Chinese|Portuguese - Brazil","https://store.steampowered.com/app/814380/","https://store.steampowered.com/curator/45188208","https://store.steampowered.com/publisher/Activision","10,000,000 .. 20,000,000",5,FALSE
2417610,"METAL GEAR SOLID Δ: SNAKE EATER","28 Aug, 2025","KONAMI","KONAMI",NA,548,"Very Positive","Mostly Positive",79.99,NA,NA,45,11,1,"False","False","False","A remake of the 2004 game METAL GEAR SOLID 3: SNAKE EATER, with the same gripping story and engrossing world, now with all new graphics and 3D audio that enhance the jungle atmosphere. Get ready for the ultimate survival stealth action experience.","METAL GEAR SOLID Δ: SNAKE EATER - Sneaking DLC Pack","Stealth|Action|Story Rich|Cinematic|Cold War|Remake|Military|Singleplayer|Third-Person Shooter|Action-Adventure|Tactical|Survival|3D|Adventure|Third Person|War|Drama|Violent|Exploration|Great Soundtrack","Action|Adventure","English|Japanese|French|Italian|German|Spanish - Spain|Portuguese - Brazil|Simplified Chinese|Traditional Chinese|Korean|Russian","https://store.steampowered.com/app/2417610/","https://store.steampowered.com/developer/Konami","https://store.steampowered.com/publisher/Konami","0 .. 20,000",6.66666666666667,FALSE
3720100,"ARK: Lost Colony Expansion Pass","18 Jun, 2025","Studio Wildcard","Studio Wildcard",920,NA,"Mostly Negative","",29.99,20.09,33,0,16,0,"False","True","False","","","Survival|Open World|Multiplayer|Dinosaurs|Adventure|Building|Base Building|Crafting|Action|Sandbox|Character Customization|Singleplayer|Massively Multiplayer|PvE|PvP|Inventory Management|RPG|Fantasy|Sci-fi|Moddable","Action|Adventure|Indie|Massively Multiplayer|RPG","English|French|Italian|German|Spanish - Spain|Danish|Dutch|Japanese|Korean|Portuguese - Brazil|Portuguese - Portugal|Russian|Simplified Chinese|Spanish - Latin America|Traditional Chinese|Turkish","https://store.steampowered.com/app/3720100/","","","0 .. 20,000",6.66666666666667,TRUE
1812450,"Bellwright","23 Apr, 2024","Donkey Crew","Donkey Crew",NA,632,"Very Positive","Mostly Positive",28.99,NA,NA,41,18,0,"True","False","False","Establish and expand your own settlements, liberate the land and assist its villagers, and recruit others to your cause while learning more about a life you had to leave behind. Command your forces, prove your valor through combat, and cement yourself as the hero of your people.","","Survival|Open World|Medieval|City Builder|Crafting|Online Co-Op|Multiplayer|Building|Simulation|RPG|Co-op|Strategy|Life Sim|Exploration|Singleplayer|Action|Early Access|Third Person|War|3D","Action|RPG|Simulation|Strategy|Early Access","English|French|Italian|German|Spanish - Spain|Japanese|Korean|Polish|Portuguese - Brazil|Russian|Simplified Chinese|Traditional Chinese|Turkish|Ukrainian|Arabic|Portuguese - Portugal|Romanian|Croatian","https://store.steampowered.com/app/1812450/","https://store.steampowered.com/developer/SnailGamesUSA","https://store.steampowered.com/publisher/SnailGamesUSA","500,000 .. 1,000,000",100.2,FALSE
304240,"Resident Evil","19 Jan, 2015","CAPCOM Co., Ltd.","CAPCOM Co., Ltd.",NA,NA,"Very Positive","Very Positive",19.99,4.99,75,44,8,0,"False","False","False","The game that defined the survival-horror genre is back! Check out the remastered HD version of Resident Evil.","","Survival Horror|Zombies|Horror|Classic|Remake|Atmospheric|Singleplayer|Puzzle|Survival|Adventure|Third Person|Action|Female Protagonist|Cult Classic|Story Rich|Difficult|Gore|Shooter|Great Soundtrack|Third-Person Shooter","Action|Adventure","English|French|Italian|German|Spanish - Spain|Japanese|Simplified Chinese|Traditional Chinese","https://store.steampowered.com/app/304240/","https://store.steampowered.com/developer/capcom","https://store.steampowered.com/publisher/capcom","1,000,000 .. 2,000,000",0.5,FALSE
2114740,"Blasphemous 2","24 Aug, 2023","The Game Kitchen","Team17",NA,291,"Very Positive","Very Positive",29.99,9.89,67,60,11,3,"False","False","False","The Penitent One awakens as Blasphemous 2 joins him once again in an endless struggle against The Miracle. Dive into a perilous new world filled with mysteries and secrets to discover, and tear your way through monstrous foes that stand between you and your quest to end the cycle once and for all.","Blasphemous 2 - Mea Culpa|Blasphemous 2 - Digital Artbook|Blasphemous 2 - OST","Combat|Fantasy|Metroidvania|Souls-like|Adventure|Pixel Graphics|2D Platformer|Difficult|Side Scroller|Hack and Slash|Unforgiving|2D|Platformer|Action RPG|Horror|Lore-Rich|Action-Adventure|Story Rich|Multiple Endings|Nonlinear","Action|Adventure|Indie","English|French|Italian|German|Spanish - Spain|Japanese|Portuguese - Brazil|Russian|Simplified Chinese|Traditional Chinese|Korean","https://store.steampowered.com/app/2114740/","https://store.steampowered.com/developer/thegamekitchen","https://store.steampowered.com/publisher/Team17","500,000 .. 1,000,000",100.2,TRUE
529340,"Victoria 3","25 Oct, 2022","Paradox Development Studio","Paradox Interactive",NA,440,"Mostly Positive","Mostly Positive",49.99,NA,NA,127,11,17,"False","False","False","Paradox Development Studio invites you to build your ideal society in the tumult of the exciting and transformative 19th century. Balance the competing interests in your society and earn your place in the sun in Victoria 3, one of the most anticipated games in Paradox’s history.","Victoria 3: Volume 3|Victoria 3: Iberian Twilight - Immersion Pack|Victoria 3: National Awakening - Immersion Pack|Victoria 3: Charters of Commerce - Mechanics Pack|Victoria 3: Sphere of Influence - Expansion|Victoria 3: Pivot of Empire - Immersion Pack|Victoria 3: Trains - Bonus Pack|Victoria 3: Colossus of the South - Region Pack|Victoria 3: Voice of the People - Immersion Pack|Victoria 3: Songs of the Homeland - Music Pack|Victoria 3: Dawn of Wonder - Art Pack|Victoria 3: Melodies for the Masses - Music Pack|Victoria 3: Trade Ships - Bonus Pack|Victoria 3: Warships - Bonus Pack|Victoria 3: The Great Wave - Expansion|Victoria 3: State and Revolution - Immersion Pack|Victoria 3: Century of Strife - Immersion Pack","Grand Strategy|Economy|Historical|Political Sim|Strategy|Capitalism|Politics|Diplomacy|Management|Simulation|Alternate History|Moddable|Political|Resource Management|Real-Time with Pause|Sandbox|Multiplayer|Singleplayer|Replay Value|Military","Simulation|Strategy","English|French|German|Spanish - Spain|Japanese|Korean|Polish|Portuguese - Brazil|Russian|Simplified Chinese|Turkish","https://store.steampowered.com/app/529340/","https://store.steampowered.com/developer/paradoxdevelopmentstudio","https://store.steampowered.com/publisher/paradoxinteractive","1,000,000 .. 2,000,000",0.5,FALSE
1574820,"Until Then","25 Jun, 2024","Polychroma Games","Maximum Entertainment",NA,497,"Overwhelmingly Positive","Overwhelmingly Positive",19.5,8.77,55,29,7,0,"False","False","False","A fateful meeting sets off a chain reaction, upending Mark's life. People disappear and memories prove unreliable. Uncover a hidden truth with Mark and his friends in this narrative adventure and race to unravel the mystery before it's too late.","","Visual Novel|Pixel Graphics|Emotional|Story Rich|Interactive Fiction|Drama|2D|Psychological|Mystery|Adventure|Romance|LGBTQ+|Casual|Linear|Side Scroller|Colorful|Singleplayer|Multiple Endings|Conversation|Foreign","Adventure|Casual|Indie","English|French|Italian|German|Spanish - Spain|Japanese|Simplified Chinese","https://store.steampowered.com/app/1574820/","https://store.steampowered.com/developer/maximumentertainment","https://store.steampowered.com/publisher/maximumentertainment","100,000 .. 200,000",75,TRUE
1771300,"Kingdom Come: Deliverance II","4 Feb, 2025","Warhorse Studios","Deep Silver",NA,NA,"Very Positive","Very Positive",59.99,NA,NA,83,15,8,"True","False","False","A thrilling story-driven action RPG, with a rich open world, set in 15th century Medieval Europe. Experience the ultimate medieval adventure - through the eyes of young Henry - as you embark on a journey of epic proportions.","Kingdom Come: Deliverance II Mysteria Ecclesiae|Kingdom Come: Deliverance II Legacy of the Forge|Kingdom Come: Deliverance II Expansion Pass|Kingdom Come: Deliverance II Brushes with Death|Kingdom Come: Deliverance II Artbook|Kingdom Come: Deliverance II The Lion’s Crest|Kingdom Come: Deliverance II Gallant Huntsman’s Kit|Kingdom Come: Deliverance II Shields of Seasons Passing","RPG|Medieval|Open World|Singleplayer|Story Rich|Realistic|First-Person|Adventure|Action|Historical|Combat|Swordplay|Political|Immersive|Choices Matter|Atmospheric|Alternate History|Action-Adventure|LGBTQ+|3D","Action|Adventure|RPG","English|Italian|French|German|Spanish - Spain|Czech|Japanese|Korean|Polish|Portuguese - Brazil|Simplified Chinese|Traditional Chinese|Turkish|Russian|Ukrainian","https://store.steampowered.com/app/1771300/","https://store.steampowered.com/curator/44981550","https://store.steampowered.com/publisher/deepsilver","2,000,000 .. 5,000,000",1.16666666666667,FALSE
1030300,"Hollow Knight: Silksong","4 Sep, 2025","Team Cherry","Team Cherry",NA,NA,"Very Positive","Very Positive",19.5,NA,NA,52,10,0,"True","False","False","Discover a vast, haunted kingdom in Hollow Knight: Silksong! Explore, fight and survive as you ascend to the peak of a land ruled by silk and song.","","Metroidvania|Difficult|Indie|Great Soundtrack|Souls-like|2D|Singleplayer|Platformer|Exploration|Female Protagonist|Adventure|Beautiful|Atmospheric|Story Rich|Sequel|Hand-drawn|Action|Multiple Endings|Open World|Cute","Action|Adventure|Indie","English|French|Italian|German|Spanish - Spain|Japanese|Korean|Portuguese - Brazil|Russian|Simplified Chinese","https://store.steampowered.com/app/1030300/","https://store.steampowered.com/developer/teamcherry","https://store.steampowered.com/publisher/teamcherry","0 .. 20,000",6.66666666666667,TRUE
3357650,"PRAGMATA","16 Apr, 2026","CAPCOM Co., Ltd.","CAPCOM Co., Ltd.",0,NA,"No hay reseñas","",59.99,NA,NA,0,14,0,"False","False","False","Capcom’s newest IP—PRAGMATA. An all-new Science Fiction action adventure with its own unique hacking twist! It is the near future, and protagonists Hugh and his android companion Diana, must work together as they make their way through the cold lunar research station.","","Cute|Action|Sci-fi|Funny|Adventure|Third-Person Shooter|Futuristic|Action-Adventure|Robots|Third Person|Singleplayer|Hacking|3D|Story Rich|Realistic|Artificial Intelligence|PvE|Space|Female Protagonist|Psychological Horror","Action|Adventure","English|French|Italian|German|Spanish - Spain|Arabic|Spanish - Latin America|Portuguese - Brazil|Polish|Russian|Simplified Chinese|Traditional Chinese|Japanese|Korean","https://store.steampowered.com/app/3357650/","https://store.steampowered.com/developer/capcom","https://store.steampowered.com/publisher/capcom","0 .. 20,000",6.66666666666667,FALSE
3274580,"Anno 117: Pax Romana","12 Nov, 2025","Ubisoft Mainz","Ubisoft",NA,403,"Mostly Positive","Mixed",59.99,NA,NA,50,12,2,"False","False","False","Shape the Roman Empire in this genre-defining strategic builder game. Build cities while expanding your influence through Roman provinces. Govern using your economic prowess, diplomatic skills, or military might.","Anno 117: Pax Romana – Year 1 Pass|Anno 117: Pax Romana - Marvellous Mosaic Pack","Strategy|Simulation|City Builder|Sandbox|RTS|Building|Economy|Choose Your Own Adventure|Exploration|Historical|Management|Political|Resource Management|Choices Matter|Multiplayer|Singleplayer|Rome|Artificial Intelligence|Story Rich|Online Co-Op","Simulation|Strategy","English|French|Italian|German|Spanish - Spain|Japanese|Korean|Polish|Portuguese - Brazil|Russian|Simplified Chinese|Traditional Chinese","https://store.steampowered.com/app/3274580/","https://store.steampowered.com/curator/44446041","https://store.steampowered.com/publisher/ubisoft","0 .. 20,000",6.66666666666667,FALSE
1206560,"WorldBox - God Simulator","2 Dec, 2021","Maxim Karpenko","Maxim Karpenko",NA,890,"Overwhelmingly Positive","Overwhelmingly Positive",19.5,NA,NA,54,27,0,"False","False","False","WorldBox is the ULTIMATE god simulator and sandbox game. A petri dish for your fantasy civilizations. Create your own world or destroy it using many powers. Watch civilizations grow, form kingdoms, colonize new lands, sail to far continents, wars to ignite, empires to fall and towns to burn!","","Sandbox|God Game|Simulation|Pixel Graphics|Colony Sim|Life Sim|Destruction|Building|Artificial Intelligence|Fantasy|Political Sim|Indie|Medieval|Relaxing|Management|Procedural Generation|Politics|Mythology|Idler|Early Access","Indie|Simulation|Early Access","English|French|Italian|German|Spanish - Spain|Japanese|Korean|Portuguese - Portugal|Russian|Simplified Chinese|Traditional Chinese|Turkish|Danish|Dutch|Polish|Portuguese - Brazil|Swedish|Thai|Ukrainian|Arabic|Czech|Finnish|Greek|Hungarian|Norwegian|Romanian|Vietnamese","https://store.steampowered.com/app/1206560/","https://store.steampowered.com/curator/42771135","https://store.steampowered.com/curator/42771135","1,000,000 .. 2,000,000",0.5,TRUE
2975950,"Solasta II","12 Mar, 2026","Tactical Adventures","Tactical Adventures",NA,NA,"Mostly Positive","",39.99,NA,NA,0,9,1,"False","False","False","In a Mana-infused land, a dark force led by the enigmatic Shadwyn threatens Neokos. Bring your party of adventurers together across perilous realms in this Turn-Based Tactical RPG based on the SRD 5.2 ruleset. You make the choices, dice decide your destiny.","Solasta II - Supporter Pack","Early Access|Adventure|RPG|Strategy|Party-Based RPG|Turn-Based Strategy|CRPG|Strategy RPG|3D|Top-Down|Fantasy|Medieval|Character Customization|Choices Matter|Class-Based|Dungeons & Dragons|Combat|Controller|Co-op Campaign|Story Rich","Adventure|Indie|RPG|Strategy|Early Access","English|French|Italian|German|Spanish - Spain|Polish|Portuguese - Brazil|Russian|Simplified Chinese","https://store.steampowered.com/app/2975950/","https://store.steampowered.com/developer/Tacticaladventures","https://store.steampowered.com/publisher/Tacticaladventures","0 .. 20,000",6.66666666666667,TRUE
1229490,"ULTRAKILL","3 Sep, 2020","Arsi ""Hakita"" Patala","New Blood Interactive",NA,NA,"Overwhelmingly Positive","Overwhelmingly Positive",23.99,NA,NA,0,1,0,"False","False","False","ULTRAKILL is a fast-paced ultra-violent retro FPS that combines the skill-based style scoring of character action games with the unadulterated carnage inspired by the best shooters of the '90s. Rip apart your foes with varied destructive weaponry and shower in their blood to regain your health.","","Fast-Paced|FPS|Boomer Shooter|Blood|Character Action Game|Arena Shooter|Spectacle fighter|Great Soundtrack|Singleplayer|Dating Sim|Retro|Shooter|Difficult|First-Person|Action|Robots|Colorful|Score Attack|Early Access|Old School","Action|Indie|Early Access","English","https://store.steampowered.com/app/1229490/","","https://store.steampowered.com/publisher/NewBlood","5,000,000 .. 10,000,000",2.5,TRUE
3370870,"Berry Bury Berry","29 Jan, 2026","Get(Color) Games","Get(Color) Games",NA,NA,"Overwhelmingly Positive","Overwhelmingly Positive",7.79,NA,NA,61,1,0,"False","False","False","A juicy first-person incremental game about growing berries and tossing them down an ominous hole. Earn money and upgrades. Make new friends with sentient berry pals. Grow and control the hole as you unearth why nobody leaves this accursed garden. Bury it all, Berry everything.","","3D|First-Person|Psychological Horror|Physics|Clicker|Colorful|Surreal|Creature Collector|Singleplayer|Cute|Casual|Adventure|Farming Sim|Indie|Atmospheric|Relaxing|Sandbox|Idler|Conspiracy|Underground","Adventure|Casual|Indie","English","https://store.steampowered.com/app/3370870/","","","0 .. 20,000",6.66666666666667,TRUE
1913370,"OPERATOR","1 Aug, 2023","VECTOR INTERACTIVE PTY LTD","VECTOR INTERACTIVE PTY LTD",NA,550,"Very Positive","Very Positive",19.5,9.75,50,26,1,0,"False","False","False","In OPERATOR, you will play as an elite Tier 1 operator undergoing dangerous clandestine operations all over the globe. With a strategic, measured, and unforgiving style of gameplay. You are the tactical advantage, Good luck.","","Early Access|Realistic|Shooter|Tactical|Action|Simulation|PvE|FPS|War|Gun Customization|Gore|Character Customization|Multiplayer|Singleplayer|First-Person|Dark|RPG|Strategy|Combat|PvP","Action|Indie|RPG|Simulation|Strategy|Early Access","English","https://store.steampowered.com/app/1913370/","","","50,000 .. 100,000",37.5,TRUE
242760,"The Forest","30 Apr, 2018","Endnight Games Ltd","Endnight Games Ltd",NA,NA,"Overwhelmingly Positive","Overwhelmingly Positive",16.79,NA,NA,45,16,0,"False","False","False","As the lone survivor of a passenger jet crash, you find yourself in a mysterious forest battling to stay alive against a society of cannibalistic mutants. Build, explore, survive in this terrifying first person survival horror simulator.","","Open World Survival Craft|Survival|Horror|Open World|Crafting|Adventure|Building|Survival Horror|First-Person|Action|Exploration|Sandbox|Singleplayer|Atmospheric|Simulation|Gore|Realistic|Indie|Zombies|Early Access","Action|Adventure|Indie|Simulation","English|French|German|Czech|Finnish|Japanese|Korean|Polish|Portuguese - Brazil|Russian|Simplified Chinese|Swedish|Traditional Chinese|Turkish|Italian|Spanish - Spain","https://store.steampowered.com/app/242760/","","","20,000,000 .. 50,000,000",11.6666666666667,TRUE
3483400,"ARK: Astraeos","13 Feb, 2025","Studio Wildcard","Studio Wildcard",670,NA,"Mixed","",14.99,4.94,67,0,16,0,"False","True","False","","","Survival|Open World|Multiplayer|Dinosaurs|Adventure|Building|Crafting|Action|Base Building|Sandbox|Character Customization|Massively Multiplayer|PvP|Singleplayer|PvE|Inventory Management|RPG|Sci-fi|Fantasy|Moddable","Action|Adventure|Indie|Massively Multiplayer|RPG","English|French|Italian|German|Spanish - Spain|Danish|Dutch|Japanese|Korean|Portuguese - Brazil|Portuguese - Portugal|Russian|Simplified Chinese|Spanish - Latin America|Traditional Chinese|Turkish","https://store.steampowered.com/app/3483400/","","","0 .. 20,000",6.66666666666667,TRUE
2356560,"Monster Hunter Stories","13 Jun, 2024","CAPCOM Co., Ltd.","CAPCOM Co., Ltd.",NA,NA,"Very Positive","",29.99,9.89,67,50,14,0,"False","False","False","Monster Hunter Stories is an RPG that takes the world of Monster Hunter and expands upon it in new and exciting ways! No longer are you hunting monsters, but raising them! In this deep story featuring heroes known as Monster Riders, you will live alongside monsters and form lifelong bonds with them.","","RPG|JRPG|3D|Fantasy|PvP|Singleplayer|Multiplayer|Story Rich|Adventure|Exploration|Anime|Cartoony|Third Person|Dragons|Creature Collector|Loot|Hunting|Emotional|Character Customization|PvE","RPG","English|French|Italian|German|Spanish - Spain|Arabic|Portuguese - Brazil|Polish|Russian|Simplified Chinese|Traditional Chinese|Japanese|Korean|Spanish - Latin America","https://store.steampowered.com/app/2356560/","https://store.steampowered.com/developer/capcom","https://store.steampowered.com/publisher/capcom","20,000 .. 50,000",17.5,FALSE
286160,"Tabletop Simulator","5 Jun, 2015","Berserk Games","Berserk Games",NA,286,"Overwhelmingly Positive","Overwhelmingly Positive",19.5,NA,NA,26,1,43,"False","False","False","Tabletop Simulator is the only simulator where you can let your aggression out by flipping the table! There are no rules to follow: just you, a physics sandbox, and your friends. Make your own online board games or play the thousands of community created mods. Unlimited gaming possibilities!","Tabletop Simulator - Zombicide|Tabletop Simulator - Superfight|Tabletop Simulator - Cosmic Encounter Connector|Tabletop Simulator - Pillars of Eternity: Lords of the Eastern Reach|Tabletop Simulator - Xia: Legends of a Drift System|Tabletop Simulator - Dawn of the Zeds|Tabletop Simulator - Unearth|Tabletop Simulator - Warfighter|Tabletop Simulator - Darkest Night|Tabletop Simulator - Dungeon Drop|Tabletop Simulator - Three Kingdoms Redux|Tabletop Simulator - The Red Dragon Inn: Battle For Greyport|Tabletop Simulator - Blood Rage|Tabletop Simulator - Boss Monster|Tabletop Simulator - Down in Flames: Locked-On|Tabletop Simulator - Wizard's Academy|Tabletop Simulator - One Night Ultimate Werewolf|Tabletop Simulator - Tiny Epic Quest|Tabletop Simulator - Tiny Epic Galaxies|Tabletop Simulator - Tiny Epic Western|Tabletop Simulator - Tiny Epic Defenders|Tabletop Simulator - Tortuga 1667|Tabletop Simulator - Deck Quest|Tabletop Simulator - The Great Dinosaur Rush|Tabletop Simulator - Abraca...What?|Tabletop Simulator - Tiny Epic Kingdoms + Heroes' Call|Tabletop Simulator - In the Name of Odin|Tabletop Simulator - Indonesia|Tabletop Simulator - Khronos Hunter|Tabletop Simulator - Mr. Game!|Tabletop Simulator - Mistfall|Tabletop Simulator - Cavern Tavern|Tabletop Simulator - Simurgh|Tabletop Simulator - RARRR!!|Tabletop Simulator - Darkrock Ventures|Tabletop Simulator - Battle For Souls|Tabletop Simulator - Spirits of the Rice Paddy|Tabletop Simulator - Scuttle!|Tabletop Simulator - Three Cheers For Master|Tabletop Simulator - Draco Magi|Tabletop Simulator - Bristol 1350|Tabletop Simulator - Tiny Epic Dinosaurs|Tabletop Simulator - Widget's Workshop","Tabletop|Board Game|Simulation|Multiplayer|Sandbox|Card Game|VR|Trading Card Game|Moddable|Physics|Strategy|3D|Casual|Online Co-Op|Wargame|Co-op|RPG|Funny|First-Person|Indie","Casual|Indie|RPG|Simulation|Strategy","English","https://store.steampowered.com/app/286160/","","","2,000,000 .. 5,000,000",1.16666666666667,TRUE
1966720,"Lethal Company","23 Oct, 2023","Zeekerss","Zeekerss",NA,NA,"Overwhelmingly Positive","Very Positive",9.75,NA,NA,0,1,0,"False","False","False","A co-op horror about scavenging at abandoned moons to sell scrap to the Company.","","Online Co-Op|Horror|First-Person|Co-op|Survival Horror|Funny|Exploration|Psychological Horror|Sci-fi|PvE|Atmospheric|Procedural Generation|Aliens|Time Management|Adventure|Dungeon Crawler|Action|Early Access|Action-Adventure|Perma Death","Action|Adventure|Indie|Early Access","English","https://store.steampowered.com/app/1966720/","","","10,000,000 .. 20,000,000",5,TRUE
625960,"Stoneshard","6 Feb, 2020","Ink Stains Games","HypeTrain Digital",NA,441,"Mostly Positive","Mostly Positive",24.99,NA,NA,74,14,2,"False","False","False","Stoneshard is a hardcore turn-based RPG about the harsh life of a medieval mercenary: travel with your own caravan, descend into procedurally generated dungeons, learn new skills, survive hunger and injuries - and remember, every mistake can mean death and loss of progress.","Stoneshard - Supporter Pack|Stoneshard - Character Pack","RPG|Roguelike|Pixel Graphics|Strategy|Survival|Open World Survival Craft|Turn-Based|Procedural Generation|2D|Singleplayer|Dungeon Crawler|Turn-Based Combat|Dark Fantasy|Medieval|Difficult|Indie|Sandbox|Replay Value|Open World|Early Access","Adventure|Indie|RPG|Strategy|Early Access","English|Russian|German|Simplified Chinese|Polish|Italian|Spanish - Latin America|Turkish|Portuguese - Brazil|Japanese|French|Korean|Spanish - Spain|Portuguese - Portugal","https://store.steampowered.com/app/625960/","https://store.steampowered.com/developer/InkStainsGames","https://store.steampowered.com/publisher/HypeTrainDigital","1,000,000 .. 2,000,000",0.5,TRUE
246620,"Plague Inc: Evolved","18 Feb, 2016","Ndemic Creations","Ndemic Creations",NA,541,"Very Positive","Very Positive",14.79,NA,NA,250,15,2,"True","False","False","Plague Inc: Evolved is a unique mix of high strategy and terrifyingly realistic simulation. Your pathogen has just infected 'Patient Zero' - now you must bring about the end of human history by evolving a deadly, global Plague whilst adapting against everything humanity can do to defend itself.","Plague Inc: Aliens & Anti-Vaxxers|Plague Inc: The Cure","Strategy|Simulation|Outbreak Sim|Indie|Singleplayer|Multiplayer|Zombies|Casual|Tactical|Replay Value|Post-apocalyptic|Addictive|Realistic|2D|Difficult|Co-op|Atmospheric|Sandbox|Early Access|Survival","Casual|Indie|Simulation|Strategy","English|French|German|Russian|Spanish - Spain|Italian|Portuguese - Portugal|Portuguese - Brazil|Simplified Chinese|Traditional Chinese|Japanese|Norwegian|Polish|Turkish|Korean","https://store.steampowered.com/app/246620/","https://store.steampowered.com/developer/ndemic","https://store.steampowered.com/publisher/ndemic","1,000,000 .. 2,000,000",0.5,TRUE
1366540,"Dyson Sphere Program","20 Jan, 2021","Youthcat Studio","Gamirror Games",NA,380,"Overwhelmingly Positive","Very Positive",16.79,NA,NA,128,2,1,"True","False","False","Build the most efficient intergalactic factory in space simulation strategy game Dyson Sphere Program! Harness the power of stars, collect resources, plan and design production lines and develop your interstellar factory from a small space workshop to a galaxy-wide industrial empire.","Dyson Sphere Program - Digital Art Book","Automation|Base Building|Space|Building|Resource Management|Open World|Simulation|Sci-fi|Management|Sandbox|City Builder|Strategy|Singleplayer|Space Sim|3D|Third Person|Early Access|Indie|RTS|Casual","Indie|Simulation|Strategy|Early Access","English|Simplified Chinese","https://store.steampowered.com/app/1366540/","https://store.steampowered.com/developer/YouthcatGames","https://store.steampowered.com/publisher/gamirrorgames","2,000,000 .. 5,000,000",1.16666666666667,TRUE
597180,"Old World","18 May, 2022","Mohawk Games","Hooded Horse",NA,247,"Very Positive","Mostly Positive",39.99,3.99,90,408,10,7,"False","False","False","Old World is a revolutionary new historical strategy game where you lead your dynasty over generations of rule against rival kings and queens. Wage massive wars, manage your court, and build a dynasty — or watch your empire crumble to dust. What legacy will you leave behind?","Old World - Empires of the Indus|Old World - Wrath of Gods|Old World - Behind the Throne|Old World - Wonders and Dynasties|Old World - Pharaohs of the Nile|Old World - The Sacred and The Profane|Old World - Heroes of the Aegean","Strategy|Simulation|Grand Strategy|4X|Historical|Turn-Based Strategy|Multiplayer|War|Tactical|Management|Diplomacy|Turn-Based|Economy|Co-op|Singleplayer|Moddable|Military|Alternate History|Sandbox|Replay Value","RPG|Simulation|Strategy","English|French|German|Spanish - Spain|Japanese|Russian|Simplified Chinese|Traditional Chinese|Portuguese - Brazil|Korean","https://store.steampowered.com/app/597180/","https://store.steampowered.com/developer/mohawkgames","https://store.steampowered.com/publisher/HoodedHorse","200,000 .. 500,000",175,FALSE
3288210,"Super Meat Boy 3D","31 Mar, 2026","Sluggerfly","Headup",468,NA,"Very Positive","",24.99,22.49,10,26,20,0,"False","False","False","The infamous, tough-as-nails platformer – now in 3D!","","Action|Precision Platformer|Platformer|3D Platformer|Difficult|3D|Colorful|Singleplayer|Comedy|Controller|Fast-Paced|Funny|Gore|Replay Value|Retro|Time Attack|Unforgiving|Blood|Indie|Violent","Action|Indie","English|French|German|Spanish - Spain|Japanese|Korean|Russian|Simplified Chinese|Portuguese - Brazil|Italian|Arabic|Danish|Dutch|Finnish|Norwegian|Polish|Swedish|Traditional Chinese|Turkish|Ukrainian","https://store.steampowered.com/app/3288210/","","https://store.steampowered.com/publisher/Headup","0 .. 20,000",6.66666666666667,TRUE
221100,"DayZ","13 Dec, 2018","Bohemia Interactive","Bohemia Interactive",NA,NA,"Mostly Positive","Very Positive",57.99,NA,NA,13,12,2,"True","False","False","How long can you survive a post-apocalyptic world? A land overrun with an infected ""zombie"" population, where you compete with other survivors for limited resources. Will you team up with strangers and stay strong together? Or play as a lone wolf to avoid betrayal? This is DayZ – this is your story.","DayZ Badlands|DayZ Frostline","Survival|Open World|Zombies|Online Co-Op|Multiplayer|Post-apocalyptic|Shooter|PvP|Massively Multiplayer|FPS|Sandbox|Action|Horror|Survival Horror|Co-op|Adventure|First-Person|Simulation|Atmospheric|Choose Your Own Adventure","Action|Adventure|Massively Multiplayer","English|French|Italian|German|Spanish - Spain|Czech|Russian|Simplified Chinese|Traditional Chinese|Japanese|Polish|Portuguese - Brazil","https://store.steampowered.com/app/221100/","https://store.steampowered.com/developer/BohemiaInteractive","https://store.steampowered.com/publisher/BohemiaInteractive","10,000,000 .. 20,000,000",5,FALSE
1361210,"Warhammer 40,000: Darktide","30 Nov, 2022","Fatshark","Fatshark",NA,NA,"Mostly Positive","Mixed",39.99,NA,NA,36,12,7,"False","False","False","Take back the city of Tertium from hordes of bloodthirsty foes in this intense and brutal action shooter. Warhammer 40,000: Darktide is the new co-op focused experience from the award-winning team behind the Vermintide series. As Tertium falls, Rejects Will Rise.","Warhammer 40,000: Darktide - Hive Scum Class|Warhammer 40,000: Darktide - Hive Scum Class Deluxe Edition|Warhammer 40,000: Darktide - Imperial Edition Upgrade|Warhammer 40,000: Darktide - Arbites Class|Warhammer 40,000: Darktide - Arbites Class Deluxe Edition|Warhammer 40,000: Darktide - Arbites Class Cosmetic Upgrade|Warhammer 40,000: Darktide - Hive Scum Class Cosmetic Upgrade","Horror|Team-Based|Combat|Co-op|Warhammer 40K|PvE|FPS|Class-Based|Hack and Slash|Shooter|Zombies|Character Customization|First-Person|Dark|Action-Adventure|Action|Narration|Dark Fantasy|Realistic|Atmospheric","Action|Adventure|RPG","English|French|Italian|German|Spanish - Spain|Polish|Portuguese - Brazil|Russian|Simplified Chinese|Japanese|Korean|Traditional Chinese","https://store.steampowered.com/app/1361210/","https://store.steampowered.com/developer/fatshark","https://store.steampowered.com/publisher/fatshark","2,000,000 .. 5,000,000",1.16666666666667,FALSE
29720,"Guild Wars® Reforged","3 Dec, 2025","ArenaNet®","ArenaNet®",NA,134,"Very Positive","Mostly Positive",19.99,11.99,40,0,9,2,"False","False","False","Step into Guild Wars Reforged, the award-winning online roleplaying game enjoyed by millions, now re-energized with system enhancements and Steam Deck verified. Experience the complete saga— from the fall of Ascalon to the desperate stand against Nightfall. Your adventure is just getting started!","Guild Wars® Eye of the North™|Guild Wars® Bonus Mission Pack","Adventure|MMORPG|Fantasy|Action|CRPG|Choose Your Own Adventure|RPG|3D|Exploration|Third Person|Colorful|Lore-Rich|Atmospheric|Action RPG|Crafting|Action-Adventure|Drama|Magic|Emotional|Character Customization","Action|Adventure|Massively Multiplayer|RPG","English|French|Italian|German|Spanish - Spain|Japanese|Korean|Polish|Russian","https://store.steampowered.com/app/29720/","https://store.steampowered.com/developer/arenanet","https://store.steampowered.com/publisher/arenanet","0 .. 20,000",6.66666666666667,FALSE
1465360,"SnowRunner","17 May, 2021","Saber Interactive","Focus Entertainment",NA,856,"Very Positive","Very Positive",29.99,NA,NA,37,13,47,"False","False","False","Get ready for the next-generation off-road experience! Drive powerful vehicles and overcome extreme open environments to complete dozens of challenging missions solo or with up to 3 friends!","SnowRunner - Mercedes-Benz Trucks Dual Pack 1|SnowRunner - Season 17: Repair & Rescue|SnowRunner - Dragon Wagons Dual Pack|SnowRunner - Season 16: High Voltage|SnowRunner - Freightliner & Western Star Dual Pack|SnowRunner - Season 15: Oil & Dirt|SnowRunner - Mack Dual Pack|SnowRunner - Kenworth Dual Pack|SnowRunner - Season 14: Reap & Sow|SnowRunner - Rezvani Tank|SnowRunner - Season 13: Dig & Drill|SnowRunner - The Atom|SnowRunner - Salt of the Earth Vinyl Wrap Pack|SnowRunner - Season 12: Public Energy|SnowRunner - Jack of All Treads Tire Pack|SnowRunner - Kenworth W990|SnowRunner - Season 11: Lights & Cameras|SnowRunner - Season 10: Fix & Connect|SnowRunner - The Mastodon|SnowRunner - Season 9: Renew & Rebuild|SnowRunner - Save the Day Vinyl Wrap Pack|SnowRunner - Season 8: Grand Harvest|SnowRunner - Rezvani Hercules|SnowRunner - Western Star Wolf Pack|SnowRunner - Land Rover Dual Pack|SnowRunner - Crocodile Pack|SnowRunner - Jeep Dual Pack|SnowRunner - Season 7: Compete & Conquer|SnowRunner - Season 6: Haul & Hustle|SnowRunner - Season 5: Build & Dispatch|SnowRunner - Season 4: New Frontiers|SnowRunner - Season 3: Locate & Deliver|SnowRunner - Season 2: Explore & Expand|SnowRunner - Season 1: Search & Recover|SnowRunner - TATRA Dual Pack|SnowRunner - Western Star 49X|SnowRunner - Clasico Pack|SnowRunner - Navistar 5000-MV Tractor|SnowRunner - Sabertooth Livery|SnowRunner - High Roller Pack|SnowRunner - Loaded Dice Vinyl Wrap|SnowRunner - Scorched Vinyl Wrap|SnowRunner - True Colors Vinyl Wrap|SnowRunner - Anniversary DLC|SnowRunner - GMC Brigadier|SnowRunner - Burning Bright Vinyl Wrap Pack|SnowRunner – Pathfinders Vinyl Wrap Pack","Simulation|Automobile Sim|Multiplayer|Adventure|Driving|Exploration|Realistic|Open World|Sandbox|First-Person|Third Person|Atmospheric|Snow|Immersive Sim|Racing|Physics|Nature|ATV|Team-Based|PvE","Adventure|Simulation","English|French|Italian|German|Spanish - Spain|Czech|Japanese|Korean|Polish|Portuguese - Brazil|Russian|Simplified Chinese|Traditional Chinese","https://store.steampowered.com/app/1465360/","https://store.steampowered.com/developer/SaberInteractive","https://store.steampowered.com/publisher/Focus","1,000,000 .. 2,000,000",0.5,FALSE
3314790,"CloverPit","26 Sep, 2025","Panik Arcade","Future Friends Games",NA,739,"Very Positive","Very Positive",9.99,NA,NA,30,10,0,"False","False","False","A rogue-lite slot machine nightmare. Gamble for your life in a never-ending debt simulator!","","Gambling|Roguelite|Roguelike|Psychological Horror|Strategy|First-Person|Dark Humor|3D|Horror|Psychological|Dark|Singleplayer|Indie|Resource Management|Surreal|Multiple Endings|Simulation|Retro|Adventure|Action","Action|Adventure|Indie|Simulation|Sports|Strategy","English|French|Italian|German|Spanish - Spain|Japanese|Korean|Portuguese - Brazil|Russian|Simplified Chinese","https://store.steampowered.com/app/3314790/","https://store.steampowered.com/developer/panikarcade","https://store.steampowered.com/publisher/futurefriendsgames","0 .. 20,000",6.66666666666667,TRUE
2555190,"Poppy Playtime - Chapter 3","30 Jan, 2024","Mob Entertainment","Mob Entertainment",NA,417,"Very Positive","Very Positive",14.79,NA,NA,0,9,0,"False","True","False","","","Adventure|Action|Indie|Horror|Puzzle|Singleplayer|First-Person|Dark|Jump Scare|Survival Horror|3D|Blood|Psychological Horror|Mystery|Violent|Story Rich|Survival|Atmospheric|Gore|Action-Adventure","Action|Adventure|Indie","English|French|Italian|German|Portuguese - Brazil|Russian|Spanish - Latin America|Japanese|Korean","https://store.steampowered.com/app/2555190/","","","0 .. 20,000",6.66666666666667,TRUE
916440,"Anno 1800","16 Apr, 2019","Ubisoft Mainz","Ubisoft",NA,377,"Very Positive","Mostly Positive",59.99,NA,NA,112,11,35,"False","False","False","Anno 1800™ – Lead the Industrial Revolution! Welcome to the dawn of the Industrial Age. The path you choose will define your world. Are you an innovator or an exploiter? A conqueror or a liberator? How the world remembers your name is up to you.","Anno 1800™ - Season 4 Pass|Anno 1800™ - Season 3 Pass|Anno 1800™ - Season 2 Pass|Anno 1800™ - Season 1 Pass|Anno 1800 - End of an Era Pack|Anno 1800 - Pirate Cove Pack|Anno 1800 - Steampunk Pack|Anno 1800 - Eldritch Pack|Anno 1800™ National Park Pack|Anno 1800™ Fiesta Pack|Anno 1800 Cosmetic Pack Bundle #1|Anno 1800 Cosmetic Pack Bundle #2|Anno 1800™ Dragon Garden Pack|Anno 1800 - Old Town Pack|Anno 1800 - Industrial Zone Pack|Anno 1800 - Vibrant Cities Pack|Anno 1800 - Pedestrian Zone Pack|Anno 1800 - Vehicle Liveries|Anno 1800 - City Lights Pack|Anno 1800 - Amusements Pack|Anno 1800 – Holiday pack|Anno 1800 - Seasonal Decorations Pack|Anno 1800 - Sunken Treasure|Anno 1800 - Botanica|Anno 1800 - The Passage|Anno 1800 - Seat of Power|Anno 1800 - Bright Harvest|Anno 1800 - Land of Lions|Anno 1800 - Docklands|Anno 1800 - Tourist Season|Anno 1800 - The High Life|Anno 1800 - Seeds of Change|Anno 1800 - Empire of the Skies|Anno 1800 – New World Rising|Anno 1800 - Deluxe Pack","City Builder|Strategy|Simulation|Economy|Multiplayer|Resource Management|Sandbox|RTS|Co-op|Singleplayer|Management|Exploration|Historical|Building|Political|Politics|Story Rich|Choose Your Own Adventure|Choices Matter|Multiple Endings","Simulation|Strategy","English|French|Italian|German|Spanish - Spain|Japanese|Korean|Polish|Russian|Simplified Chinese|Traditional Chinese","https://store.steampowered.com/app/916440/","https://store.steampowered.com/curator/44446041","https://store.steampowered.com/publisher/ubisoft","1,000,000 .. 2,000,000",0.5,FALSE
367520,"Hollow Knight","24 Feb, 2017","Team Cherry","Team Cherry",NA,NA,"Overwhelmingly Positive","Overwhelmingly Positive",14.79,NA,NA,63,10,1,"True","False","False","Forge your own path in Hollow Knight! An epic action adventure through a vast ruined kingdom of insects and heroes. Explore twisting caverns, battle tainted creatures and befriend bizarre bugs, all in a classic, hand-drawn 2D style.","Hollow Knight - Gods & Nightmares","Metroidvania|Platformer|Souls-like|Difficult|Great Soundtrack|2D|Indie|Singleplayer|Exploration|Atmospheric|Adventure|Story Rich|Hand-drawn|Multiple Endings|Action|Dark Fantasy|Open World|Cute|Controller|Side Scroller","Action|Adventure|Indie","English|French|German|Spanish - Spain|Korean|Simplified Chinese|Italian|Portuguese - Brazil|Russian|Japanese","https://store.steampowered.com/app/367520/","https://store.steampowered.com/developer/teamcherry","https://store.steampowered.com/publisher/teamcherry","5,000,000 .. 10,000,000",2.5,TRUE
2157830,"John Carpenter's Toxic Commando","12 Mar, 2026","Saber Interactive","Focus Entertainment",NA,NA,"Mostly Positive","",39.99,NA,NA,56,16,1,"True","False","False","Pick a character and team up with three friends ‘cause it’s time to save the world. Experience intense FPS action as you obliterate hordes of terrifying monsters! You may not be on the best team of mercenaries, but you are… a Toxic Commando!","John Carpenter's Toxic Commando - Bloody Pass","Zombies|Online Co-Op|Shooter|FPS|PvE|Action|Adventure|Looter Shooter|Action-Adventure|First-Person|1980s|Horror|Sci-fi|Funny|Supernatural|Vehicular Combat|Co-op|Team-Based|Character Customization|Multiplayer","Action|Adventure","English|French|Italian|German|Spanish - Spain|Russian|Simplified Chinese|Traditional Chinese|Czech|Japanese|Korean|Polish|Portuguese - Brazil|Thai|Turkish|Ukrainian","https://store.steampowered.com/app/2157830/","https://store.steampowered.com/developer/SaberInteractive","https://store.steampowered.com/publisher/Focus","0 .. 20,000",6.66666666666667,FALSE
805550,"Assetto Corsa Competizione","29 May, 2019","Kunos Simulazioni","505 Games",NA,487,"Very Positive","Very Positive",39.99,NA,NA,0,12,9,"False","False","False","Assetto Corsa Competizione, the official GT World Challenge videogame. Thanks to the extraordinary quality of simulation, you will experience the atmosphere of the GT3 championship. Compete against official drivers, teams, cars and official circuits reproduced to the highest quality ever seen.","Assetto Corsa Competizione - 24H Nürburgring Pack|Assetto Corsa Competizione - American Track Pack|Assetto Corsa Competizione - British GT Pack|Assetto Corsa Competizione - Intercontinental GT Pack|Assetto Corsa Competizione - Challengers Pack|Assetto Corsa Competizione - GT4 Pack|Assetto Corsa Competizione - 2020 GT World Challenge Pack|Assetto Corsa Competizione - GT2 Pack|Assetto Corsa Competizione - 2023 GT World Challenge Pack","Racing|Automobile Sim|Simulation|VR|Multiplayer|Driving|Realistic|Sports|Controller|Singleplayer|Open World|eSports|Online Co-Op|Competitive|First-Person|Early Access|Atmospheric|Moddable|Difficult|PvP","Racing|Simulation|Sports","English|Italian|French|German|Spanish - Spain|Simplified Chinese|Traditional Chinese|Korean|Japanese|Polish|Portuguese - Portugal|Russian","https://store.steampowered.com/app/805550/","https://store.steampowered.com/developer/505Games","https://store.steampowered.com/publisher/505Games","1,000,000 .. 2,000,000",0.5,FALSE
1304930,"The Outlast Trials","5 Mar, 2024","Red Barrels","Red Barrels",NA,NA,"Very Positive","Very Positive",38.99,NA,NA,27,14,8,"False","False","False","Red Barrels invites you to experience mind-numbing terror, this time with friends. Whether you go through the trials alone or in teams, if you survive long enough and complete the therapy, Murkoff will happily let you leave… but will you be the same?","The Outlast Trials - Reagent Starter Pack|The Outlast Trials - Exotica Pack|The Outlast Trials - Unholy Night Pack|The Outlast Trials - Sweet Release Pack|The Outlast Trials - Porcelain Observer Pack|The Outlast Trials - Terrified Toddler Pack|The Outlast Trials - World of Heavyweights Pack|The Outlast Trials - Spelunking For Your Life Pack","Horror|Multiplayer|Co-op|Survival Horror|Psychological Horror|First-Person|PvE|Stealth|Character Customization|Action|Survival|Action-Adventure|Dark Humor|Dark|Realistic|Atmospheric|Alternate History|Science|Adventure|Gore","Action|Adventure|Indie","English|French|Italian|German|Spanish - Spain|Japanese|Korean|Polish|Portuguese - Brazil|Russian|Simplified Chinese|Spanish - Latin America|Turkish|Traditional Chinese","https://store.steampowered.com/app/1304930/","https://store.steampowered.com/developer/redbarrels","https://store.steampowered.com/publisher/redbarrels","2,000,000 .. 5,000,000",1.16666666666667,TRUE
2622380,"ELDEN RING NIGHTREIGN","29 May, 2025","FromSoftware, Inc.","FromSoftware, Inc.",NA,NA,"Very Positive","Very Positive",39.99,NA,NA,37,15,1,"False","False","False","ELDEN RING NIGHTREIGN is a standalone adventure within the ELDEN RING universe, crafted to offer players a new gaming experience by reimagining the game’s core design.","ELDEN RING NIGHTREIGN The Forsaken Hollows","Souls-like|Online Co-Op|Multiplayer|Roguelike|Co-op|Singleplayer|PvE|Third Person|Action|Roguelite|Action RPG|Open World|RPG|Dark|3D|Violent|Survival|Lore-Rich|Story Rich|Dating Sim","Action|RPG","English|Japanese|French|Italian|German|Spanish - Spain|Arabic|Korean|Polish|Portuguese - Brazil|Russian|Simplified Chinese|Spanish - Latin America|Thai|Traditional Chinese","https://store.steampowered.com/app/2622380/","https://store.steampowered.com/curator/45188208","https://store.steampowered.com/curator/45188208","2,000,000 .. 5,000,000",1.16666666666667,FALSE
2778610,"Over The Top: WWI","6 Mar, 2026","Flying Squirrel Entertainment","GG Publishing",NA,NA,"Very Positive","Very Positive",19.14,NA,NA,32,18,1,"True","False","False","Join 200-player battles in Over The Top: WWI - an intense shooter set in the gritty backdrop of World War I. Pick your class, choose from a vast arsenal, including rifles, artillery, airplanes and powerful tanks, and experience the chaos of fully destructible battlefields.","Over the Top: WWI - Supporter Pack","Multiplayer|World War I|Action|Third-Person Shooter|FPS|Shooter|Historical|Simulation|3D|Cinematic|Third Person|Realistic|Destruction|Tactical|War|PvP|Team-Based|Singleplayer|PvE|First-Person","Action|Indie|Massively Multiplayer|Simulation","English|French|Italian|German|Spanish - Spain|Russian|Simplified Chinese|Traditional Chinese|Turkish|Japanese|Portuguese - Portugal|Portuguese - Brazil|Spanish - Latin America|Korean|Polish|Indonesian|Thai|Ukrainian","https://store.steampowered.com/app/2778610/","https://store.steampowered.com/developer/FlyingSquirrel","https://store.steampowered.com/curator/46016404","0 .. 20,000",6.66666666666667,TRUE
268910,"Cuphead","29 Sep, 2017","Studio MDHR Entertainment Inc.","Studio MDHR Entertainment Inc.",NA,NA,"Overwhelmingly Positive","Very Positive",19.99,NA,NA,42,12,1,"True","False","False","Cuphead is a classic run and gun action game heavily focused on boss battles. Inspired by cartoons of the 1930s, the visuals and audio are painstakingly created with the same techniques of the era, i.e. traditional hand drawn cel animation, watercolor backgrounds, and original jazz recordings.","Cuphead - The Delicious Last Course","Difficult|Cartoon|Co-op|Platformer|Local Co-Op|Great Soundtrack|2D|Multiplayer|Indie|Hand-drawn|Bullet Hell|Cartoony|Retro|Action|Shoot 'Em Up|Singleplayer|Side Scroller|Souls-like|Colorful|Funny","Action|Indie","English|French|Italian|German|Spanish - Spain|Japanese|Korean|Polish|Portuguese - Brazil|Russian|Simplified Chinese|Spanish - Latin America","https://store.steampowered.com/app/268910/","https://store.steampowered.com/curator/32949938","https://store.steampowered.com/curator/32949938","5,000,000 .. 10,000,000",2.5,TRUE
3214610,"Cinderia","30 Mar, 2026","MyACG Studio","MyACG Studio",NA,NA,"Very Positive","",17.49,15.74,10,0,11,0,"False","False","False","A fast, brutal action roguelite with razor-sharp controls and insane build freedom. Fuse embers, skill cards, and gear into wildly overpowered combat styles — and break each run in a world consumed by the Ash Witch.","","Early Access|Action Roguelike|Roguelite|Hack and Slash|Roguelike|Action|Dungeon Crawler|Replay Value|2.5D|Top-Down|Isometric|Procedural Generation|Action RPG|Female Protagonist|Action-Adventure|Dark Fantasy|Adventure|Base Building|RPG|Atmospheric","Action|Adventure|Indie|RPG|Early Access","English|Simplified Chinese|Traditional Chinese|French|Italian|German|Spanish - Spain|Russian|Japanese|Portuguese - Brazil|Korean","https://store.steampowered.com/app/3214610/","","","0 .. 20,000",6.66666666666667,TRUE
1588550,"Cairn","29 Jan, 2026","The Game Bakers","The Game Bakers",NA,NA,"Very Positive","Very Positive",29.99,NA,NA,52,11,1,"True","False","False","Reach a summit never climbed before in this survival-climber from the creators of Furi and Haven. Climb anywhere and plan your route carefully, managing pitons and resources to survive unforgiving Mount Kami. Discover what Aava is willing to sacrifice to achieve the ascent of a lifetime.","Cairn - Deluxe Upgrade Pack","Stylized|Indie|Exploration|Adventure|Atmospheric|Singleplayer|Survival|Sports|Action-Adventure|Unforgiving|Difficult|Open World|Walking Simulator|Physics|Third Person|Parkour|Cinematic|Story Rich|Simulation|Female Protagonist","Action|Adventure|Indie|Simulation|Sports","English|French|Italian|German|Spanish - Spain|Japanese|Russian|Simplified Chinese|Korean|Traditional Chinese|Portuguese - Brazil","https://store.steampowered.com/app/1588550/","https://store.steampowered.com/developer/TheGameBakers","https://store.steampowered.com/publisher/TheGameBakers","0 .. 20,000",6.66666666666667,TRUE
2543830,"Way of the Hunter 2","26 Mar, 2026","Nine Rocks Games","THQ Nordic",588,NA,"Mostly Positive","",29.99,23.99,20,0,12,0,"False","False","False","Feel the thrill of the hunt and keep an eye out for the wild and wonderous species that are roaming the Canadian wilderness.","","Early Access|Adventure|Simulation|Shooter|FPS|Exploration|Hunting|Immersive Sim|3D|Multiplayer|First-Person|Realistic|Cinematic|Old School|Online Co-Op|Atmospheric|Co-op|Archery|Relaxing|Dog","Adventure|Simulation|Early Access","English|French|Italian|German|Spanish - Spain|Portuguese - Brazil|Traditional Chinese|Simplified Chinese|Japanese|Polish|Russian|Spanish - Latin America","https://store.steampowered.com/app/2543830/","","https://store.steampowered.com/publisher/THQNordic","0 .. 20,000",6.66666666666667,FALSE
489830,"The Elder Scrolls V: Skyrim Special Edition","27 Oct, 2016","Bethesda Game Studios","Bethesda Softworks",NA,NA,"Very Positive","Overwhelmingly Positive",39.99,NA,NA,75,9,2,"False","False","False","Winner of more than 200 Game of the Year Awards, The Elder Scrolls V: Skyrim Special Edition brings the epic fantasy to life in stunning detail. The Special Edition includes the critically acclaimed game and add-ons with all-new features.","The Elder Scrolls V: Skyrim Anniversary Upgrade|The Elder Scrolls V: Skyrim Special Edition - Creations","Open World|RPG|Adventure|Fantasy|Singleplayer|Character Customization|Moddable|Dragons|Story Rich|Magic|First-Person|Action|Atmospheric|Great Soundtrack|Third Person|Stealth|Classic|Remake|Female Protagonist|Walking Simulator","RPG","English|French|Italian|German|Spanish - Spain|Polish|Traditional Chinese|Russian|Japanese","https://store.steampowered.com/app/489830/","https://store.steampowered.com/developer/bethesda","https://store.steampowered.com/publisher/bethesda","5,000,000 .. 10,000,000",2.5,FALSE
945360,"Among Us","16 Nov, 2018","Innersloth","Innersloth",NA,NA,"Very Positive","Very Positive",4.49,2.69,40,33,14,0,"False","False","False","An online and local party game of teamwork and betrayal for 4-15 players...in space!","","Multiplayer|Social Deduction|Online Co-Op|Space|Survival|2D|Funny|Psychological|Party Game|Co-op|Cartoony|Local Multiplayer|Casual|PvP|Sci-fi|Action|Minigames|Colorful|Top-Down|Aliens","Casual","English|Portuguese - Brazil|Spanish - Latin America|Spanish - Spain|Korean|Russian|French|Italian|German|Dutch|Japanese|Portuguese - Portugal|Simplified Chinese|Traditional Chinese","https://store.steampowered.com/app/945360/","https://store.steampowered.com/developer/Innersloth","https://store.steampowered.com/publisher/Innersloth","20,000,000 .. 50,000,000",11.6666666666667,FALSE
645390,"Factorio: Space Age","21 Oct, 2024","Wube Software LTD.","Wube Software LTD.",NA,53,"Very Positive","Very Positive",32,NA,NA,0,21,0,"False","True","False","","","Automation|Base Building|Resource Management|Sandbox|Crafting|Strategy|Multiplayer|Survival|Management|Open World|Building|Co-op|Simulation|2D|Moddable|Indie|Singleplayer|Trains|Pixel Graphics|City Builder","Casual|Indie|Simulation|Strategy","English|French|Italian|German|Spanish - Spain|Hungarian|Dutch|Norwegian|Polish|Portuguese - Portugal|Portuguese - Brazil|Romanian|Finnish|Swedish|Czech|Russian|Ukrainian|Japanese|Simplified Chinese|Traditional Chinese|Korean","https://store.steampowered.com/app/645390/","","","0 .. 20,000",6.66666666666667,TRUE
815370,"Green Hell","5 Sep, 2019","Creepy Jar","Creepy Jar",NA,NA,"Very Positive","Very Positive",23.99,2.39,90,68,20,0,"True","False","False","Plunge into the open-world survival simulation set in the extreme conditions of the uncharted Amazon jungle. Use real-life survival techniques to craft, hunt, fight, and gather resources, set a makeshift shelter, or raise a fortress. Survive alone or team up with your friends and challenge the jungle together.","","Open World Survival Craft|Survival|Multiplayer|Online Co-Op|Open World|Crafting|Action|Base Building|Singleplayer|Adventure|Co-op|Exploration|First-Person|Survival Horror|Sandbox|Simulation|Atmospheric|Building|Realistic|Action-Adventure","Action|Adventure|Indie|Simulation","English|French|Italian|German|Spanish - Spain|Traditional Chinese|Simplified Chinese|Portuguese - Portugal|Portuguese - Brazil|Russian|Polish|Czech|Japanese|Korean|Swedish|Thai|Vietnamese|Hungarian|Turkish|Indonesian","https://store.steampowered.com/app/815370/","https://store.steampowered.com/developer/CreepyJar","https://store.steampowered.com/publisher/CreepyJar","2,000,000 .. 5,000,000",1.16666666666667,TRUE
892970,"Valheim","2 Feb, 2021","Iron Gate AB","Coffee Stain Publishing",NA,NA,"Very Positive","Very Positive",19.99,NA,NA,0,14,0,"True","False","False","A brutal exploration and survival game for 1-10 players, set in a procedurally-generated purgatory inspired by viking culture. Battle, build, and conquer your way to a saga worthy of Odin’s patronage!","","Open World Survival Craft|Survival|Online Co-Op|Open World|Multiplayer|Building|Crafting|Base Building|Exploration|Co-op|Adventure|Difficult|Mythology|Sandbox|Third Person|PvE|Action|Singleplayer|Early Access|Indie","Action|Adventure|Indie|RPG|Early Access","English|French|German|Spanish - Spain|Russian|Simplified Chinese|Turkish|Japanese|Portuguese - Brazil|Polish|Ukrainian|Italian|Korean|Traditional Chinese","https://store.steampowered.com/app/892970/","https://store.steampowered.com/curator/45971607","https://store.steampowered.com/publisher/coffeestain","10,000,000 .. 20,000,000",5,TRUE
1594320,"Captain of Industry","31 May, 2022","MaFi Games","MaFi Games",NA,834,"Very Positive","Mostly Positive",33.99,NA,NA,0,20,2,"True","False","False","Build an industrial empire on a remote island. Mine resources, reshape terrain with excavators, grow food, construct factories, lay train tracks, and trade with the outside world. Research 100+ technologies to advance from basic metal smelting all the way to nuclear power and space flight.","Captain of Industry - Trains expanded|Captain of Industry - Supporter edition upgrade","Automation|Resource Management|Base Building|Simulation|Strategy|Economy|Management|Building|Early Access|City Builder|Colony Sim|Singleplayer|Mining|Indie|Realistic|Transportation|Agriculture|Multiplayer|Crafting|3D","Indie|Simulation|Strategy|Early Access","English|French|German|Spanish - Spain|Czech|Dutch|Swedish|Italian|Russian|Simplified Chinese|Japanese|Korean|Polish|Portuguese - Brazil|Hungarian|Catalan|Estonian|Turkish|Traditional Chinese|Ukrainian","https://store.steampowered.com/app/1594320/","","","200,000 .. 500,000",175,TRUE
993090,"Lossless Scaling","28 Dec, 2018","THS","THS",NA,833,"Very Positive","Very Positive",6.89,NA,NA,0,35,0,"False","False","False","All-in-one gaming utility for frame generation and scaling","","Utilities|Software|Pixel Graphics|3D|FPS|2D|Family Friendly|Singleplayer|Souls-like","Utilities","English|Simplified Chinese|French|German|Spanish - Spain|Portuguese - Brazil|Korean|Turkish|Ukrainian|Japanese|Italian|Polish|Portuguese - Portugal|Romanian|Traditional Chinese|Vietnamese|Arabic|Bulgarian|Czech|Indonesian|Croatian|Hebrew|Lithuanian|Persian|Serbian|Hungarian|Danish|Dutch|Swedish|Thai|Finnish|Greek|Norwegian|Georgian|Slovak","https://store.steampowered.com/app/993090/","","","2,000,000 .. 5,000,000",1.16666666666667,FALSE
1984270,"Digimon Story Time Stranger","2 Oct, 2025","Media.Vision Inc.","Bandai Namco Entertainment Inc.",NA,343,"Very Positive","Very Positive",69.99,NA,NA,46,11,13,"False","False","False","The latest in the Digimon Story series is finally here! In this RPG, unravel a mystery that spans across the human world and the Digital World, collecting and raising a wide variety of Digimon to save the world.","Digimon Story Time Stranger - Additional Digimon & Episode Pack 3: Anti-ParadoX|Digimon Story Time Stranger - Additional Digimon & Episode Pack 2: GAKU−RAN|Digimon Story Time Stranger - Additional Digimon & Episode Pack 1: Alternate Dimension|Digimon Story Time Stranger - Season Pass|Digimon Story Time Stranger - Costume Pack|Digimon Story Time Stranger - Costume Swimwear Set|Digimon Story Time Stranger - Costume Chosen Children Set|Digimon Story Time Stranger - Costume Digimon Costume Set|Digimon Story Time Stranger -  Costume Public Safety Suit & Special Supplies Set|Digimon Story Time Stranger - Cyber Sleuth BGM Pack|Digimon Story Time Stranger - Digimon Anime Song Pack|Digimon Story Time Stranger - Outer Dungeons The Halls of EXP, Gold, Materials|Digimon Story Time Stranger - Pre-Order Bonus Pack","RPG|JRPG|Creature Collector|Party-Based RPG|Anime|3D|Collectathon|Cute|Time Travel|Fantasy|Turn-Based Combat|Emotional|Pixel Graphics|Alternate History|Modern|Mythology|Character Customization|Singleplayer|Story Rich|Team-Based","RPG","English|French|Italian|German|Spanish - Spain|Spanish - Latin America|Portuguese - Brazil|Simplified Chinese|Traditional Chinese|Japanese|Korean","https://store.steampowered.com/app/1984270/","","https://store.steampowered.com/publisher/BANDAINAMCO","0 .. 20,000",6.66666666666667,FALSE
8870,"BioShock Infinite","25 Mar, 2013","Irrational Games","2K",NA,342,"Very Positive","Very Positive",29.99,7.49,75,80,11,5,"False","False","False","Indebted to the wrong people, with his life on the line, veteran of the U.S. Cavalry and now hired gun, Booker DeWitt has only one opportunity to wipe his slate clean. He must rescue Elizabeth, a mysterious girl imprisoned since childhood and locked up in the flying city of Columbia.","BioShock Infinite - Season Pass|BioShock Infinite: Burial at Sea - Episode One|BioShock Infinite: Burial at Sea - Episode Two|BioShock Infinite: Clash in the Clouds|Bioshock Infinite: Columbia's Finest","Action|Shooter|First-Person|FPS|RPG|Singleplayer|Fantasy|Adventure|Story Rich|Sci-fi|Atmospheric|Gore|Alternate History|Dystopian|Steampunk|Time Travel|Immersive|Linear|Combat|Dark","Action","English|French|German|Italian|Spanish - Spain|Polish|Portuguese - Brazil|Russian|Japanese|Korean|Traditional Chinese","https://store.steampowered.com/app/8870/","","https://store.steampowered.com/publisher/2K","2,000,000 .. 5,000,000",1.16666666666667,FALSE
1363080,"Manor Lords","26 Apr, 2024","Slavic Magic","Hooded Horse",NA,NA,"Very Positive","Mostly Positive",39.99,NA,NA,11,19,0,"False","False","False","Manor Lords is a medieval strategy game featuring in-depth city building, large-scale tactical battles, and complex economic and social simulations. Rule your lands as a medieval lord – the seasons pass, the weather changes, and cities rise and fall.","","Strategy|City Builder|Base Building|Simulation|Grand Strategy|Historical|Sandbox|Colony Sim|Management|Building|Resource Management|Open World|Economy|Survival|Singleplayer|Moddable|4X|Diplomacy|Early Access|Replay Value","Simulation|Strategy|Early Access","English|German|Polish|Simplified Chinese|French|Japanese|Spanish - Spain|Korean|Portuguese - Brazil|Russian|Traditional Chinese|Italian|Turkish|Czech|Danish|Dutch|Hungarian|Swedish|Ukrainian","https://store.steampowered.com/app/1363080/","https://store.steampowered.com/developer/SlavicMagic","https://store.steampowered.com/publisher/HoodedHorse","2,000,000 .. 5,000,000",1.16666666666667,FALSE
2815070,"RIDE 6","12 Feb, 2026","Milestone S.r.l.","Milestone S.r.l.",359,NA,"Mixed","",59.99,NA,NA,49,10,6,"False","False","False","Live the thrill of asphalt and dirt with RIDE 6: affirm your biker identity by joining RIDE Fest, race with 250+ bikes from different categories and prove you're the best by challenging real motorcycling legends.","RIDE 6 - Season Pass Vol. 1|RIDE 6 - Credits Multiplier|RIDE 6 - Welcome Bikes Pack|RIDE 6 - 101 Starter Pack|RIDE 6 - Made in Japan Bikes Pack|RIDE 6 - Made in Italy Bikes Pack","Racing|Simulation|Sports|Motorbike|Bikes|Realistic|Multiplayer|PvP|First-Person|Third Person|Controller|Physics|PvE|Singleplayer|Tutorial|Family Friendly|Motocross|Character Customization|Atmospheric|Nature","Racing|Simulation|Sports","English|French|Italian|German|Spanish - Spain|Japanese|Portuguese - Brazil|Simplified Chinese|Spanish - Latin America|Traditional Chinese","https://store.steampowered.com/app/2815070/","https://store.steampowered.com/developer/Milestone","https://store.steampowered.com/publisher/Milestone","0 .. 20,000",6.66666666666667,FALSE
254700,"Resident Evil 4 (2005)","27 Feb, 2014","Capcom","Capcom",NA,NA,"Very Positive","Overwhelmingly Positive",19.99,4.99,75,12,5,0,"False","False","False","(Release: 2014) Special agent Leon S. Kennedy is sent on a mission to rescue the U.S. President’s daughter who has been kidnapped.","","Inventory Management|Survival Horror|Action|Zombies|Horror|Third-Person Shooter|Singleplayer|Adventure|Classic|Third Person|Quick-Time Events|Atmospheric|Survival|Shooter|Gore|Replay Value|Great Soundtrack|Remake|Difficult|VR","Action|Adventure","English|French|German|Spanish - Spain|Italian","https://store.steampowered.com/app/254700/","https://store.steampowered.com/developer/capcom","https://store.steampowered.com/publisher/capcom","2,000,000 .. 5,000,000",1.16666666666667,FALSE
2779120,"Modulus: Factory Automation","2 Apr, 2026","Happy Volcano","Kwalee",294,NA,"Very Positive","",24.5,22.05,10,36,12,2,"True","False","False","Build, automate, & optimize production lines across sky islands with real spatial constraints. Every production line is an open-ended puzzle: which operators to use, how to route your belts and how to fit your factory into the landscape. Your solutions, like your factories, are uniquely your own.","Modulus Digital Artbook|Modulus: Factory Automation Deluxe Upgrade Pack","Simulation|Automation|Strategy|Building|Management|Sandbox|Base Building|Relaxing|Resource Management|City Builder|Futuristic|Singleplayer|Crafting|Logic|3D|Sci-fi|Open World|Casual|Immersive Sim|Survival","Simulation","English|French|German|Spanish - Spain|Japanese|Korean|Polish|Portuguese - Brazil|Russian|Simplified Chinese|Traditional Chinese|Dutch","https://store.steampowered.com/app/2779120/","https://store.steampowered.com/developer/happyvolcano","https://store.steampowered.com/publisher/Kwalee","0 .. 20,000",6.66666666666667,FALSE
1462040,"FINAL FANTASY VII REMAKE INTERGRADE","17 Jun, 2022","Square Enix","Square Enix",NA,832,"Very Positive","Very Positive",39.99,NA,NA,63,11,3,"True","False","False","Cloud Strife, an ex-SOLDIER operative, descends on the mako-powered city of Midgar. The world of the timeless classic FINAL FANTASY VII is reborn, using cutting-edge graphics technology, a new battle system and an additional adventure featuring Yuffie Kisaragi.","FINAL FANTASY VII REMAKE Original Soundtrack Plus|FINAL FANTASY VII REMAKE Orchestral Arrangement Album|FINAL FANTASY VII REMAKE ACOUSTIC ARRANGEMENTS","RPG|JRPG|Action RPG|Singleplayer|Action-Adventure|Party-Based RPG|Spectacle fighter|Third Person|Action|Controller|Adventure|Fantasy|3D|Magic|3D Platformer|Story Rich|Cinematic|Realistic|Drama|Sci-fi","Action|Adventure|RPG","English|French|Italian|German|Spanish - Spain|Spanish - Latin America|Portuguese - Brazil|Simplified Chinese|Traditional Chinese|Japanese|Korean","https://store.steampowered.com/app/1462040/","https://store.steampowered.com/developer/squareenix","https://store.steampowered.com/publisher/squareenix","1,000,000 .. 2,000,000",0.5,FALSE
550,"Left 4 Dead 2","16 Nov, 2009","Valve","Valve",NA,NA,"Overwhelmingly Positive","Overwhelmingly Positive",9.75,NA,NA,101,28,0,"False","False","False","Set in the zombie apocalypse, Left 4 Dead 2 is a co-operative action horror FPS takes you and your friends through the cities, swamps and cemeteries of the Deep South, from Savannah to New Orleans across five expansive campaigns.","","Zombies|Co-op|FPS|Multiplayer|Shooter|Online Co-Op|Action|Survival|Horror|First-Person|Gore|Team-Based|Moddable|Survival Horror|Post-apocalyptic|Singleplayer|Adventure|Local Co-Op|Replay Value|Tactical","Action","English|Danish|Dutch|Finnish|French|German|Italian|Japanese|Korean|Norwegian|Polish|Portuguese - Portugal|Russian|Simplified Chinese|Spanish - Spain|Swedish|Traditional Chinese|Hungarian|Turkish|Bulgarian|Czech|Greek|Portuguese - Brazil|Romanian|Spanish - Latin America|Thai|Ukrainian|Vietnamese","https://store.steampowered.com/app/550/","https://store.steampowered.com/developer/valve","https://store.steampowered.com/publisher/valve","50,000,000 .. 100,000,000",25,FALSE
4180380,"Age of Mythology: Retold - Expansion Pass","10 Feb, 2026","World's Edge","Xbox Game Studios",138,NA,"Mixed","",29.99,NA,NA,0,25,0,"False","True","False","","","Strategy","Strategy","English|French|Italian|German|Spanish - Spain|Danish|Dutch|Finnish|Greek|Japanese|Korean|Norwegian|Polish|Portuguese - Brazil|Portuguese - Portugal|Russian|Simplified Chinese|Spanish - Latin America|Swedish|Thai|Traditional Chinese|Turkish|Vietnamese|Czech|Hungarian","https://store.steampowered.com/app/4180380/","https://store.steampowered.com/developer/AgeOfEmpires","https://store.steampowered.com/publisher/XboxGameStudios","0 .. 20,000",6.66666666666667,FALSE
2604420,"Euro Truck Simulator 2 - Greece","4 Dec, 2024","SCS Software","SCS Software",NA,NA,"Very Positive","",11.99,8.39,30,0,25,0,"False","True","False","","","Simulation|Indie|Driving|Multiplayer|Open World|Automobile Sim","Indie|Simulation","English|German|French|Italian|Korean|Spanish - Spain|Simplified Chinese|Russian|Japanese|Portuguese - Portugal|Polish|Danish|Dutch|Finnish|Norwegian|Swedish|Hungarian|Czech|Romanian|Turkish|Portuguese - Brazil|Bulgarian|Greek|Ukrainian|Traditional Chinese","https://store.steampowered.com/app/2604420/","https://store.steampowered.com/developer/SCSsoftware","https://store.steampowered.com/publisher/SCSsoftware","0 .. 20,000",6.66666666666667,TRUE
1364780,"Street Fighter™ 6","1 Jun, 2023","CAPCOM Co., Ltd.","CAPCOM Co., Ltd.",NA,857,"Very Positive","Mixed",39.99,NA,NA,43,14,8,"True","False","False","Here comes Capcom’s newest challenger! Street Fighter™ 6 launches worldwide on June 2nd, 2023 and represents the next evolution of the Street Fighter™ series! Street Fighter 6 spans three distinct game modes, including World Tour, Fighting Ground and Battle Hub.","Street Fighter™ 6 - Year 3 Character Pass|Street Fighter™ 6 - Year 3 Ultimate Pass|Street Fighter™ 6 - Year 2 Character Pass|Street Fighter™ 6 - Year 2 Ultimate Pass|Street Fighter™ 6 - Year 1 Character Pass|Street Fighter™ 6 - Year 1 Ultimate Pass|Street Fighter 6 Original Soundtrack [Year 1]|Street Fighter 6 Original Soundtrack [Year 2]","2D Fighter|Fighting|Character Customization|Arcade|Multiplayer|Action|Competitive|PvP|Adventure|Local Multiplayer|eSports|Singleplayer|Open World|Controller|Martial Arts|3D|Action RPG|Great Soundtrack|Mature|Female Protagonist","Action|Adventure","English|Japanese|French|Italian|German|Spanish - Spain|Arabic|Portuguese - Brazil|Polish|Russian|Simplified Chinese|Traditional Chinese|Korean|Spanish - Latin America","https://store.steampowered.com/app/1364780/","https://store.steampowered.com/developer/capcom","https://store.steampowered.com/publisher/capcom","2,000,000 .. 5,000,000",1.16666666666667,FALSE
3008670,"Poppy Playtime - Chapter 4","30 Jan, 2025","Mob Entertainment","Mob Entertainment",NA,363,"Mixed","Mixed",19.5,NA,NA,0,9,0,"False","True","False","","","Horror|Singleplayer|Puzzle|First-Person|Survival Horror|Dark|Indie|Mystery|Adventure|Psychological Horror|Action|Survival|Lore-Rich|Atmospheric|Thriller|1980s|Cartoony|Action-Adventure|Jump Scare|Blood","Action|Adventure|Indie","English|French|Italian|German|Japanese|Korean|Portuguese - Brazil|Russian|Spanish - Latin America","https://store.steampowered.com/app/3008670/","","","0 .. 20,000",6.66666666666667,TRUE
2814990,"Screamer","26 Mar, 2026","Milestone S.r.l.","Milestone S.r.l.",627,NA,"Mostly Positive","",59.99,NA,NA,50,12,6,"False","False","False","High-octane action and anime aesthetics collide in this arcade racing game, featuring fighting mechanics and a storyline that hits hard. In this world, some race for glory while others seek power or revenge. Every race is a fight and every battle is personal.","Screamer - Digital Deluxe Upgrade|Screamer - Green Reapers Customization Pack|Screamer - Strike Force Romanda Customization Pack|Screamer - Jupiter Stormers Customization Pack|Screamer - Anaconda Corp Customization Pack|Screamer - Kagawa-Kai Customization Pack","Racing|Anime|Arcade|Driving|Combat Racing|Atmospheric|Narrative|Vehicular Combat|Narration|Dystopian|Futuristic|Controller|Third Person|First-Person|Colorful|Multiplayer|Singleplayer|Split Screen|PvP|PvE","Racing","English|French|Italian|German|Spanish - Spain|Japanese|Korean|Polish|Portuguese - Brazil|Simplified Chinese|Spanish - Latin America|Traditional Chinese","https://store.steampowered.com/app/2814990/","https://store.steampowered.com/developer/Milestone","https://store.steampowered.com/publisher/Milestone","0 .. 20,000",6.66666666666667,FALSE
2004210,"Euro Truck Simulator 2 - West Balkans","19 Oct, 2023","SCS Software","SCS Software",NA,NA,"Very Positive","",17.99,8.99,50,0,24,0,"False","True","False","","","Simulation|Indie|Driving|Open World|Multiplayer|Transportation|Automobile Sim|Realistic|Singleplayer|First-Person|Adventure|Moddable|Exploration|Action|Atmospheric|Relaxing|Free to Play","Indie|Simulation","English|German|French|Italian|Korean|Spanish - Spain|Simplified Chinese|Russian|Japanese|Portuguese - Portugal|Polish|Danish|Dutch|Finnish|Norwegian|Swedish|Hungarian|Czech|Romanian|Turkish|Portuguese - Brazil|Bulgarian|Greek|Ukrainian","https://store.steampowered.com/app/2004210/","","","0 .. 20,000",6.66666666666667,TRUE
1190970,"House Flipper 2","14 Dec, 2023","Frozen District","Frozen District",NA,367,"Very Positive","Very Positive",37.49,NA,NA,48,18,5,"False","False","False","Clean your worries away with this relaxing renovation simulator! Buy, fix, sell, and become a local legend. Or grab your power tools and build anything from scratch! With the online 2-4 players co-op mode, you can play both in sandbox and story mode together.","House Flipper 2 - Pets DLC|House Flipper 2 - Scooby-Doo DLC|House Flipper 2 - Supporter Pack|House Flipper 2 - Co-op DLC|House Flipper 2 - Sakura DLC","Simulation|Building|Co-op|Relaxing|Design & Illustration|Online Co-Op|Casual|Family Friendly|Sandbox|Replay Value|Destruction|Colorful|Singleplayer|3D|Base Building|Immersive Sim|First-Person|Education|Indie|Realistic","Casual|Indie|Simulation","English|French|Italian|German|Spanish - Spain|Dutch|Japanese|Korean|Norwegian|Polish|Portuguese - Brazil|Portuguese - Portugal|Russian|Simplified Chinese|Spanish - Latin America|Traditional Chinese|Turkish|Ukrainian","https://store.steampowered.com/app/1190970/","https://store.steampowered.com/developer/FrozenDistrict","https://store.steampowered.com/publisher/FrozenDistrict","200,000 .. 500,000",175,TRUE
2625420,"Drive Beyond Horizons","24 Mar, 2025","Drive Beyond Horizons","Tacty Studio",NA,697,"Mostly Positive","Mostly Positive",24.5,NA,NA,51,16,0,"False","False","False","Rev up your engines and venture into the unknown with Drive Beyond Horizons! Conquer dynamic landscapes, customize your ride, and unearth hidden treasures. Get ready for heart-pounding challenges and endless excitement. Your adventure starts now !","","Multiplayer|Automobile Sim|Adventure|Driving|Simulation|Action|Exploration|Casual|Co-op|Survival|Open World|Shooter|First-Person|Post-apocalyptic|FPS|Horror|Realistic|Racing|Online Co-Op|Early Access","Action|Adventure|Casual|Indie|Racing|Simulation|Early Access","English|French|Italian|German|Spanish - Spain|Dutch|Japanese|Polish|Portuguese - Brazil|Arabic|Korean|Russian|Simplified Chinese|Portuguese - Portugal|Spanish - Latin America|Ukrainian","https://store.steampowered.com/app/2625420/","","","100,000 .. 200,000",75,TRUE
1466060,"Tainted Grail: The Fall of Avalon","23 May, 2025","Questline","Awaken Realms",NA,NA,"Very Positive","Very Positive",43.99,NA,NA,65,12,5,"False","False","False","Step into a dark reimagination of Arthurian legends in this first person, open world RPG. Explore a world stuck in everlasting autumn, witness falling legends and make meaningful choices woven into a complex, branching storyline.","Tainted Grail: The Fall of Avalon - Sanctuary of Sarras DLC|Tainted Grail: The Fall of Avalon - Supporters Pack|Tainted Grail: The Fall of Avalon - Bonus Content #1|Tainted Grail: The Fall of Avalon - Bonus Content #2|Tainted Grail: The Fall of Avalon - Merlin's Tomb DLC","Adventure|Open World|RPG|Dark Fantasy|First-Person|Character Customization|Third Person|Exploration|Singleplayer|Action RPG|Choices Matter|Story Rich|Action|Nonlinear|Survival Horror|Immersive|Narrative|Multiple Endings|Immersive Sim|FPS","Action|Adventure|Indie|RPG","English|Polish|French|German|Traditional Chinese|Simplified Chinese|Italian|Spanish - Spain|Czech|Japanese|Portuguese - Brazil|Russian","https://store.steampowered.com/app/1466060/","https://store.steampowered.com/developer/AWAKENREALMS","https://store.steampowered.com/publisher/AWAKENREALMS","200,000 .. 500,000",175,TRUE
3405340,"Megabonk","18 Sep, 2025","vedinad","vedinad",NA,NA,"Very Positive","Very Positive",9.75,NA,NA,139,17,0,"True","False","False","Smash your way through endless waves of enemies and grow absurdly powerful! Grab loot, level up, unlock characters and upgrade to create unique and crazy builds as you fend off hordes of creatures!","","Action Roguelike|Roguelike|Bullet Hell|Roguelite|Indie|Survival|Loot|Action|Arcade|Singleplayer|Pixel Graphics|3D|Casual|Retro|Hack and Slash|Third Person|Score Attack|Third-Person Shooter|Old School|Controller","Action|Casual|Indie","English|French|Italian|German|Spanish - Spain|Czech|Japanese|Korean|Polish|Portuguese - Brazil|Russian|Simplified Chinese|Spanish - Latin America|Thai|Traditional Chinese|Turkish|Ukrainian","https://store.steampowered.com/app/3405340/","","","0 .. 20,000",6.66666666666667,TRUE
632360,"Risk of Rain 2","11 Aug, 2020","Hopoo Games","Gearbox Publishing",NA,NA,"Very Positive","Very Positive",24.99,NA,NA,171,11,3,"True","False","False","Escape a chaotic alien planet by fighting through hordes of frenzied monsters – with your friends, or on your own. Combine loot in surprising ways and master each character until you become the havoc you feared upon your first crash landing.","Risk of Rain 2: Alloyed Collective|Risk of Rain 2: Seekers of the Storm|Risk of Rain 2: Survivors of the Void","Third-Person Shooter|Action Roguelike|Multiplayer|Co-op|Roguelite|Roguelike|Action|Looter Shooter|Loot|Online Co-Op|Shooter|Great Soundtrack|Difficult|Indie|Third Person|Survival|Singleplayer|Soundtrack|Early Access|Bullet Hell","Action|Indie","English|French|Italian|German|Spanish - Spain|Japanese|Korean|Portuguese - Brazil|Russian|Simplified Chinese|Turkish","https://store.steampowered.com/app/632360/","","https://store.steampowered.com/publisher/2K","5,000,000 .. 10,000,000",2.5,TRUE
2552430,"KINGDOM HEARTS -HD 1.5+2.5 ReMIX-","13 Jun, 2024","Square Enix","Square Enix",NA,272,"Very Positive","Very Positive",49.99,NA,NA,197,6,0,"False","False","False","KINGDOM HEARTS -HD 1.5+2.5 ReMIX- is an HD remastered collection of 6 unforgettable KINGDOM HEARTS experiences. Take up your Keyblade to save the Disney worlds from darkness.","","Action|RPG|Adventure|JRPG|Great Soundtrack|Action-Adventure|Story Rich|Emotional|Singleplayer|Fantasy|Magic|Colorful|3D|Action RPG|Anime|Atmospheric|Hack and Slash|Character Action Game|Cute|Classic","Action|Adventure|RPG","English|French|Italian|German|Spanish - Spain|Japanese","https://store.steampowered.com/app/2552430/","https://store.steampowered.com/developer/squareenix","https://store.steampowered.com/publisher/squareenix","1,000,000 .. 2,000,000",0.5,FALSE
327030,"Worms W.M.D","23 Aug, 2016","Team17","Team17",NA,571,"Very Positive","Mostly Positive",29.99,1.49,95,29,9,0,"False","False","False","The worms are back in their most destructive game yet. With a gorgeous, hand-drawn 2D look, brand new weapons, the introduction of crafting, vehicles and buildings plus the return of some much-loved classic weapons and gameplay, Worms W.M.D is the best worms experience ever.","","Multiplayer|Strategy|Action|Turn-Based Strategy|Funny|Local Multiplayer|2D|Turn-Based|Co-op|Shooter|Local Co-Op|Singleplayer|Comedy|Classic|Memes|Casual|Platformer|War|Adventure|Gore","Action|Strategy","English|French|Italian|German|Spanish - Spain|Portuguese - Brazil|Russian|Polish|Simplified Chinese","https://store.steampowered.com/app/327030/","https://store.steampowered.com/developer/Team17","https://store.steampowered.com/publisher/Team17","500,000 .. 1,000,000",100.2,FALSE
3398110,"The Walking Trade","5 Mar, 2026","Microwave Games","PlayWay S.A.",NA,NA,"Very Positive","",9.75,NA,NA,33,14,0,"False","False","False","Run a shop in the zombie apocalypse! Trade batteries, craft stock, manage your staff, and fend off undead hordes. Will you be a hero, or profit at any cost? Your choices shape your store - and your fate.","","Simulation|Management|Economy|Post-apocalyptic|Sandbox|Building|Capitalism|Crafting|Immersive Sim|FPS|Survival|Base Building|Physics|Shooter|3D|Dark Humor|Horror|Stylized|Zombies|Singleplayer","Indie|Simulation","English|French|Italian|German|Spanish - Spain|Japanese|Korean|Portuguese - Brazil|Russian|Simplified Chinese|Polish|Turkish|Traditional Chinese|Portuguese - Portugal","https://store.steampowered.com/app/3398110/","","https://store.steampowered.com/publisher/playway","0 .. 20,000",6.66666666666667,TRUE
646570,"Slay the Spire","23 Jan, 2019","Mega Crit","Mega Crit",NA,NA,"Overwhelmingly Positive","Very Positive",22.99,NA,NA,46,17,0,"True","False","False","We fused card games and roguelikes together to make the best single player deckbuilder we could. Craft a unique deck, encounter bizarre creatures, discover relics of immense power, and Slay the Spire!","","Roguelike Deckbuilder|Card Game|Card Battler|Roguelike|Deckbuilding|Turn-Based|Strategy|Singleplayer|Roguelite|Replay Value|Indie|Difficult|Dungeon Crawler|Mouse only|RPG|2D|Fantasy|Procedural Generation|Great Soundtrack|Casual","Indie|Strategy","English|Simplified Chinese|French|German|Korean|Russian|Japanese|Polish|Ukrainian|Spanish - Spain|Italian|Dutch|Traditional Chinese|Turkish|Thai|Portuguese - Brazil|Vietnamese","https://store.steampowered.com/app/646570/","https://store.steampowered.com/developer/megacrit","https://store.steampowered.com/publisher/megacrit","5,000,000 .. 10,000,000",2.5,TRUE
2373990,"Solo Leveling: ARISE OVERDRIVE","24 Nov, 2025","Netmarble Neo","Netmarble",NA,538,"Mostly Positive","Mostly Positive",39.99,NA,NA,58,13,2,"False","False","False","Solo Leveling, the webtoon with 14.3 billion views worldwide, is now an action RPG game! Help our hero grow from his humble E-Rank beginnings.","Solo Leveling:ARISE OVERDRIVE - Christmas Costume Gift Pack|Solo Leveling:ARISE OVERDRIVE - Deluxe Edition","Action|Anime|Action RPG|Online Co-Op|Combat|Hack and Slash|Story Rich|Singleplayer|RPG|PvE|Controller|Co-op|Third Person|Multiplayer|Cartoony|Fantasy|Modern|3D|PvP|Souls-like","Action|RPG","English|Korean|French|Italian|German|Spanish - Spain|Russian|Indonesian|Japanese|Simplified Chinese|Traditional Chinese|Thai|Portuguese - Brazil","https://store.steampowered.com/app/2373990/","","","0 .. 20,000",6.66666666666667,FALSE
2322010,"God of War Ragnarök","19 Sep, 2024","Santa Monica Studio","PlayStation Publishing LLC",NA,952,"Very Positive","Very Positive",59.99,NA,NA,48,22,2,"True","False","False","Kratos and Atreus embark on a mythic journey for answers before Ragnarök arrives – now on PC.","God of War Ragnarök - Digital Deluxe Edition Upgrade|God of War Ragnarök - Digital Artbook","Action|Adventure|Action-Adventure|RPG|Hack and Slash|Mythology|Cinematic|Story Rich|Action RPG|Third Person|3D|Singleplayer|Atmospheric|Open World|Fantasy|Emotional|Combat|Drama|Gore|Souls-like","Action|Adventure|RPG","English|French|Italian|German|Spanish - Spain|Arabic|Czech|Dutch|Greek|Hungarian|Japanese|Korean|Polish|Portuguese - Brazil|Portuguese - Portugal|Russian|Simplified Chinese|Spanish - Latin America|Thai|Traditional Chinese|Turkish|Croatian","https://store.steampowered.com/app/2322010/","https://store.steampowered.com/developer/playstationstudios","https://store.steampowered.com/publisher/playstationstudios","1,000,000 .. 2,000,000",0.5,FALSE
377160,"Fallout 4","9 Nov, 2015","Bethesda Game Studios","Bethesda Softworks",NA,NA,"Very Positive","Very Positive",19.99,NA,NA,84,10,10,"False","False","False","From Bethesda Game Studios, the award-winning creators of Starfield and The Elder Scrolls V: Skyrim, comes Fallout 4. A landmark in open-world RPG design and winner of over 200 ‘Best Of’ honors, including the DICE and BAFTA Game of the Year.","Fallout 4 - Creations Bundle|Fallout 4 - Creations|Fallout 4 - High Resolution Texture Pack|Fallout 4 Season Pass|Fallout 4 Far Harbor|Fallout 4 Vault-Tec Workshop|Fallout 4 - Contraptions Workshop|Fallout 4 Nuka-World|Fallout 4 - Wasteland Workshop|Fallout 4 - Automatron","Open World|Post-apocalyptic|Singleplayer|Exploration|RPG|Adventure|Atmospheric|Shooter|First-Person|Story Rich|Action|FPS|Sci-fi|Sandbox|Action RPG|Great Soundtrack|Survival|Third Person|Third-Person Shooter|Character Customization","RPG","English|French|Italian|German|Spanish - Spain|Polish|Portuguese - Brazil|Russian|Traditional Chinese|Japanese","https://store.steampowered.com/app/377160/","https://store.steampowered.com/developer/bethesda","https://store.steampowered.com/publisher/bethesda","10,000,000 .. 20,000,000",5,FALSE
1066890,"Automobilista 2","31 Mar, 2020","Reiza Studios","Reiza Studios",NA,233,"Very Positive","Very Positive",36.99,NA,NA,0,6,20,"False","False","False","Automobilista 2 is all the racing simulators you ever wanted - in just one. An incredibly diverse collection of cars and tracks cohesively simulated, featuring incredible graphics and audio quality, dynamic weather and track conditions and the best VR support for a racing experience like no other.","Automobilista 2 - Racin´ USA Expansion Pack|Automobilista 2 Premium Track Pack|Automobilista 2 - IMSA Track Pack|Automobilista 2 - Circuit des 24 Heures du Mans|Automobilista 2 - Nürburgring 2025|Automobilista 2 - Endurance Pack Pt1|Automobilista 2 - Endurance Pack Pt2|Automobilista 2 - Endurance Pack Pt3|Automobilista 2 - Lamborghini Dream Pack Pt1|Automobilista 2 - Lamborghini Dream Pack Pt2|Automobilista 2 - Adrenaline Pack Pt1|Automobilista 2 - Adrenaline Pack Pt2|Automobilista 2 - Supercars Pack Pt1|Automobilista 2 - Supercars Pack Pt2|Automobilista 2- Brazilian Racing Legends Pack|Automobilista 2 - Historical Endurance Pack Pt1|Automobilista 2 - Historical Track Pack Pt1|Automobilista 2 - Historical Track Pack Pt2|Automobilista 2 - Historical Track Pack Pt3|Automobilista 2 - Formula HiTech","Racing|Simulation|Sports|Automobile Sim|Multiplayer|VR|Driving|Indie|Realistic|Action|Singleplayer|Controller|Open World|First-Person|Mature|eSports|1980s|1990's|Atmospheric|PvP","Action|Indie|Racing|Simulation|Sports","English|French|German|Spanish - Spain|Portuguese - Brazil|Spanish - Latin America","https://store.steampowered.com/app/1066890/","https://store.steampowered.com/developer/reizastudios","https://store.steampowered.com/publisher/reizastudios","200,000 .. 500,000",175,TRUE
314650,"SpaceEngine","11 Jun, 2019","Cosmographic Software","Cosmographic Software",NA,362,"Overwhelmingly Positive","Overwhelmingly Positive",28.99,NA,NA,0,18,12,"False","False","False","The world's first science-based photorealistic interactive 3D planetarium that models the entire Universe, using procedural generation for uncharted areas.","SpaceEngine PRO|SpaceEngine - Mercury HD|SpaceEngine - Venus HD|SpaceEngine - Earth HD|SpaceEngine - Moon HD|SpaceEngine - Mars HD|SpaceEngine - Asteroids HD|SpaceEngine - Jupiter System HD|SpaceEngine - Saturn System HD|SpaceEngine - Uranus System HD|SpaceEngine - Neptune System HD|SpaceEngine - Pluto System HD","Early Access|Open World|Sci-fi|Casual|Sandbox|Space|Space Sim|3D|Flight|Realistic|Science|Education|Colorful|Simulation|Relaxing|Atmospheric|Futuristic|Singleplayer|Indie|Procedural Generation","Casual|Indie|Simulation|Early Access","English|German|Russian|Italian|French|Finnish|Polish|Spanish - Latin America|Spanish - Spain|Traditional Chinese|Simplified Chinese|Dutch|Czech|Swedish|Japanese|Portuguese - Brazil|Turkish|Ukrainian","https://store.steampowered.com/app/314650/","","","500,000 .. 1,000,000",100.2,TRUE
304390,"FOR HONOR™","13 Feb, 2017","Ubisoft Montreal","Ubisoft",NA,NA,"Mixed","Mixed",29.99,NA,NA,60,15,42,"False","False","False","Fight alone or with friends in For Honor, a third-person hero-based melee fighting game. Enter the chaos of war as a Knight, a Viking, a Samurai, a Wu Lin, or an Outlander. Fight in brutal PvP and team-oriented modes, or play the thrilling story campaign.","Juren - Hero - FOR HONOR|Battle Bundle – Y10S1 – FOR HONOR|Tales of Gryphon Bundle – Gryphon Hero and The Scorching Herald Skin Bundle – FOR HONOR|The Scorching Herald – Gryphon Legendary Hero Skin – FOR HONOR|Battle Pass – Y10S1 – FOR HONOR|Legacy Pass – Y6S1 – FOR HONOR|Prince Yi – Tiandi Hero Skin – FOR HONOR|Yoshiro the Damned - Orochi Hero Skin - FOR HONOR|Lady Saori – Nobushi Hero Skin – FOR HONOR|Virtuosa - Hero - FOR HONOR|The Warrior Prince - Aramusha Hero Skin - FOR HONOR|Queen Kalliopi - Gladiator Hero Skin - FOR HONOR|Khatun - Hero - FOR HONOR|Violet King & Crucible Lord - Hero Skin Bundle - FOR HONOR|The Crucible Lord – Centurion Hero Skin – FOR HONOR|The Violet King - Lawbringer Hero Skin - FOR HONOR|Gudmundr the Great - Warlord Hero Skin - FOR HONOR|Master Katashi – Orochi Hero Skin – FOR HONOR|Sohei – Hero – FOR HONOR|Ultimate Heroes Pack – FOR HONOR|Gold Heroes Pack – FOR HONOR|Ezio Auditore – Peacekeeper Hero Skin – FOR HONOR|The Unsung Knight – Warden Hero Skin – FOR HONOR|FOR HONOR™ - Highlander Hero Skin - Oathbreaker Maddox|Varangian Guard - Hero - FOR HONOR|FOR HONOR™ - Monkey King Hero Skin|FOR HONOR™ - Ocelotl Hero|FOR HONOR™ - Afeera Hero|FOR HONOR™ - Warmonger Hero Skin|FOR HONOR™ - Pirate Hero Skin|FOR HONOR™ - Kensei Hero Skin- Year 6 Season 3|FOR HONOR™ - Black Prior Hero Skin|FOR HONOR™ - Medjay Hero|FOR HONOR™ - Raider Hero Skin- Year 6 Season 2|FOR HONOR™ - Hero Skin - Warden|FOR HONOR™ - Kyoshin Hero|FOR HONOR™ - Pirate Hero|FOR HONOR™ - Gryphon Hero|FOR HONOR™ - Warmonger Hero|GENERAL ZHI - ZHANHU HERO SKIN - FOR HONOR|Captain Coalheart – Pirate Hero Skin – FOR HONOR|Yokai Banishers - Hero Skin Bundle - FOR HONOR","Medieval|Swordplay|Action|Multiplayer|Fighting|PvP|Third Person|War|Gore|Co-op|Singleplayer|Online Co-Op|Hack and Slash|Realistic|Strategy|Atmospheric|RPG|Fantasy|Story Rich|MOBA","Action","English|Arabic|French|Italian|German|Spanish - Spain|Dutch|Japanese|Korean|Polish|Portuguese - Brazil|Russian|Simplified Chinese|Traditional Chinese|Czech","https://store.steampowered.com/app/304390/","https://store.steampowered.com/developer/ubisoft","https://store.steampowered.com/publisher/ubisoft","5,000,000 .. 10,000,000",2.5,FALSE
2104890,"RoadCraft","20 May, 2025","Saber Interactive","Focus Entertainment",NA,404,"Mostly Positive","Mixed",39.99,25.99,35,44,15,6,"False","False","False","As the leader of a company specialized in restoring sites devastated by natural disasters, use your construction machinery to restart the local industry. Clear debris and faulty equipment, rebuild roads and bridges damaged by weather, and much more!","RoadCraft - Reclaim Expansion|RoadCraft – Timberworks Pack|RoadCraft - Rebuild Expansion|RoadCraft – Aramatsu Bowhead 20T|RoadCraft - 4K Texture Pack|RoadCraft – Invictus Type A Scout","Simulation|Building|Driving|Physics|Online Co-Op|Adventure|Automobile Sim|Automation|Multiplayer|Nature|Exploration|Co-op|Destruction|Transportation|Immersive Sim|Realistic|3D|Modern|Base Building|Controller","Adventure|Simulation","English|French|Italian|German|Spanish - Spain|Simplified Chinese|Traditional Chinese|Polish|Portuguese - Brazil|Russian|Czech|Korean|Arabic|Turkish|Japanese","https://store.steampowered.com/app/2104890/","https://store.steampowered.com/developer/SaberInteractive","https://store.steampowered.com/publisher/Focus","200,000 .. 500,000",175,FALSE
631510,"Devil May Cry HD Collection","13 Mar, 2018","CAPCOM Co., Ltd.","CAPCOM Co., Ltd.",NA,321,"Very Positive","Very Positive",29.99,9.89,67,99,8,1,"True","False","False","The popular stylish action games Devil May Cry, Devil May Cry 2, and Devil May Cry 3 Special Edition return in one collection!","DMCHDC Theme Stylish!","Hack and Slash|Action|Great Soundtrack|Character Action Game|Difficult|Classic|Spectacle fighter|Demons|Singleplayer|Stylized|Violent|Third Person|Gothic|Gore|Story Rich|Atmospheric|Adventure|Fast-Paced|Beat 'em up|Anime","Action","English|French|Italian|German|Spanish - Spain|Japanese|Traditional Chinese|Simplified Chinese","https://store.steampowered.com/app/631510/","https://store.steampowered.com/developer/capcom","https://store.steampowered.com/publisher/capcom","1,000,000 .. 2,000,000",0.5,FALSE
508440,"Totally Accurate Battle Simulator","1 Apr, 2021","Landfall","Landfall",NA,NA,"Overwhelmingly Positive","Overwhelmingly Positive",18.99,NA,NA,64,9,1,"False","False","False","Be the leader of wobblers from ancient lands, spooky places, and fantasy worlds. Watch them fight in simulations made with the wobbliest physics system ever created, make your own wobblers in the unit creator and send your army off to fight your friends in multiplayer.","Totally Accurate Battle Simulator - BUG DLC","Sandbox|Simulation|Funny|War|Strategy|Physics|Singleplayer|Realistic|Indie|Adventure|Colorful|Fantasy|3D|Comedy|Action|Historical|Family Friendly|Wargame|Cute|Memes","Indie|Simulation|Strategy","English|French|Italian|German|Spanish - Spain|Japanese|Simplified Chinese|Portuguese - Portugal|Russian","https://store.steampowered.com/app/508440/","https://store.steampowered.com/developer/landfallgames","https://store.steampowered.com/publisher/landfallgames","2,000,000 .. 5,000,000",1.16666666666667,TRUE
3450310,"Europa Universalis V","4 Nov, 2025","Paradox Tinto","Paradox Interactive",NA,579,"Mostly Positive","Mixed",59.99,NA,NA,57,11,2,"False","False","False","Use war, trade or diplomacy to satisfy your grandest ambitions and dominate five centuries of history in the newest version of Europa Universalis, Paradox Interactive's flagship historical grand strategy game.","Europa Universalis V: Premium Upgrade|Europa Universalis V: Sacred Sites","Grand Strategy|Resource Management|4X|Strategy|Trading|Historical|Multiplayer|Simulation|Alternate History|Wargame|Economy|Diplomacy|Immersive Sim|3D|Realistic|War|Singleplayer|Cinematic|Building|Choices Matter","Strategy","English|French|German|Spanish - Spain|Japanese|Korean|Polish|Portuguese - Brazil|Russian|Simplified Chinese|Turkish","https://store.steampowered.com/app/3450310/","","https://store.steampowered.com/publisher/paradoxinteractive","0 .. 20,000",6.66666666666667,FALSE
4286550,"Keep on Mining! - Worlds","30 Mar, 2026","EagleEye Games","EagleEye Games",717,NA,"Very Positive","",6.89,5.51,20,64,12,0,"False","False","False","Keep on Mining! – Worlds is an incremental mining game where you mine rocks, collect resources, and travel through many unique worlds, finding artifacts, crafting pickaxes, and purchasing many permanent upgrades!","","Casual|Clicker|Idler|Relaxing|Indie|Mining|Capitalism|Collectathon|Colorful|Arcade|Singleplayer|Economy|Resource Management|2D|Strategy|Minimalist|Loot|Cozy|Management|Cute","Casual|Indie","English|French|Italian|German|Spanish - Spain|Japanese|Korean|Polish|Portuguese - Brazil|Russian|Simplified Chinese|Turkish","https://store.steampowered.com/app/4286550/","https://store.steampowered.com/curator/45970014","https://store.steampowered.com/curator/45970014","0 .. 20,000",6.66666666666667,TRUE
2420110,"Horizon Forbidden West™ Complete Edition","21 Mar, 2024","Guerrilla","PlayStation Publishing LLC",NA,356,"Very Positive","Mostly Positive",59.99,NA,NA,80,25,0,"False","False","False","Experience the epic Horizon Forbidden West™ in its entirety with bonus content and the Burning Shores expansion included. The Burning Shores add-on contains additional content for Aloy’s adventure, including new storylines, characters, and experiences in a stunning yet hazardous new area.","","Open World|Singleplayer|Female Protagonist|Action|Exploration|Story Rich|RPG|Post-apocalyptic|Third Person|Sci-fi|Robots|Action RPG|Adventure|Atmospheric|LGBTQ+|Great Soundtrack|Action-Adventure|Controller|Stealth|Sexual Content","Action|RPG","English|French|Italian|German|Spanish - Spain|Arabic|Czech|Danish|Dutch|Finnish|Greek|Hungarian|Japanese|Korean|Norwegian|Polish|Portuguese - Brazil|Portuguese - Portugal|Russian|Simplified Chinese|Spanish - Latin America|Swedish|Thai|Traditional Chinese|Turkish","https://store.steampowered.com/app/2420110/","https://store.steampowered.com/developer/playstationstudios","https://store.steampowered.com/publisher/playstationstudios","1,000,000 .. 2,000,000",0.5,FALSE
2833580,"BRAVELY DEFAULT FLYING FAIRY HD Remaster","12 Mar, 2026","Square Enix","Square Enix",527,NA,"Very Positive","",39.99,NA,NA,50,9,0,"False","False","False","BRAVELY DEFAULT returns in HD! Relive the tale of the warriors of light. Enjoy strategic battles and over 20 different jobs. Plus modern gameplay enhancements and all-new minigames. The story of light and shadow that never fades is reborn.","","RPG|Violent|JRPG|Fantasy|Party-Based RPG|Anime|Singleplayer|Turn-Based|Class-Based|Story Rich|Drama|Emotional|Medieval|2.5D|Top-Down|Turn-Based Tactics|Controller|Minigames|Character Customization|Great Soundtrack","RPG","English|French|Italian|German|Spanish - Spain|Simplified Chinese|Traditional Chinese|Japanese|Korean","https://store.steampowered.com/app/2833580/","https://store.steampowered.com/developer/squareenix","https://store.steampowered.com/publisher/squareenix","0 .. 20,000",6.66666666666667,FALSE
976730,"Halo: The Master Chief Collection","3 Dec, 2019","343 Industries","Xbox Game Studios",NA,NA,"Very Positive","Very Positive",39.99,NA,NA,700,12,6,"False","False","False","The Master Chief’s iconic journey includes six games, built for PC and collected in a single integrated experience. Whether you’re a long-time fan or meeting Spartan 117 for the first time, The Master Chief Collection is the definitive Halo gaming experience.","Halo: Reach|Halo: Combat Evolved Anniversary|Halo 2: Anniversary|Halo 3|Halo 3: ODST|Halo 4","Great Soundtrack|FPS|Classic|Multiplayer|Story Rich|Sci-fi|Co-op|First-Person|Shooter|Epic|Action|Singleplayer|Aliens|Lore-Rich|Beautiful|Space|Atmospheric|Adventure|Horror|Online Co-Op","Action","English|French|Italian|German|Spanish - Spain|Japanese|Polish|Portuguese - Portugal|Russian|Simplified Chinese|Spanish - Latin America|Traditional Chinese","https://store.steampowered.com/app/976730/","https://store.steampowered.com/developer/XboxGameStudios","https://store.steampowered.com/publisher/XboxGameStudios","5,000,000 .. 10,000,000",2.5,FALSE
3681010,"Nioh 3","5 Feb, 2026","KOEI TECMO GAMES CO., LTD.","KOEI TECMO GAMES CO., LTD.",NA,NA,"Very Positive","Mostly Positive",79.99,NA,NA,51,12,1,"False","False","False","In the third game in the dark samurai action RPG series Nioh, you will need to use both Samurai and Ninja combat styles in your battles against formidable yokai as you explore a thrilling open field.","Nioh 3 Season Pass","Action|Action RPG|Souls-like|RPG|Open World|Hack and Slash|Difficult|Third Person|Dark Fantasy|Fantasy|Ninja|Atmospheric|Historical|Character Customization|Story Rich|JRPG|Singleplayer|Multiplayer|Female Protagonist|Co-op","Action|RPG","English|French|Italian|German|Spanish - Spain|Portuguese - Brazil|Russian|Simplified Chinese|Traditional Chinese|Japanese|Korean|Arabic","https://store.steampowered.com/app/3681010/","https://store.steampowered.com/developer/KOEITECMO","https://store.steampowered.com/publisher/KOEITECMO","0 .. 20,000",6.66666666666667,FALSE
2215430,"Ghost of Tsushima DIRECTOR'S CUT","16 May, 2024","Sucker Punch Productions","PlayStation Publishing LLC",NA,NA,"Very Positive","Very Positive",59.99,NA,NA,77,26,1,"False","False","False","A storm is coming. Venture into the complete Ghost of Tsushima DIRECTOR’S CUT on PC; forge your own path through this open-world action adventure and uncover its hidden wonders. Brought to you by Sucker Punch Productions, Nixxes Software and PlayStation Studios.","Ghost of Tsushima: Legends (Unlock)","Open World|Action|Story Rich|Singleplayer|Adventure|Stealth|Combat|Ninja|Third Person|Souls-like|Action-Adventure|Historical|Action RPG|Atmospheric|Multiplayer|Exploration|Gore|Violent|Online Co-Op|Co-op","Action|Adventure","English|French|Italian|German|Spanish - Spain|Arabic|Czech|Danish|Dutch|Finnish|Greek|Hungarian|Japanese|Korean|Norwegian|Polish|Portuguese - Brazil|Portuguese - Portugal|Russian|Simplified Chinese|Spanish - Latin America|Swedish|Thai|Traditional Chinese|Turkish|Croatian","https://store.steampowered.com/app/2215430/","https://store.steampowered.com/developer/playstationstudios","https://store.steampowered.com/publisher/playstationstudios","2,000,000 .. 5,000,000",1.16666666666667,FALSE
1089090,"ONE PIECE: PIRATE WARRIORS 4","14 Sep, 2023","Koei Tecmo","BANDAI NAMCO Entertainment",NA,172,"Very Positive","Very Positive",89.99,18.89,79,40,13,18,"False","False","False","ONE PIECE: PIRATE WARRIORS 4 is the latest evolution of PIRATE WARRIORS action! Based on the concept of ""experiencing a real ONE PIECE battlefield,"" buildings will come crashing down during the action and attacks will throw up smoke and dust, placing you in the thick of the ONE PIECE world!","ONE PIECE: PIRATE WARRIORS 4 Character Pass 3|ONE PIECE: PIRATE WARRIORS 4 Character Pack 8 Special Selection Pack|ONE PIECE: PIRATE WARRIORS 4 Character Pack 7 Future Island Egghead Pack|ONE PIECE: PIRATE WARRIORS 4 Additional Episodes Pack|ONE PIECE: PIRATE WARRIORS 4 Path to the King of the Pirates & Soul Map 3|ONE PIECE: PIRATE WARRIORS 4 Koby's Combat Chronicle & Soul Map 2|ONE PIECE: PIRATE WARRIORS 4 Yamato's Grand Tour Logbook & Soul Map 1|ONE PIECE: PIRATE WARRIORS 4 Character Pass 2|ONE PIECE: PIRATE WARRIORS 4 Legend Dawn Pack|ONE PIECE: PIRATE WARRIORS 4 One Piece Film: Red Pack|ONE PIECE: PIRATE WARRIORS 4 The Battle of Onigashima Pack|ONE PIECE: PIRATE WARRIORS 4 Character Pass|ONE PIECE: PIRATE WARRIORS 4 Land of Wano Pack|ONE PIECE: PIRATE WARRIORS 4 The Worst Generation Pack|ONE PIECE: PIRATE WARRIORS 4 Whole Cake Island Pack|ONE PIECE: PIRATE WARRIORS 4 One Piece Film: Red Anime Song Pack|ONE PIECE: PIRATE WARRIORS 4 Anime Song Pack|ONE PIECE: PIRATE WARRIORS 4 Month 1 Bundle","Anime|Hack and Slash|Beat 'em up|Pirates|Fighting|Split Screen|Action|PvP|Arcade|Multiplayer|Musou|Co-op|Adventure|RPG|Local Co-Op|Online Co-Op|Singleplayer|Comedy|Controller|Open World","Action","English|French|Italian|German|Spanish - Spain|Japanese|Korean|Polish|Portuguese - Brazil|Russian|Thai|Traditional Chinese|Simplified Chinese","https://store.steampowered.com/app/1089090/","https://store.steampowered.com/developer/BANDAINAMCO","https://store.steampowered.com/publisher/BANDAINAMCO","1,000,000 .. 2,000,000",0.5,FALSE
379430,"Kingdom Come: Deliverance","13 Feb, 2018","Warhorse Studios","Warhorse Studios",NA,NA,"Very Positive","Very Positive",29.99,NA,NA,82,14,13,"False","False","False","Story-driven open-world RPG that immerses you in an epic adventure in the Holy Roman Empire. Avenge your parents' death as you battle invading forces, go on game-changing quests, and make influential choices. Explore castles, forests, villages and other realistic settings in medieval Bohemia!","Kingdom Come: Deliverance – A Woman's Lot|Kingdom Come: Deliverance – Band of Bastards|Kingdom Come: Deliverance – The Amorous Adventures of Bold Sir Hans Capon|Kingdom Come: Deliverance – From the Ashes|Kingdom Come: Deliverance – Treasures of The Past|Kingdom Come: Deliverance – OST Atmospheres & Additionals|Kingdom Come: Deliverance – OST Essentials|Kingdom Come: Deliverance – Artbook|Kingdom Come: Deliverance – HD Texture Pack|Kingdom Come: Deliverance – HD Voice Pack English|Kingdom Come: Deliverance – HD Voice Pack German|Kingdom Come: Deliverance – HD Voice Pack French|Kingdom Come: Deliverance – HD Sound Pack","Medieval|RPG|Open World|Singleplayer|Realistic|Historical|Story Rich|First-Person|Adventure|Swordplay|Nudity|Action|Choices Matter|Choose Your Own Adventure|Atmospheric|Horses|Action RPG|Indie|Crowdfunded|Kickstarter","Action|Adventure|RPG","English|French|German|Spanish - Spain|Czech|Polish|Russian|Italian|Simplified Chinese|Turkish|Korean|Ukrainian|Portuguese - Brazil|Japanese","https://store.steampowered.com/app/379430/","https://store.steampowered.com/curator/44981550","https://store.steampowered.com/curator/44981550","2,000,000 .. 5,000,000",1.16666666666667,FALSE
2510960,"Temtem: Swarm","2 Apr, 2026","Crema","Crema",NA,206,"Mostly Positive","Mixed",11.99,8.39,30,137,13,0,"True","False","False","Can you Survive the Swarm? Unlock mighty abilities and upgrades, find and collect Tems to evolve and become stronger, discover overpowered strategies, and battle massive bosses in this survivor-like bullet heaven! Play solo or online co-op with up to 3 players, building the wildest synergies.","","Bullet Hell|Action Roguelike|Creature Collector|Online Co-Op|Roguelite|Twin Stick Shooter|Arcade|Roguelike|Isometric|Action|Hack and Slash|Score Attack|Top-Down|Singleplayer|Multiplayer|Co-op|Action RPG|Colorful|Cute|3D","Action|Casual|RPG","English|French|German|Spanish - Spain|Japanese|Korean|Polish|Portuguese - Brazil|Russian|Simplified Chinese|Thai|Traditional Chinese|Italian","https://store.steampowered.com/app/2510960/","https://store.steampowered.com/developer/crema","https://store.steampowered.com/publisher/crema","100,000 .. 200,000",75,FALSE
3226450,"iRacing Arcade","3 Mar, 2026","Original Fire Games","iRacing",907,NA,"Mostly Positive","",24.5,19.6,20,25,8,0,"False","False","False","Race across global licensed series and build your own racing team to secure your motorsport legacy in this third person arcade racer.","","Racing|Arcade|Driving|Automobile Sim|Management|3D|Stylized|Third Person|Physics|Multiplayer|Singleplayer|Sports|PvP","Racing","English|French|Italian|German|Portuguese - Brazil|Simplified Chinese|Spanish - Latin America|Traditional Chinese","https://store.steampowered.com/app/3226450/","https://store.steampowered.com/developer/ofg","","0 .. 20,000",6.66666666666667,FALSE
899770,"Last Epoch","21 Feb, 2024","Eleventh Hour Games","Eleventh Hour Games",NA,863,"Mostly Positive","Mixed",33.99,NA,NA,0,10,12,"False","False","False","Uncover the Past, Reforge the Future. Ascend into one of 15 mastery classes and explore dangerous dungeons, hunt epic loot, craft legendary weapons, and wield the power of over a hundred transformative skill trees. Last Epoch is being developed by a team of passionate Action RPG enthusiasts.","Last Epoch - Fractured Legend Supporter Pack|Last Epoch - Fractured Vanquisher Supporter Pack|Last Epoch - Fractured Templar Supporter Pack|Last Epoch - Fractured Traveler Supporter Pack|Last Epoch - Primal Legend Supporter Pack|Last Epoch - Primal Vanquisher Supporter Pack|Last Epoch - Primal Templar Supporter Pack|Last Epoch - Primal Traveler Supporter Pack|Last Epoch - Woven Legend Supporter Pack|Last Epoch - Woven Vanquisher Supporter Pack|Last Epoch - Woven Templar Supporter Pack|Last Epoch - Woven Traveler Supporter Pack","Action RPG|Loot|Hack and Slash|RPG|Isometric|Multiplayer|Action|Top-Down|Co-op|Adventure|Dungeon Crawler|Indie|Singleplayer|Fantasy|Character Customization|MMORPG|Gore|Magic|Violent|Time Travel","Action|Adventure|Indie|RPG","English|French|German|Korean|Polish|Portuguese - Brazil|Russian|Simplified Chinese|Spanish - Spain|Japanese","https://store.steampowered.com/app/899770/","","","20,000,000 .. 50,000,000",11.6666666666667,TRUE
222480,"Resident Evil Revelations","20 May, 2013","Capcom","Capcom",NA,356,"Very Positive","Very Positive",19.99,4.99,75,50,13,7,"False","False","False","Resident Evil® Revelations returns redefined for PC complete with high quality HD visuals, enhanced lighting effects and an immersive sound experience.","Resident Evil: Revelations Parker's Government Handgun + Custom Part:|Resident Evil: Revelations Jessica's G18 + Custom Part:|Resident Evil: Revelations Jill's Samurai Edge + Custom Part:|Resident Evil: Revelations Rachael Ooze DLC|Resident Evil: Revelations Lady HUNK DLC|Resident Evil: Revelations Resistance Set|Resident Evil: Revelations Enhancement Set","Horror|Action|Zombies|Survival Horror|Third-Person Shooter|Adventure|Co-op|Female Protagonist|Third Person|Singleplayer|Online Co-Op|Multiplayer|Survival|Atmospheric|Shooter|Gore|Sci-fi|Great Soundtrack|Story Rich|Controller","Action|Adventure","English|German|French|Italian|Spanish - Spain|Russian|Japanese|Portuguese - Portugal|Polish|Dutch|Portuguese - Brazil|Simplified Chinese|Traditional Chinese","https://store.steampowered.com/app/222480/","https://store.steampowered.com/developer/capcom","https://store.steampowered.com/publisher/capcom","1,000,000 .. 2,000,000",0.5,FALSE
251570,"7 Days to Die","25 Jul, 2024","The Fun Pimps","The Fun Pimps Entertainment LLC",NA,NA,"Very Positive","Very Positive",43.99,NA,NA,43,14,8,"True","False","False","7 Days to Die is an open-world game that is a unique combination of first-person shooter, survival horror, tower defense, and role-playing games. Play the definitive zombie survival sandbox RPG that came first. Navezgane awaits!","﻿The Hoarder Armor Set|The Marauder Armor Set|﻿The Desert Armor Set|The Classic Survivor Armor Set|The Butcher Armor Set|The Hellreaver Armor Set|The Holiday Hat Pack|The Jolly Raider Armor Set","Survival|Zombies|Multiplayer|Open World|Open World Survival Craft|Base Building|Post-apocalyptic|Online Co-Op|Voxel|Building|Exploration|Sandbox|FPS|Simulation|Horror|Tower Defense|Character Customization|Action|Strategy|Procedural Generation","Action|Adventure|Indie|RPG|Simulation|Strategy","English|French|German|Spanish - Spain|Italian|Japanese|Korean|Polish|Portuguese - Brazil|Russian|Simplified Chinese|Spanish - Latin America|Traditional Chinese|Turkish","https://store.steampowered.com/app/251570/","https://store.steampowered.com/developer/TheFunPimps","https://store.steampowered.com/publisher/TheFunPimps","10,000,000 .. 20,000,000",5,TRUE
2643390,"Star Trek: Voyager - Across the Unknown","18 Feb, 2026","Gamexcite","Daedalic Entertainment",NA,493,"Mostly Positive","Very Positive",34.99,27.99,20,60,8,1,"False","False","False","Star Trek: Voyager - Across the Unknown is a story-driven survival strategy game in which the fate of the iconic starship is in your hands. Take the helm, manage the ship and resources, and make difficult decisions. Will you be able to bring home the ship and its crew?","Star Trek: Voyager - Across the Unknown - Deluxe DLC","Strategy|Interactive Fiction|Space Sim|Management|Roguelike|Choose Your Own Adventure|Aliens|Sci-fi|3D|Space|Futuristic|Exploration|Lore-Rich|Drama|Nostalgia|Survival|Choices Matter|Tactical|Indie|Combat","Indie|Strategy","English|French|German|Spanish - Spain|Polish|Russian|Simplified Chinese|Japanese","https://store.steampowered.com/app/2643390/","https://store.steampowered.com/developer/daedalic","https://store.steampowered.com/publisher/daedalic","0 .. 20,000",6.66666666666667,TRUE
2794590,"Scam Line","10 Jan, 2026","RavenJm","RavenJm",681,NA,"Very Positive","",4.99,NA,NA,0,14,0,"False","False","False","Scam Line is a 4–8 player social deception game where your party will face different challenges. Become a liar, a manipulator, a cheater, or find your own path to victory","","Indie|Multiplayer|Co-op|PvP|Dark|Funny|Online Co-Op|Casual|Social Deduction|Puzzle|Strategy|Pixel Graphics|Early Access|3D|First-Person|Horror","Indie|Early Access","English|Russian|Simplified Chinese|Turkish|Spanish - Spain|Portuguese - Brazil|French|Korean|German|Polish|Italian|Norwegian|Czech|Japanese","https://store.steampowered.com/app/2794590/","https://store.steampowered.com/developer/ravenjm","https://store.steampowered.com/publisher/ravenjm","0 .. 20,000",6.66666666666667,TRUE
1677280,"Company of Heroes 3","23 Feb, 2023","Relic Entertainment","Relic Entertainment",NA,309,"Mixed","Mixed",54.99,21.99,60,24,15,3,"False","False","False","Company of Heroes 3 combines heart-pounding combat with deeper strategic choices in a stunning Mediterranean theatre of war. In Company of Heroes 3, every battle tells a story...what's yours?","Company of Heroes 3: Stealth & Stronghold|Company of Heroes 3: Fire & Steel|Company of Heroes 3: Endure & Defy","Strategy|Singleplayer|Wargame|RTS|Multiplayer|Action RTS|Co-op|World War II|PvE|Real Time Tactics|PvP|Historical|Military|Turn-Based Tactics|Top-Down|Action|Turn-Based Strategy|Tactical|Choices Matter|War","Action|Strategy","English|French|Italian|German|Spanish - Spain|Czech|Korean|Polish|Simplified Chinese|Traditional Chinese|Japanese|Portuguese - Brazil|Turkish|Russian|Ukrainian","https://store.steampowered.com/app/1677280/","https://store.steampowered.com/curator/35920674","https://store.steampowered.com/curator/35920674","1,000,000 .. 2,000,000",0.5,FALSE
3981100,"Leaf it Alone","30 Oct, 2025","Eternity","Eternity",NA,338,"Overwhelmingly Positive","Very Positive",5.49,NA,NA,18,13,0,"False","False","False","Finally, it's that time of the year to clean up this leafy mess. It's been a while since the last time you've done it, so don't waste any second and derust your raking skills!","","Simulation|Casual|Relaxing|Indie|Singleplayer|First-Person|Clicker|Physics|3D|Idler|Cozy|Short|Stylized|Mystery|Linear|Job Simulator|Illuminati|Psychological|Immersive Sim|Free to Play","Casual|Indie|Simulation","English|French|German|Traditional Chinese|Simplified Chinese|Polish|Russian|Portuguese - Brazil|Italian|Spanish - Spain|Czech|Japanese|Korean","https://store.steampowered.com/app/3981100/","https://store.steampowered.com/curator/45838252","https://store.steampowered.com/curator/45838252","0 .. 20,000",6.66666666666667,TRUE
1817070,"Marvel’s Spider-Man Remastered","12 Aug, 2022","Insomniac Games","PlayStation Publishing LLC",NA,NA,"Overwhelmingly Positive","Overwhelmingly Positive",59.99,NA,NA,78,22,0,"False","False","False","In Marvel’s Spider-Man Remastered, the worlds of Peter Parker and Spider-Man collide in an original action-packed story. Play as an experienced Peter Parker, fighting big crime and iconic villains in Marvel’s New York. Web-swing through vibrant neighborhoods and defeat villains with epic takedowns.","","Open World|Superhero|Action|Singleplayer|Story Rich|Adventure|Combat|Action-Adventure|Third Person|Parkour|Comic Book|Exploration|Beautiful|Stealth|Great Soundtrack|Funny|Atmospheric|Sci-fi|Controller|Multiplayer","Action|Adventure|Casual","English|French|Italian|German|Spanish - Spain|Arabic|Czech|Danish|Dutch|Finnish|Greek|Hungarian|Japanese|Korean|Norwegian|Polish|Portuguese - Portugal|Portuguese - Brazil|Russian|Spanish - Latin America|Swedish|Traditional Chinese","https://store.steampowered.com/app/1817070/","https://store.steampowered.com/curator/42527123","https://store.steampowered.com/publisher/playstationstudios","2,000,000 .. 5,000,000",1.16666666666667,FALSE
1657630,"Slime Rancher 2","23 Sep, 2025","Monomi Park","Monomi Park",NA,574,"Very Positive","Overwhelmingly Positive",28.49,NA,NA,27,9,1,"True","False","False","Continue the adventures of Beatrix LeBeau as she journeys across the Slime Sea to Rainbow Island, a land brimming with ancient mysteries, and bursting with wiggly, new slimes to wrangle in this sequel to the smash-hit, Slime Rancher.","Slime Rancher 2: Original Soundtrack, Vol. 2","Cute|Relaxing|Singleplayer|Open World|Colorful|First-Person|Creature Collector|Adventure|Simulation|Family Friendly|Casual|Female Protagonist|3D|Fantasy|Building|FPS|Action-Adventure|Atmospheric|Action|Shooter","Action|Adventure|Casual|Indie|Simulation","English|French|German|Japanese|Korean|Russian|Simplified Chinese|Spanish - Latin America|Portuguese - Brazil","https://store.steampowered.com/app/1657630/","https://store.steampowered.com/developer/MONOMIPARK","https://store.steampowered.com/publisher/MONOMIPARK","1,000,000 .. 2,000,000",0.5,TRUE
401920,"The Binding of Isaac: Afterbirth","30 Oct, 2015","Nicalis, Inc.","",NA,20,"Very Positive","Very Positive",10.99,NA,NA,0,1,0,"False","True","False","","","Action Roguelike|Replay Value|Difficult|Indie|Great Soundtrack|Dungeon Crawler|Roguelike|Singleplayer|Action|Dark|Adventure|Roguelite|Pixel Graphics|Gore|Survival|Co-op|2D|Atmospheric|Procedural Generation|Horror","Action|Adventure","English","https://store.steampowered.com/app/401920/","https://store.steampowered.com/developer/Nicalis","","0 .. 20,000",6.66666666666667,FALSE
1029780,"Going Medieval","17 Mar, 2026","Foxy Voxel","Mythwright",NA,633,"Very Positive","Mostly Positive",29.99,NA,NA,94,11,1,"True","False","False","Build and manage your own castle settlement in a land reclaimed by wilderness. With detailed management, survival strategy, and a moddable sandbox world, Going Medieval challenges you to build the mightiest colony this side of the apocalypse.","Going Medieval - Supporter Pack","Colony Sim|Base Building|Voxel|Strategy|Survival|Management|Singleplayer|Sandbox|City Builder|Nature|Economy|Moddable|Historical|Simulation|RPG|Procedural Generation|PvE|Crafting|Relaxing|3D","Indie|RPG|Simulation|Strategy","English|Simplified Chinese|French|German|Japanese|Portuguese - Brazil|Russian|Spanish - Spain|Korean|Polish|Turkish","https://store.steampowered.com/app/1029780/","https://store.steampowered.com/developer/foxyvoxel","https://store.steampowered.com/publisher/mythwright","500,000 .. 1,000,000",100.2,TRUE
3077390,"MotoGP™25","30 Apr, 2025","Milestone S.r.l.","Milestone S.r.l.",445,NA,"Mostly Positive","",59.99,11.99,80,50,10,2,"False","False","False","Rev up your engines for the 2025 season! Feel the authentic MotoGP™ thrills with refined sound design and exciting challenges. Train with new disciplines in Race Off mode and choose the Arcade or Pro Experience for ultimate fun or realism!","MotoGP™25 - Off Road Helmets Pack|MotoGP™25 - Iconic Liveries Pack","Racing|Sports|Simulation|eSports|Realistic|Motorbike|Split Screen|Funny|Bikes|PvP|Character Customization|Controller|Physics|PvE|First-Person|Multiplayer|Third Person|Singleplayer|Local Multiplayer|Driving","Racing|Simulation|Sports","English|French|Italian|German|Spanish - Spain|Indonesian|Japanese|Portuguese - Brazil|Simplified Chinese|Traditional Chinese","https://store.steampowered.com/app/3077390/","https://store.steampowered.com/developer/Milestone","https://store.steampowered.com/publisher/Milestone","20,000 .. 50,000",17.5,FALSE
3228590,"Deadzone: Rogue","11 Aug, 2025","Prophecy Games","Prophecy Games",NA,606,"Very Positive","Very Positive",24.99,16.24,35,58,14,2,"True","False","False","Deadzone: Rogue is a roguelite FPS set in space. Blast through swarms of hostile machines, combine powerful augments and elements to forge your build, and grow stronger with each run — solo or in co-op.","Deadzone: Rogue - Operative Pack|Deadzone: Rogue - MARK II Pack","Roguelike|FPS|Online Co-Op|PvE|Roguelite|Looter Shooter|First-Person|Horror|Dungeon Crawler|Shooter|Action|Post-apocalyptic|Action Roguelike|3D|Zombies|Sci-fi|Bullet Hell|Atmospheric|Loot|Dark","Action","English|French|German|Japanese|Korean|Portuguese - Brazil|Russian|Simplified Chinese|Spanish - Latin America|Ukrainian|Italian|Spanish - Spain|Traditional Chinese|Polish","https://store.steampowered.com/app/3228590/","","","200,000 .. 500,000",175,FALSE
4015530,"MyVoiceZoo","26 Sep, 2025","TRUSO","TRUSO",NA,585,"Very Positive","Very Positive",2.99,NA,NA,1,15,0,"False","False","False","My Voice Zoo is a unique idle zoo game brought to life with your own voice. Record your sounds through the microphone and turn them into animal calls, creating a one-of-a-kind zoo found nowhere else. Start building your very own zoo, complete only with your voice!","","Casual|Simulation|Creature Collector|Sandbox|Idler|Cute|2D|Cartoony|Indie|Funny|Comedy|Singleplayer|Character Customization|Relaxing|Cozy|Multiplayer|Psychological Horror","Casual|Indie|Simulation","English|Korean|French|German|Japanese|Russian|Simplified Chinese|Traditional Chinese|Italian|Spanish - Spain|Portuguese - Brazil|Portuguese - Portugal|Spanish - Latin America|Thai|Indonesian","https://store.steampowered.com/app/4015530/","https://store.steampowered.com/curator/45992357","https://store.steampowered.com/curator/45992357","0 .. 20,000",6.66666666666667,TRUE
4149410,"Season 2 Battlefield Pro - Battlefield™ 6 and REDSEC","17 Feb, 2026","Battlefield Studios","Electronic Arts",157,NA,"Mixed","",24.99,NA,NA,0,13,0,"False","True","False","","","Multiplayer|FPS|Action|Military|Singleplayer|Shooter|War|Modern|Combat|Realistic|Epic|Tactical|Battle Royale|Destruction|PvP|Artificial Intelligence|Violent|Atmospheric|Co-op|Sandbox","Action","English|French|Italian|German|Spanish - Spain|Arabic|Japanese|Korean|Polish|Portuguese - Brazil|Simplified Chinese|Spanish - Latin America|Traditional Chinese","https://store.steampowered.com/app/4149410/","https://store.steampowered.com/developer/Battlefield","","0 .. 20,000",6.66666666666667,FALSE
1167630,"Teardown","21 Apr, 2022","Tuxedo Labs","Tuxedo Labs",NA,NA,"Overwhelmingly Positive","Very Positive",29.99,NA,NA,27,9,5,"False","False","False","Prepare the perfect heist in a fully destructible, simulated voxel world. Tear down walls with vehicles or use explosives to create your own shortcuts. Shape the environment to your advantage in the most creative ways you can imagine. Play solo or with up to 12 players in multiplayer.","Teardown: The Greenwash Gambit|Teardown: Season Pass|Teardown: Folkrace|Teardown: Time Campers|Teardown: Quilez R0113R Robot","Destruction|Physics|Sandbox|Voxel|Multiplayer|Heist|Singleplayer|Indie|First-Person|Replay Value|Co-op|Co-op Campaign|3D|Simulation|Action|Mod|Driving|Realistic|Puzzle|Online Co-Op","Action|Indie|Simulation|Strategy","English|French|Italian|German|Spanish - Spain|Japanese|Polish|Russian|Simplified Chinese","https://store.steampowered.com/app/1167630/","https://store.steampowered.com/curator/45059610","https://store.steampowered.com/curator/45059610","2,000,000 .. 5,000,000",1.16666666666667,TRUE
1384160,"GUILTY GEAR -STRIVE-","11 Jun, 2021","Arc System Works","Arc System Works",NA,318,"Very Positive","Very Positive",39.99,NA,NA,39,10,38,"False","False","False","The cutting-edge 2D/3D hybrid graphics pioneered in the Guilty Gear series have been raised to the next level in “GUILTY GEAR -STRIVE-“. The new artistic direction and improved character animations will go beyond anything you’ve seen before in a fighting game!","GGST Additional Character 17 - Lucy|GGST Additional Character 16 - Unika|GGST Additional Battle Stage 7 - In the Name of Peace|GGST Additional Battle Stage 8 - New Dawn, A Future Unfolding|GGST Additional Character 15 - Venom|GGST Additional Character 14 - Queen Dizzy|GGST Season 4 Characters Additional Colors|Guilty Gear -Strive- Season Pass 4|GGST Additional Character 13 - Slayer|GGST Additional Battle Stage 6 - Amber Fest with Kind Neighbors|GGST Additional Character 12 - A.B.A|GGST Additional Battle Stage 5 - Fallen Prayer, Engulfed Lives|Guilty Gear -Strive- Season Pass 3|GGST Additional Character 11 - Elphelt Valentine|GGST Additional Character 10 - Johnny|GGST Season 3 Characters Additional Colors|GGST Guilty Gear 25th Anniversary Appreciation Color|Guilty Gear 25th Anniversary Colors|Guilty Gear -Strive- Season Pass 1|Guilty Gear -Strive- Season Pass 2|Guilty Gear -Strive- Additional Colors #2 DLC|Guilty Gear -Strive- Additional Colors #1 DLC|GGST Additional Character 1 - Goldlewis Dickinson|GGST Additional Character 2 - Jack-O|GGST Additional Character 3 - Happy Chaos|GGST Additional Character 4 - Baiken|GGST Additional Character 5 - Testament|GGST Additional Character 6 - Bridget|GGST Additional Character 7 - Sin Kiske|GGST Additional Character 8 - Bedman?|GGST Additional Character 9 - Asuka|GGST Additional Battle Stage 1 - Lap of the Kami|GGST Additional Battle Stage 2 - White House Reborn|GGST Additional Battle Stage 3 - Fairy's Forest Factory|GGST Additional Battle Stage 4 - Tír na nÓg|Guilty Gear -Strive- Ultimate Edition Content Kit DLC|Guilty Gear -Strive- Original Soundtrack Necessary Discrepancy Disc 1|Guilty Gear -Strive- Original Soundtrack Necessary Discrepancy Disc 2","Fighting|2D Fighter|Great Soundtrack|Anime|PvP|2.5D|Arcade|Multiplayer|Lore-Rich|Action|2D|Story Rich|Local Multiplayer|3D|Combat|LGBTQ+|Fantasy|Cinematic|Drama|Casual","Action","English|Japanese|Simplified Chinese|Traditional Chinese|French|Italian|German|Spanish - Spain|Korean|Portuguese - Brazil","https://store.steampowered.com/app/1384160/","https://store.steampowered.com/developer/arcsystemworks","https://store.steampowered.com/publisher/arcsystemworks","1,000,000 .. 2,000,000",0.5,FALSE
3219700,"Age of Empires II: DE – The Last Chieftains","17 Feb, 2026","Forgotten Empires","Xbox Game Studios",431,NA,"Mixed","",19.99,NA,NA,0,17,0,"False","True","False","","","Strategy|RTS|City Builder|Multiplayer|Base Building|Historical|Singleplayer|Medieval|Resource Management|Classic|Tactical|Real-Time|Co-op|Remake|Isometric|2D|Replay Value|Action|Great Soundtrack|Adventure","Strategy","English|French|Italian|German|Japanese|Korean|Portuguese - Brazil|Russian|Simplified Chinese|Spanish - Latin America|Traditional Chinese|Turkish|Vietnamese|Spanish - Spain|Polish|Hindi|Malay","https://store.steampowered.com/app/3219700/","https://store.steampowered.com/developer/forgottenempires","https://store.steampowered.com/publisher/XboxGameStudios","0 .. 20,000",6.66666666666667,FALSE
1631270,"StarRupture","6 Jan, 2026","Creepy Jar","Creepy Jar",NA,940,"Very Positive","Very Positive",19.99,NA,NA,0,12,1,"True","False","False","StarRupture is a first-person open world base-building game with advanced combat and tons of exploration. Play alone or in a group on this sublime and ever-changing planet, extract and manage resources, create your complex industrial system and fight off hordes of alien monsters.","StarRupture - Supporter Pack","Early Access|Base Building|Survival|Open World Survival Craft|Automation|Co-op|Open World|Multiplayer|Crafting|Exploration|Adventure|Simulation|Shooter|Sandbox|Sci-fi|Colony Sim|Singleplayer|Immersive Sim|Action|Online Co-Op","Action|Adventure|Indie|Simulation|Early Access","English|Simplified Chinese|French|Spanish - Spain|Korean|Polish|Portuguese - Brazil|Russian|Thai|Traditional Chinese|Japanese|German","https://store.steampowered.com/app/1631270/","https://store.steampowered.com/developer/CreepyJar","https://store.steampowered.com/publisher/CreepyJar","0 .. 20,000",6.66666666666667,TRUE
2623190,"The Elder Scrolls IV: Oblivion Remastered","22 Apr, 2025","Bethesda Game Studios","Bethesda Softworks",NA,541,"Mostly Positive","Mixed",54.99,NA,NA,60,9,1,"False","False","False","Explore Cyrodiil like never before with stunning new visuals and refined gameplay in The Elder Scrolls IV: Oblivion™ Remastered.","The Elder Scrolls IV: Oblivion Remastered - Deluxe Upgrade","RPG|Open World|Fantasy|Singleplayer|Adventure|Exploration|Character Customization|First-Person|Action RPG|Third Person|Story Rich|Action-Adventure|Great Soundtrack|Atmospheric|Violent|Action|Sexual Content|Gore|Politics|Political","RPG","English|French|Italian|German|Spanish - Spain|Japanese|Polish|Portuguese - Brazil|Simplified Chinese","https://store.steampowered.com/app/2623190/","https://store.steampowered.com/developer/bethesda","https://store.steampowered.com/publisher/bethesda","2,000,000 .. 5,000,000",1.16666666666667,FALSE
1659040,"HITMAN World of Assassination","20 Jan, 2022","IO Interactive A/S","IO Interactive A/S",NA,NA,"Very Positive","Very Positive",29.99,NA,NA,83,9,10,"False","False","False","Enter the world of the ultimate assassin. HITMAN World of Assassination delivers the definitive stealth action experience, putting you in the shoes of Agent 47, a master assassin. Explore immersive locations, uncover hidden secrets, and eliminate targets with complete freedom of approach.","HITMAN 3 - The Bruce Lee Pack|HITMAN 3 - Patient Zero Requiem Pack|HITMAN 3 - The Banker Pack|HITMAN 3 - The Splitter Pack|HITMAN 3 - The Drop Pack|HITMAN 3 - The Undying Pack|HITMAN 3 - Sarajevo Six Campaign Pack|HITMAN 3 - Trinity Pack|HITMAN 3 - Street Art Pack|HITMAN 3 - Makeshift Pack","Stealth|Assassin|VR|Action|Singleplayer|Sandbox|Multiplayer|Violent|Shooter|Third Person|Third-Person Shooter|Realistic|Open World|Puzzle|Adventure|Cinematic|Gore|Immersive Sim|Funny|Capitalism","Action|Adventure","English|French|Italian|German|Spanish - Spain|Japanese|Russian|Simplified Chinese|Traditional Chinese","https://store.steampowered.com/app/1659040/","https://store.steampowered.com/developer/iointeractive","https://store.steampowered.com/publisher/iointeractive","2,000,000 .. 5,000,000",1.16666666666667,FALSE
1817490,"Poppy Playtime - Chapter 2","5 May, 2022","Mob Entertainment","Mob Entertainment",NA,534,"Mostly Positive","Mostly Positive",8.19,NA,NA,0,1,0,"False","True","False","","","Adventure|Action|Horror|Indie|Puzzle|Singleplayer|First-Person|Survival Horror|Mystery|Dark|Free to Play|Story Rich|Exploration|Psychological Horror|Survival|Thriller|Atmospheric|Action-Adventure|Cute|Physics","Action|Adventure|Indie","English","https://store.steampowered.com/app/1817490/","","","0 .. 20,000",6.66666666666667,TRUE
1940340,"Darkest Dungeon® II","8 May, 2023","Red Hook Studios","Red Hook Studios",NA,241,"Mostly Positive","Mixed",36.49,11.31,69,121,15,4,"True","False","False","Darkest Dungeon II is a roguelike road trip of the damned. Form a party, equip your stagecoach, and set off across the decaying landscape on a last gasp quest to avert the apocalypse. The greatest dangers you face, however, may come from within...","Darkest Dungeon® II: The Binding Blade|Darkest Dungeon® II: Inhuman Bondage|Darkest Dungeon® II: Infernal Supporter Pack|Darkest Dungeon® II: Hero Origin Pack","Turn-Based Tactics|Dark Fantasy|Roguelite|Dungeon Crawler|Lovecraftian|Singleplayer|Roguelike|Perma Death|Turn-Based|Turn-Based Combat|CRPG|Party-Based RPG|Story Rich|Gothic|2D|Hand-drawn|RPG|Procedural Generation|Turn-Based Strategy|Stylized","Indie|RPG|Strategy","English|French|Italian|German|Czech|Polish|Portuguese - Brazil|Russian|Spanish - Latin America|Japanese|Korean|Simplified Chinese|Ukrainian|Spanish - Spain|Traditional Chinese","https://store.steampowered.com/app/1940340/","https://store.steampowered.com/developer/redhookstudios","https://store.steampowered.com/publisher/redhookstudios","1,000,000 .. 2,000,000",0.5,TRUE
1145360,"Hades","17 Sep, 2020","Supergiant Games","Supergiant Games",NA,NA,"Overwhelmingly Positive","Overwhelmingly Positive",24.5,NA,NA,49,11,0,"True","False","False","Defy the god of the dead as you hack and slash out of the Underworld in this rogue-like dungeon crawler from the creators of Bastion, Transistor, and Pyre.","","Action Roguelike|Roguelite|Hack and Slash|Indie|Mythology|Action|Roguelike|Singleplayer|Great Soundtrack|Story Rich|Dungeon Crawler|RPG|Replay Value|Isometric|Difficult|Hand-drawn|Action RPG|Atmospheric|LGBTQ+|Perma Death","Action|Indie|RPG","English|French|Italian|German|Spanish - Spain|Korean|Portuguese - Brazil|Russian|Simplified Chinese|Polish|Japanese","https://store.steampowered.com/app/1145360/","https://store.steampowered.com/developer/supergiantgames","https://store.steampowered.com/publisher/supergiantgames","5,000,000 .. 10,000,000",2.5,TRUE
3022790,"RimWorld - Odyssey","11 Jul, 2025","Ludeon Studios","Ludeon Studios",NA,23,"Very Positive","Mostly Positive",23.49,NA,NA,0,15,0,"False","True","False","","","Colony Sim|Base Building|Survival|Strategy|Simulation|Singleplayer|Sci-fi|Management|Moddable|Sandbox|Story Rich|Replay Value|Indie|Procedural Generation|Tactical RPG|Open World|2D|City Builder|Building|Atmospheric","Indie|Simulation|Strategy","English|French|German|Dutch|Japanese|Korean|Polish|Portuguese - Brazil|Russian|Simplified Chinese|Spanish - Latin America|Traditional Chinese|Turkish|Ukrainian|Spanish - Spain","https://store.steampowered.com/app/3022790/","https://store.steampowered.com/developer/Ludeon","https://store.steampowered.com/publisher/Ludeon","0 .. 20,000",6.66666666666667,TRUE
2186680,"Warhammer 40,000: Rogue Trader","7 Dec, 2023","Owlcat Games","Owlcat Games",NA,662,"Very Positive","Very Positive",65.68,48.09,27,106,8,9,"False","False","False","Made in a close partnership with Games Workshop, Warhammer 40,000: Rogue Trader is a story-rich classical RPG from Owlcat Games, developers of the critically acclaimed game, Pathfinder: Wrath of the Righteous.","Warhammer 40,000: Rogue Trader - Season Pass 2|Warhammer 40,000: Rogue Trader - Season Pass|Warhammer 40,000: Rogue Trader - Lex Imperialis|Warhammer 40,000: Rogue Trader - Deluxe Pack|Warhammer 40,000: Rogue Trader - Appearance Pack|Warhammer 40,000: Rogue Trader - Void Shadows|Warhammer 40,000: Rogue Trader - Voidfarer Pack|Warhammer 40,000: Rogue Trader - The Shovel DLC|Warhammer 40,000: Rogue Trader - The Infinite Museion","CRPG|Turn-Based Strategy|RPG|Strategy|Adventure|Atmospheric|Warhammer 40K|Tactical RPG|Fantasy|Character Customization|Co-op|Dark Fantasy|Action|Turn-Based Combat|Choices Matter|Multiplayer|Story Rich|Sci-fi|Singleplayer|Space","Action|Adventure|Indie|RPG|Strategy","English|French|German|Spanish - Spain|Russian|Simplified Chinese|Japanese|Turkish","https://store.steampowered.com/app/2186680/","https://store.steampowered.com/curator/44272419","https://store.steampowered.com/curator/44272419","10,000,000 .. 20,000,000",5,TRUE
1888930,"The Last of Us™ Part I","28 Mar, 2023","Naughty Dog LLC","PlayStation Publishing LLC",NA,NA,"Very Positive","Overwhelmingly Positive",59.99,NA,NA,29,25,0,"False","False","False","Discover the award-winning game that inspired the critically acclaimed television show. Guide Joel and Ellie through a post-apocalyptic America, and encounter unforgettable allies and enemies in The Last of Us™.","","Story Rich|Post-apocalyptic|Zombies|Horror|Action-Adventure|Shooter|Singleplayer|Third-Person Shooter|Survival|Third Person|Cinematic|Survival Horror|Emotional|Action|Adventure|Atmospheric|Thriller|Drama|Remake|Soundtrack","Action|Adventure","English|Italian|Spanish - Spain|Czech|Dutch|Greek|French|German|Danish|Finnish|Hungarian|Japanese|Korean|Norwegian|Polish|Portuguese - Brazil|Portuguese - Portugal|Russian|Simplified Chinese|Spanish - Latin America|Swedish|Thai|Traditional Chinese|Turkish|Croatian","https://store.steampowered.com/app/1888930/","https://store.steampowered.com/developer/playstationstudios","https://store.steampowered.com/publisher/playstationstudios","1,000,000 .. 2,000,000",0.5,FALSE
686810,"Hell Let Loose","27 Jul, 2021","Expression Games","Team17",NA,707,"Very Positive","Mostly Positive",59.99,20.39,66,195,11,33,"False","False","False","Join the ever expanding experience of Hell Let Loose - a hardcore World War Two first person shooter with epic battles of 100 players with infantry, tanks, artillery, a dynamically shifting front line and a unique resource based RTS-inspired meta-game.","Hell Let Loose - Operation Suvorov Units|Hell Let Loose - Veteran - Smolensk Offensive|Hell Let Loose - Soviet and British 8th Army Armor Pack|Hell Let Loose - Fallschirmjäger Airborne Veterans|Hell Let Loose – US & German Armor Pack|Hell Let Loose – Red Army Cossack|Hell Let Loose - Western Desert Campaign Units|Hell Let Loose - Long Range Desert Group|Hell Let Loose - Operation Overlord Units|Hell Let Loose - Wacht am Rhein Units|Hell Let Loose - Panzer Lehr|Hell Let Loose -  Operation Lüttich Units|Hell Let Loose - Airborne M1942 Reinforced|Hell Let Loose - Red Devils|Hell Let Loose - Oak Leaf|Hell Let Loose - Polish Parachute Brigade|Hell Let Loose - Near Miss - British 8th Army|Hell Let Loose - Red Skies|Hell Let Loose - Pea Dot|Hell Let Loose - Luftwaffe Eagles|Hell Let Loose - Cavalry Coat|Hell Let Loose - Battle Scarred|Hell Let Loose - Skull Bucket|Hell Let Loose - Near Miss|Hell Let Loose - Jericho Cap|Hell Let Loose – Red Marshall|Hell Let Loose – Upper Echelon|Hell Let Loose – Lethal Tide|Hell Let Loose - Hot Drop|Hell Let Loose - Tropic Fever|Hell Let Loose - False Front|Hell Let Loose - Red Steel|Hell Let Loose – Silver Vanguard","Shooter|Realistic|World War II|Multiplayer|Singleplayer|FPS|War|Military|Action|Tactical|First-Person|Simulation|Massively Multiplayer|Gore|Historical|Strategy|PvP|Mature|Violent|Indie","Action|Indie|Massively Multiplayer|Simulation|Strategy","English|French|German|Spanish - Spain|Russian|Simplified Chinese|Polish|Portuguese - Brazil|Traditional Chinese|Korean|Japanese","https://store.steampowered.com/app/686810/","https://store.steampowered.com/developer/Team17","https://store.steampowered.com/publisher/Team17","2,000,000 .. 5,000,000",1.16666666666667,TRUE
1198970,"I Am Jesus Christ","2 Apr, 2026","Space Boat Studios","PlayWay S.A.",674,NA,"Very Positive","",12.49,11.24,10,0,13,0,"False","False","False","Walk in the footsteps of Jesus in this immersive first-person retelling of His life, from baptism to resurrection. Perform iconic miracles, meet biblical figures, and explore the Holy Land from Jerusalem to Galilee. Experience the story of the Messiah in I Am Jesus Christ.","","Simulation|Adventure|Fantasy|Historical|Interactive Fiction|Indie|God Game|Faith|Casual|First-Person|Action|Story Rich|Singleplayer|Realistic|Open World|Atmospheric|Relaxing|Action-Adventure|Life Sim|Exploration","Action|Adventure|Casual|Indie|Simulation","English|French|Italian|German|Spanish - Spain|Polish|Russian|Portuguese - Brazil|Spanish - Latin America|Korean|Simplified Chinese|Turkish|Japanese","https://store.steampowered.com/app/1198970/","https://store.steampowered.com/curator/34769805","https://store.steampowered.com/publisher/playway","0 .. 20,000",6.66666666666667,TRUE
3097560,"Liar's Bar","2 Oct, 2024","Curve Animation","Curve Animation",NA,440,"Very Positive","Very Positive",6.89,NA,NA,0,4,0,"False","False","False","Dive into this multiplayer online experience set in a sketchy bar where the games are as dangerous as the patrons. Join a table of 4 and test your skills in Liar's Dice and Liar's Deck, where lying and bluffing are key to victory. Ready for a night at Liar's Bar?","","Multiplayer|Casual|PvP|Online Co-Op|Co-op|Indie|Funny|FPS|3D|First-Person|Tabletop|Dark|Puzzle|Board Game|Strategy|Horror|VR|Gore|Early Access|Simulation","Casual|Indie|Simulation|Strategy|Early Access","English|Turkish|Simplified Chinese|Russian","https://store.steampowered.com/app/3097560/","https://store.steampowered.com/curator/45224432","https://store.steampowered.com/curator/45224432","2,000,000 .. 5,000,000",1.16666666666667,TRUE
491540,"The Bus","26 Mar, 2026","TML-Studios","Aerosoft GmbH",NA,355,"Mostly Positive","Mixed",39.99,NA,NA,49,16,1,"False","False","False","Transport passengers in the city bus simulation The Bus along 1:1 scale routes in Berlin, passing landmarks like the Victory Column, Brandenburg Gate, and Alexanderplatz. In the Scania Citywide LF and other licensed buses, sell tickets, handle traffic, and get everyone to their destination safely.","The Bus - Hamburg City (by Halycon)","Simulation|Driving|Automobile Sim|Multiplayer|Realistic|Relaxing|First-Person|Moddable|Singleplayer|Early Access|Atmospheric|Level Editor|Open World|Economy|Management|Time Management|Transportation|Tutorial|Casual|Exploration","Simulation","English|French|Italian|German|Spanish - Spain|Portuguese - Brazil|Finnish|Japanese|Polish|Russian|Turkish|Hungarian|Simplified Chinese|Arabic|Dutch|Portuguese - Portugal","https://store.steampowered.com/app/491540/","https://store.steampowered.com/developer/tmlstudios","https://store.steampowered.com/publisher/aerosoft","200,000 .. 500,000",175,FALSE
2567870,"Chained Together","19 Jun, 2024","Anegar Games","Anegar Games",NA,809,"Very Positive","Very Positive",4.99,NA,NA,16,1,0,"False","False","False","From the depths of hell, climb chained to your friends through diverse worlds. Solo or co-op, try to reach the summit and discover what awaits you there...","","Co-op|Adventure|Casual|Platformer|Multiplayer|Puzzle Platformer|Online Co-Op|Simulation|3D Platformer|Action-Adventure|Funny|Third Person|Exploration|Post-apocalyptic|Emotional|Physics|Mystery|Surreal|Controller|Choices Matter","Adventure|Casual|Indie|Simulation","English","https://store.steampowered.com/app/2567870/","","","2,000,000 .. 5,000,000",1.16666666666667,TRUE
1172710,"Dune: Awakening","10 Jun, 2025","Funcom","Funcom",NA,983,"Mostly Positive","Mixed",49.99,NA,NA,72,14,4,"False","False","False","Dune: Awakening is an Open World Survival RPG where you can fully immerse yourself in the epic world of Dune. Alone or with friends, explore a vast open world Arrakis, survive the sandworms, build a home, craft an ornithopter, and unravel the mystery of the missing Fremen.","Dune: Awakening - Raiders of the Broken Lands DLC|Dune: Awakening - Season Pass|Dune: Awakening - Lost Harvest DLC|Dune: Awakening - Gift of the Sands Free Pack","Open World Survival Craft|Survival|Adventure|Multiplayer|Open World|RPG|PvP|Base Building|Exploration|PvE|Sci-fi|Building|Sandbox|Character Customization|Online Co-Op|Action|Third Person|Crafting|Massively Multiplayer|Lore-Rich","Action|Adventure|Massively Multiplayer|RPG","English|French|Italian|German|Spanish - Spain|Japanese|Korean|Polish|Portuguese - Brazil|Russian|Simplified Chinese|Traditional Chinese|Turkish|Ukrainian","https://store.steampowered.com/app/1172710/","https://store.steampowered.com/developer/Funcom","https://store.steampowered.com/publisher/Funcom","0 .. 20,000",6.66666666666667,FALSE
287290,"Resident Evil Revelations 2","24 Feb, 2015","CAPCOM Co., Ltd.","CAPCOM Co., Ltd.",NA,377,"Mostly Positive","Mostly Positive",5.99,1.49,75,43,12,22,"False","False","False","RE Revelations 2 continues the series acclaimed essential survival horror experience, while uncovering startling truths.","RER2 Episode Two: Contemplation|RER2 Episode Three: Judgment|RER2 Episode Four: Metamorphosis|RER2 Extra Episode: Little Miss|RER2 Extra Episode: The Struggle|Raid Mode: Throwback Map Pack|Raid Mode Character: Albert Wesker|Raid Mode Character: HUNK|Moira's Urban Ninja Costume|Claire's Rodeo Costume|Natalia's Lottie Suit Costume|Barry's Commandant Costume|Costume Pack|Raid Mode: Weapon Storage A|Raid Mode: Weapon Storage B|Raid Mode: Weapon Storage C|Raid Mode: Parts Storage A|Raid Mode: Parts Storage B|Raid Mode: Parts Storage C|Raid Mode: Album Storage A|Raid Mode: Album Storage B|Raid Mode: Album Storage C","Zombies|Horror|Multiplayer|Survival Horror|Action|Co-op|Adventure|Third-Person Shooter|Survival|Female Protagonist|Singleplayer|Local Co-Op|Third Person|Gore|Episodic|Atmospheric|Online Co-Op|Story Rich|Shooter|Action RPG","Action|Adventure","English|French|Italian|German|Spanish - Spain|Japanese|Korean|Polish|Portuguese - Brazil|Russian|Traditional Chinese|Simplified Chinese","https://store.steampowered.com/app/287290/","https://store.steampowered.com/developer/capcom","https://store.steampowered.com/publisher/capcom","1,000,000 .. 2,000,000",0.5,FALSE
531130,"Euro Truck Simulator 2 - Vive la France !","5 Dec, 2016","SCS Software","SCS Software",NA,NA,"Very Positive","",17.99,8.99,50,0,23,0,"False","True","False","","","Simulation|Driving|Indie|Open World|Realistic|Multiplayer|Singleplayer|Relaxing|Free to Play|Moddable|Adventure|Action|First-Person|TrackIR|Exploration|Family Friendly|Online Co-Op|Great Soundtrack|Casual","Indie|Simulation","English|German|French|Italian|Korean|Spanish - Spain|Simplified Chinese|Russian|Japanese|Portuguese - Portugal|Polish|Danish|Dutch|Finnish|Norwegian|Swedish|Hungarian|Czech|Romanian|Turkish|Portuguese - Brazil|Bulgarian|Greek","https://store.steampowered.com/app/531130/","https://store.steampowered.com/developer/SCSsoftware","https://store.steampowered.com/publisher/SCSsoftware","0 .. 20,000",6.66666666666667,TRUE
589290,"Holdfast: Nations At War","5 Mar, 2020","Anvil Game Studios","Anvil Game Studios",NA,497,"Very Positive","Very Positive",18.99,NA,NA,38,20,15,"False","False","False","Fight on multiple fronts in Holdfast: Nations At War - A multiplayer first and third-person shooter set during the great Napoleonic Era and WW1. Charge into battle with over 150 players per server!","Holdfast: Nations At War - Blackpowder Firearms|Holdfast OST - The Plight of War|Holdfast: Nations At War - Loyalist Upgrade|Holdfast: Nations At War - Napoleon's Rise|Holdfast: Nations At War - Regiments of the Line|Holdfast: Nations At War - Regiments of the Guard|Holdfast: Nations At War - Grenadier Regiments|Holdfast: Nations At War - High Command|Holdfast: Frontlines WW1|Holdfast: Frontlines WW1 - American Forces|Holdfast: Frontlines WW1 - Ottoman Forces|Holdfast: Frontlines WW1 - Australian Forces|Holdfast: Age Of Sail - Nelson's Own|Holdfast: Age Of Sail - Dreaded Pirate Lafitte|Holdfast: Age Of Sail","Shooter|Multiplayer|FPS|War|Historical|Military|Action|Wargame|World War I|Tactical|Simulation|Combat|Third-Person Shooter|PvP|Naval|Memes|Strategy|First-Person|Third Person|Team-Based","Action|Indie|Massively Multiplayer|RPG|Simulation|Strategy","English|French|German|Spanish - Spain|Japanese|Korean|Portuguese - Brazil|Russian|Simplified Chinese|Traditional Chinese|Italian|Czech|Dutch|Polish|Danish|Greek|Norwegian|Romanian|Swedish|Turkish","https://store.steampowered.com/app/589290/","https://store.steampowered.com/developer/anvilgamestudios","https://store.steampowered.com/publisher/anvilgamestudios","500,000 .. 1,000,000",100.2,TRUE
2000950,"Call of Duty®: Modern Warfare®","8 Mar, 2023","Infinity Ward","Activision",NA,NA,"Mostly Positive","Mostly Positive",59.99,NA,NA,27,13,2,"False","False","False","Experience a visceral Campaign or assemble your team in the ultimate online playground with multiple Special Ops challenges and a mix of Multiplayer maps and modes.","Call of Duty Endowment (C.O.D.E.) - Defender Pack|Call of Duty®: Modern Warfare® Points","Singleplayer|Action|FPS|Multiplayer|Shooter|Military|First-Person|Tactical|Story Rich|Modern|Co-op|Gun Customization|PvP|Violent|Online Co-Op|Gore|Realistic|War|Battle Royale|Zombies","Action","English|French|Italian|German|Spanish - Spain|Arabic|Japanese|Korean|Polish|Portuguese - Brazil|Russian|Spanish - Latin America|Traditional Chinese","https://store.steampowered.com/app/2000950/","","https://store.steampowered.com/publisher/Activision","1,000,000 .. 2,000,000",0.5,FALSE
322330,"Don't Starve Together","21 Apr, 2016","Klei Entertainment","Klei Entertainment",NA,NA,"Overwhelmingly Positive","Very Positive",14.99,NA,NA,0,12,49,"False","False","False","Fight, Farm, Build and Explore Together in the standalone multiplayer expansion to the uncompromising wilderness survival game, Don't Starve.","Don't Starve Together: Starter Pack 2026|Don't Starve Together: Wormwood Deluxe Chest|Don't Starve Together: Wurt Deluxe Chest|Don't Starve Together: Wortox Deluxe Chest|Don't Starve Together: Wanda Deluxe Chest|Don't Starve Together: Victorian Belongings Chest|Don't Starve Together: Victorian Antiques Chest|Don't Starve Together: Original Survivors Victorian Chest|Don't Starve Together: Latecomers' Victorian Chest|Don't Starve Together: Starter Pack 2025|Don't Starve Together: Starter Pack 2024|Don't Starve Together: Starter Pack 2023|Don't Starve Together: Starter Pack 2021|Don't Starve Together: Starter Pack 2020|Don't Starve Together: Starter Pack 2019|Don't Starve Together: Hallowed Nights Survivors Chest, Part III|Don't Starve Together: Hallowed Nights Survivors Chest, Part II|Don't Starve Together: Hallowed Nights Survivors Chest|Don't Starve Together: Hallowed Nights Belongings Chest|Don't Starve Together: Bounteous Bundle|Don't Starve Together: Snowfallen Survivors Chest, Part III|Don't Starve Together: Snowfallen Survivors Chest, Part II|Don't Starve Together: Snowfallen Survivors Chest|Don't Starve Together: Merrymaker Survivors Chest, Part IV|Don't Starve Together: Merrymaker Survivors Chest, Part III|Don't Starve Together: Merrymaker Survivors Chest|Don't Starve Together: Merrymaker Survivors Chest, Part II|Don't Starve Together: Merrymaker Belongings Chest|Don't Starve Together: Fantasmical Chest, Part II|Don't Starve Together: Fantasmical Chest|Don't Starve Together: Spring Cleaning Bundle|Don't Starve Together: Gothic Belongings Chest, Part II|Don't Starve Together: Gothic Belongings Chest|Don't Starve Together: Forge Weapons Chest|Don't Starve Together: Forge Armor Chest|Don't Starve Together: Beating Heart Chest|Don't Starve Together: All Survivors Magmatic Chest|Don't Starve Together: All Survivors Gladiator Chest|Don't Starve Together: Moonbound Survivors Chest|Don't Starve Together: Midsummer Cawnival Chest|Don't Starve Together: Blooming Verdant Chest|Don't Starve Together: Original Verdant Chest|Don't Starve Together: Fresh Verdant Chest|Don't Starve Together: Cottage Cache Chest|Don't Starve Together: Seaside Chest|Don't Starve Together: Inventor's Excursion Chest|Don't Starve Together: Swashbuckler Survivors Chest|Don't Starve Together: Complete Roseate Chest|Don't Starve Together: Walter Deluxe Wardrobe","Survival|Open World Survival Craft|Multiplayer|Co-op|Open World|Adventure|Crafting|Online Co-Op|Sandbox|Difficult|Indie|2D|Atmospheric|Survival Horror|Funny|Strategy|Horror|Singleplayer|Action|Roguelike","Action|Adventure|Indie|RPG|Simulation|Strategy","English|Simplified Chinese|French|Italian|German|Japanese|Korean|Polish|Portuguese - Portugal|Russian|Spanish - Latin America|Traditional Chinese","https://store.steampowered.com/app/322330/","https://store.steampowered.com/developer/klei","https://store.steampowered.com/publisher/klei","10,000,000 .. 20,000,000",5,TRUE
2927200,"Mount & Blade II: Bannerlord - War Sails","26 Nov, 2025","TaleWorlds Entertainment","TaleWorlds Entertainment",NA,145,"Mixed","Mostly Negative",24.99,NA,NA,0,13,0,"False","True","False","","","Strategy|RPG|Simulation|Action|Indie|Violent|Medieval|Vikings|Naval Combat","Action|Indie|RPG|Simulation|Strategy","English|Simplified Chinese|Turkish|Traditional Chinese|French|Italian|Japanese|Korean|Polish|Portuguese - Brazil|Russian|Spanish - Latin America|German","https://store.steampowered.com/app/2927200/","https://store.steampowered.com/developer/taleworlds","https://store.steampowered.com/publisher/taleworlds","0 .. 20,000",6.66666666666667,TRUE
3070070,"TCG Card Shop Simulator","15 Sep, 2024","OPNeon Games","OPNeon Games",NA,730,"Overwhelmingly Positive","Overwhelmingly Positive",12.79,NA,NA,45,10,0,"False","False","False","Open your own local game store. Stock shelves with the latest booster packs, or crack them and collect the cards for yourself. Set your own prices, hire staff, host events, and expand your card shop.","","Simulation|Management|Economy|Singleplayer|Collectathon|Capitalism|Trading Card Game|Card Game|Early Access|Trading|Life Sim|3D|First-Person|Relaxing|Immersive Sim|Shop Keeper|Casual|Job Simulator|Indie|Sandbox","Simulation|Early Access","English|French|Italian|German|Spanish - Spain|Japanese|Korean|Simplified Chinese|Traditional Chinese|Portuguese - Brazil","https://store.steampowered.com/app/3070070/","https://store.steampowered.com/curator/45071863","https://store.steampowered.com/curator/45071863","2,000,000 .. 5,000,000",1.16666666666667,FALSE
2499860,"DRAGON QUEST VII Reimagined","5 Feb, 2026","Square Enix","Square Enix",NA,NA,"Very Positive","",59.99,NA,NA,61,10,4,"False","False","False","Unravel the mysteries of the past in DRAGON QUEST VII Reimagined! Gather your companions and travel beyond the shores of your small kingdom to discover why it is the only remaining island in the world.","DRAGON QUEST VII Reimagined: Additional DLC Sets|DRAGON QUEST VII Reimagined: The Road of Regal Wretches|DRAGON QUEST VII Reimagined: Luminary's Livery|DRAGON QUEST VII Reimagined: Jam-Packed Swag Bag","RPG|JRPG|3D|Cute|Combat|Singleplayer|Turn-Based|Turn-Based Combat|Time Travel|Party-Based RPG|Dragons|Nostalgia|Fantasy|Remake|Silent Protagonist|Emotional|Story Rich|Magic|Atmospheric|Adventure","Adventure|RPG","English|French|Italian|German|Spanish - Spain|Spanish - Latin America|Simplified Chinese|Traditional Chinese|Japanese|Korean","https://store.steampowered.com/app/2499860/","https://store.steampowered.com/developer/squareenix","https://store.steampowered.com/publisher/squareenix","0 .. 20,000",6.66666666666667,FALSE
3159330,"Assassin’s Creed Shadows","19 Mar, 2025","Ubisoft Quebec","Ubisoft",NA,NA,"Mostly Positive","Mixed",69.99,NA,NA,72,13,2,"False","False","False","Experience an epic action-adventure story set in feudal Japan! Become a lethal shinobi assassin and powerful legendary samurai as you explore a beautiful open world in a time of chaos.","Assassin's Creed Shadows - Claws of Awaji|Assassin's Creed Shadows - Premium Starter Pack","Action|Adventure|Open World|Female Protagonist|Stealth|Ninja|Assassin|Combat|3D|Singleplayer|RPG|Action-Adventure|Swordplay|Action RPG|Third Person|Parkour|Violent|Exploration|Story Rich|Cinematic","Action|Adventure|RPG","English|French|Italian|German|Spanish - Spain|Arabic|Japanese|Korean|Portuguese - Brazil|Russian|Simplified Chinese|Traditional Chinese|Polish","https://store.steampowered.com/app/3159330/","","https://store.steampowered.com/publisher/ubisoft","0 .. 20,000",6.66666666666667,FALSE
1190000,"Car Mechanic Simulator 2021","11 Aug, 2021","Red Dot Games","PlayWay S.A.",NA,667,"Overwhelmingly Positive","Very Positive",24.5,NA,NA,46,17,20,"False","False","False","Work your way to a service empire. Get your hands dirty in a highly realistic simulation game that pays major attention to details. Pay a visit to a new Auction house and buy cars in various conditions. Expand your range of services by investing in a new work space and equipment.","Car Mechanic Simulator 2021 - Drag Racing DLC|Car Mechanic Simulator 2021 - Electric Car DLC|Car Mechanic Simulator 2021 - Jaguar DLC|Car Mechanic Simulator 2021 - Land Rover DLC|Car Mechanic Simulator 2021 - Pagani Remastered DLC|Car Mechanic Simulator 2021 - Porsche Remastered DLC|Car Mechanic Simulator 2021 - Hot Rod Remastered DLC|Car Mechanic Simulator 2021 - Lotus Remastered DLC|Car Mechanic Simulator 2021 - Mazda Remastered DLC|Car Mechanic Simulator 2021 - Aston Martin DLC|Car Mechanic Simulator 2021 - Nissan DLC|Car Mechanic Simulator 2021 - Mercedes-Benz Remastered DLC|Car Mechanic Simulator 2021 - Ford Remastered DLC|Car Mechanic Simulator 2021 - Dodge | Plymouth | Chrysler Remastered DLC|Car Mechanic Simulator 2021 - China DLC|Car Mechanic Simulator 2021 - BMW DLC|Car Mechanic Simulator 2021 - Rims DLC|Car Mechanic Simulator 2021 - Jeep | RAM Remastered DLC|Car Mechanic Simulator 2021 - Taxi DLC|Car Mechanic Simulator 2021 - Police DLC","Simulation|Automobile Sim|Sandbox|Realistic|Moddable|Driving|Racing|Singleplayer|3D|Education|First-Person|Puzzle|Immersive Sim|Co-op|Open World|Atmospheric|Adventure|Minigames|VR|Indie","Racing|Simulation","English|French|Italian|German|Spanish - Spain|Simplified Chinese|Japanese|Polish|Portuguese - Portugal|Portuguese - Brazil|Russian|Korean|Turkish|Czech|Romanian|Arabic|Hungarian","https://store.steampowered.com/app/1190000/","https://store.steampowered.com/curator/40373729","https://store.steampowered.com/publisher/playway","1,000,000 .. 2,000,000",0.5,FALSE
2591280,"F1® Manager 2024","23 Jul, 2024","Frontier Developments","Frontier Developments",NA,218,"Very Positive","Very Positive",34.99,3.49,90,30,13,3,"False","False","False","Lead your team to glory in F1® Manager 2024. A new Formula 1® season has arrived, and with it, the most comprehensive F1® management experience to date. Build a legacy with one of 10 official F1® constructors or create your own team for the very first time.","F1® Manager 2024 - Deluxe Upgrade Pack|F1® Manager 2024: Historical Livery Pack|F1® Manager 2024: Abstract Livery Pack","Strategy|Racing|Simulation|Management|Automobile Sim|Immersive Sim|Realistic|Time Management|3D|Driving|Sports|Economy|Family Friendly|Tactical|Base Building|Choices Matter|PvE|Resource Management|Team-Based|Time Manipulation","Simulation|Strategy","English|French|Italian|German|Spanish - Spain|Dutch|Japanese|Polish|Portuguese - Brazil|Russian|Simplified Chinese|Spanish - Latin America|Turkish","https://store.steampowered.com/app/2591280/","https://store.steampowered.com/developer/FrontierDevelopments","https://store.steampowered.com/publisher/FrontierDevelopments","100,000 .. 200,000",75,FALSE
4249130,"Dino Crisis","12 Feb, 2026","CAPCOM Co., Ltd.","CAPCOM Co., Ltd.",744,NA,"Mostly Positive","",9.99,4.99,50,0,6,0,"True","False","False","Raw Instinct takes over in this new, adrenaline-pumping journey into Survival Horror. Something is terribly wrong. Your covert mission has gone haywire… now you find yourself pursued by a relentless, prehistoric terror. Suddenly, your mission becomes a desperate fight for survival.","","Survival Horror|Dinosaurs|Action|Adventure|Survival|Horror|Psychological Horror|Shooter|3D|Third-Person Shooter|Dark|Singleplayer|Story Rich|Female Protagonist|Time Travel|Multiple Endings|PvE|Gore|Violent|Classic","Action|Adventure","English|French|Italian|German|Spanish - Spain|Japanese","https://store.steampowered.com/app/4249130/","https://store.steampowered.com/developer/capcom","https://store.steampowered.com/publisher/capcom","0 .. 20,000",6.66666666666667,FALSE
4173620,"I Know a Guy: Shady Life Simulator","1 Apr, 2026"," Bunch'o'Nerds"," Bunch'o'Nerds",114,NA,"Very Positive","",13.49,12.14,10,17,6,0,"False","False","False","Run your pizza shop up front and handle shady business out back. Help hand-crafted NPCs with favors that never go as planned. Play solo or online co-op with up to four players and expand your operation across Hobarey Town. In this darkly comedic management sim - become that guy everyone knows.","","Simulation|Co-op|Cooking|Crime|Character Customization|First-Person|Economy|Immersive Sim|Singleplayer|Stealth|Capitalism|Building|Management|Comedy|Early Access|Trading|Action|Casual|Open World|Time Management","Simulation|Early Access","English|French|Italian|German|Spanish - Spain|Russian","https://store.steampowered.com/app/4173620/","https://store.steampowered.com/curator/46014139","https://store.steampowered.com/curator/46014139","0 .. 20,000",6.66666666666667,FALSE
1593500,"God of War","14 Jan, 2022","Santa Monica Studio","PlayStation Publishing LLC",NA,NA,"Overwhelmingly Positive","Overwhelmingly Positive",49.99,NA,NA,37,18,0,"False","False","False","His vengeance against the Gods of Olympus years behind him, Kratos now lives as a man in the realm of Norse Gods and monsters. It is in this harsh, unforgiving world that he must fight to survive… and teach his son to do the same.","","Action|Singleplayer|Story Rich|Adventure|Mythology|Combat|Third Person|RPG|Hack and Slash|Open World|Violent|Fantasy|Exploration|Atmospheric|Action RPG|Souls-like|Gore|Emotional|3D|PvE","Action|Adventure|RPG","English|French|Italian|German|Spanish - Spain|Dutch|Japanese|Korean|Polish|Portuguese - Portugal|Portuguese - Brazil|Russian|Spanish - Latin America|Turkish|Traditional Chinese|Czech|Hungarian|Greek","https://store.steampowered.com/app/1593500/","https://store.steampowered.com/developer/playstationstudios","https://store.steampowered.com/publisher/playstationstudios","5,000,000 .. 10,000,000",2.5,FALSE
4078590,"The Planet Crafter - Toxicity","17 Nov, 2025","Miju Games","Miju Games",407,NA,"Very Positive","",9.99,7.49,25,0,14,0,"False","True","False","","","Open World Survival Craft|Base Building|Survival|Online Co-Op|Co-op|Building|Crafting|Open World|Exploration|Space|Automation|Sandbox|Resource Management|First-Person|Singleplayer|Sci-fi|Adventure|Story Rich|Immersive Sim|Aliens","Adventure","English|French|German|Spanish - Spain|Simplified Chinese|Russian|Polish|Portuguese - Portugal|Korean|Japanese|Portuguese - Brazil|Italian|Traditional Chinese|Turkish","https://store.steampowered.com/app/4078590/","https://store.steampowered.com/developer/MijuGames","https://store.steampowered.com/publisher/MijuGames","0 .. 20,000",6.66666666666667,FALSE
2947440,"SILENT HILL f","24 Sep, 2025","NeoBards Entertainment Ltd.","KONAMI",NA,762,"Very Positive","Mostly Positive",79.99,NA,NA,56,13,1,"False","False","False","Hinako's hometown is engulfed in fog, driving her to fight grotesque monsters and solve eerie puzzles. Uncover the disturbing beauty hidden in terror.","SILENT HILL f - Digital Deluxe Upgrade","Psychological Horror|Horror|Female Protagonist|Survival Horror|Story Rich|Souls-like|Action|Psychological|Adventure|Action-Adventure|Atmospheric|Exploration|Cinematic|Multiple Endings|Gore|Third Person|Singleplayer|Violent|3D|Combat","Action|Adventure","English|French|Italian|German|Spanish - Spain|Spanish - Latin America|Portuguese - Brazil|Polish|Russian|Simplified Chinese|Traditional Chinese|Japanese|Korean","https://store.steampowered.com/app/2947440/","","https://store.steampowered.com/publisher/Konami","0 .. 20,000",6.66666666666667,FALSE
2161700,"Persona 3 Reload","1 Feb, 2024","ATLUS","SEGA",NA,937,"Overwhelmingly Positive","Overwhelmingly Positive",59.99,NA,NA,56,13,8,"False","False","False","Dive into the Dark Hour and awaken the depths of your heart. Persona 3 Reload is a captivating reimagining of the genre-defining RPG, reborn for the modern era with cutting-edge graphics and gameplay.","Persona 3 Reload: Expansion Pass|Persona 3 Reload - Persona 4 Golden Yasogami High Costume Set|Persona 3 Reload - Persona 5 Royal Shujin Academy Costume Set|Persona 3 Reload - Persona 5 Royal Phantom Thieves Costume Set|Persona 3 Reload - Persona 5 Royal Persona Set 1|Persona 3 Reload - Persona 5 Royal Persona Set 2|Persona 3 Reload - Persona 4 Golden Persona Set|Persona 3 Reload - Persona 5 Royal BGM Set","JRPG|RPG|Anime|Party-Based RPG|Turn-Based Strategy|Story Rich|Dating Sim|Adventure|Great Soundtrack|Strategy|Emotional|Dark|Visual Novel|Turn-Based Combat|Strategy RPG|Colorful|Supernatural|Mystery|Multiple Endings|Detective","Adventure|RPG|Strategy","English|French|Italian|German|Spanish - Spain|Japanese|Korean|Polish|Portuguese - Brazil|Russian|Simplified Chinese|Traditional Chinese|Turkish","https://store.steampowered.com/app/2161700/","https://store.steampowered.com/developer/ATLUS","https://store.steampowered.com/publisher/Sega","1,000,000 .. 2,000,000",0.5,FALSE
440900,"Conan Exiles","8 May, 2018","Funcom","Funcom",NA,246,"Mostly Positive","Very Positive",39.99,NA,NA,36,12,12,"False","False","False","An online multiplayer survival game, now with sorcery, set in the lands of Conan the Barbarian. Survive in a vast open world sandbox, build your home into a kingdom, and dominate your enemies in single or multiplayer.","Conan Exiles: Isle of Siptah|Conan Exiles - People of the Dragon Pack|Conan Exiles - Architects of Argos Pack|Conan Exiles - Riders of Hyboria Pack|Conan Exiles - Debaucheries of Derketo Pack|Conan Exiles - Blood and Sand Pack|Conan Exiles - The Riddle of Steel|Conan Exiles - Treasures of Turan Pack|Conan Exiles - Seekers of the Dawn Pack|Conan Exiles - The Savage Frontier Pack|Conan Exiles - Jewel of the West Pack|Conan Exiles - The Imperial East Pack","Survival|Open World|Nudity|Building|Open World Survival Craft|Crafting|Multiplayer|Sandbox|RPG|Massively Multiplayer|Adventure|Action|Online Co-Op|Exploration|Singleplayer|Co-op|Fantasy|Violent|Gore|PvP","Action|Adventure|Massively Multiplayer|RPG|Simulation|Strategy","English|French|German|Spanish - Spain|Japanese|Korean|Polish|Portuguese - Brazil|Russian|Simplified Chinese|Traditional Chinese|Italian","https://store.steampowered.com/app/440900/","https://store.steampowered.com/developer/Funcom","https://store.steampowered.com/publisher/Funcom","5,000,000 .. 10,000,000",2.5,FALSE
400750,"Call to Arms - Gates of Hell: Ostfront","11 Jun, 2021","Barbedwire Studios","Digitalmindsoft",NA,626,"Very Positive","Very Positive",34.99,NA,NA,414,10,7,"False","False","False","Call to Arms - Gates of Hell is a realistic RTS/ RTT game that offers endless replay value. Command all types of troops in historical singleplayer, dynamic campaign, PvP and PvE battles. Are you ready for some serious immersion in World War 2?","Call to Arms - Gates of Hell: Finest Hour|Call to Arms - Gates of Hell: Talvisota|Call to Arms - Gates of Hell: Scorched Earth|Call to Arms - Gates of Hell: Liberation|Call to Arms - Gates of Hell: Airborne|Call to Arms - Gates of Hell: Jubilee|Call to Arms - Gates of Hell: Supporter Pack","World War II|Strategy|Real Time Tactics|Historical|RTS|Third Person|Singleplayer|War|Moddable|Military|Realistic|PvE|Multiplayer|Inventory Management|Top-Down Shooter|PvP|Online Co-Op|Shooter|Level Editor|Replay Value","Action|Simulation|Strategy","English|French|German|Spanish - Spain|Russian|Simplified Chinese|Italian|Polish|Ukrainian|Turkish","https://store.steampowered.com/app/400750/","https://store.steampowered.com/developer/barbedwire","https://store.steampowered.com/publisher/digitalmindsoft","1,000,000 .. 2,000,000",0.5,FALSE
1868140,"DAVE THE DIVER","28 Jun, 2023","MINTROCKET","MINTROCKET",NA,NA,"Overwhelmingly Positive","Very Positive",19.99,NA,NA,43,11,5,"False","False","False","DAVE THE DIVER is a casual, singleplayer adventure RPG featuring deep-sea exploration and fishing during the day and sushi restaurant management at night. Join Dave and his quirky friends as they seek to uncover the secrets of the mysterious Blue Hole.","DAVE THE DIVER - In the Jungle Content Pack|DAVE THE DIVER - Ichiban's Holiday Content Pack|DAVE THE DIVER Digital Extra|DAVE THE DIVER - DREDGE Content Pack|DAVE THE DIVER - Godzilla Content Pack","Pixel Graphics|Casual|Management|Adventure|Relaxing|Exploration|Fishing|Singleplayer|RPG|Underwater|Simulation|Farming Sim|Story Rich|Roguelite|2D|Crafting|Funny|Agriculture|Action|Indie","Adventure|Casual|RPG|Simulation","English|Korean|Japanese|Simplified Chinese|German|Spanish - Spain|Traditional Chinese|French|Portuguese - Brazil|Italian|Russian","https://store.steampowered.com/app/1868140/","https://store.steampowered.com/developer/mintrocket","https://store.steampowered.com/publisher/mintrocket","5,000,000 .. 10,000,000",2.5,FALSE
1904480,"Absolum","9 Oct, 2025","Dotemu","Dotemu",NA,380,"Very Positive","Very Positive",24.99,NA,NA,37,12,1,"False","False","False","Fight as the outcast heroes of Talamh in a fierce battle to retake magic from Sun King Azra’s grasp in Absolum, an original roguelite beat ‘em up by Dotemu.","Absolum (Original Game Soundtrack)","Beat 'em up|Roguelite|Local Co-Op|Fantasy|Hand-drawn|Action|Adventure|Co-op|Fighting|Side Scroller|Hack and Slash|RPG|Multiplayer|Action-Adventure|Indie|Dwarf|Action Roguelike|Arcade|Old School|Retro","Action|Adventure|Indie|RPG","English|French|Italian|German|Spanish - Spain|Japanese|Korean|Portuguese - Brazil|Russian|Simplified Chinese|Traditional Chinese|Ukrainian","https://store.steampowered.com/app/1904480/","https://store.steampowered.com/developer/Dotemu","https://store.steampowered.com/publisher/Dotemu","0 .. 20,000",6.66666666666667,TRUE
1629520,"A Little to the Left","8 Nov, 2022","Max Inferno","Secret Mode",NA,354,"Very Positive","Very Positive",14.99,5.99,60,65,11,2,"False","False","False","A Little to the Left is a cozy puzzle game that has you sort, stack, and organize household items into pleasing arrangements while you keep an eye out for a mischievous cat with an inclination for chaos. Check out this playful and intuitive puzzler with 100+ satisfying messes to tidy.","A Little to the Left: Cupboards & Drawers|A Little to the Left: Seeing Stars","Puzzle|Relaxing|Cute|Casual|Singleplayer|Point & Click|Atmospheric|Wholesome|Life Sim|Family Friendly|Cozy|Colorful|2D|Logic|Hidden Object|Cats|Linear|Hand-drawn|Stylized|Simulation","Casual|Indie","English|French|Italian|German|Spanish - Spain|Japanese|Korean|Polish|Simplified Chinese|Traditional Chinese|Turkish","https://store.steampowered.com/app/1629520/","https://store.steampowered.com/developer/maxinferno","https://store.steampowered.com/publisher/SecretMode","200,000 .. 500,000",175,TRUE
2624870,"Life is Strange: Reunion","26 Mar, 2026","Deck Nine Games","Square Enix",NA,NA,"Very Positive","",39.99,NA,NA,29,12,3,"False","False","False","The saga of Max and Chloe, and the fate of Caledon, is yours to decide! Play as both Max and Chloe as an all-new story builds towards an epic climax. The fire will force Max and Chloe to make devastating decisions. Can they find a future together… Before everything burns?","Life is Strange: Reunion Digital Deluxe upgrade|Life is Strange: Reunion - Behind the Scenes Documentary Video|Life is Strange: Reunion - Classic Outfit Pack","Adventure|Action|LGBTQ+|Choices Matter|Choose Your Own Adventure|Cinematic|Female Protagonist|Emotional|Third Person|Stylized|Drama|Atmospheric|Mystery|Supernatural|Story Rich|Romance|Singleplayer|Multiple Endings|Narrative|Politics","Action|Adventure","English|French|Italian|German|Spanish - Spain|Japanese|Korean|Portuguese - Brazil|Russian|Simplified Chinese|Spanish - Latin America|Traditional Chinese","https://store.steampowered.com/app/2624870/","","https://store.steampowered.com/publisher/squareenix","0 .. 20,000",6.66666666666667,FALSE
304212,"Euro Truck Simulator 2 - Scandinavia","6 May, 2015","SCS Software","SCS Software",NA,11,"Overwhelmingly Positive","Mostly Positive",17.99,8.99,50,0,23,0,"False","True","False","","","Simulation|Driving|Realistic|Open World|Multiplayer|Singleplayer|Moddable|Indie|Atmospheric|Relaxing|Casual|Adventure|First-Person|Exploration|Economy|Great Soundtrack|Online Co-Op|Management|Free to Play|TrackIR","Indie|Simulation","English|German|French|Italian|Korean|Spanish - Spain|Simplified Chinese|Russian|Japanese|Portuguese - Portugal|Polish|Danish|Dutch|Finnish|Norwegian|Swedish|Hungarian|Czech|Romanian|Turkish|Portuguese - Brazil|Bulgarian|Greek","https://store.steampowered.com/app/304212/","https://store.steampowered.com/developer/SCSsoftware","https://store.steampowered.com/publisher/SCSsoftware","0 .. 20,000",6.66666666666667,TRUE
1562430,"DREDGE","30 Mar, 2023","Black Salt Games","Team17",NA,836,"Overwhelmingly Positive","Overwhelmingly Positive",24.99,NA,NA,60,12,4,"True","False","False","DREDGE is a single-player fishing adventure with a sinister undercurrent. Sell your catch, upgrade your boat, and dredge the depths for long-buried secrets. Explore a mysterious archipelago and discover why some things are best left forgotten.","DREDGE - The Iron Rig|DREDGE - Blackstone Key|DREDGE - The Pale Reach|DREDGE - Digital Artbook","Exploration|Fishing|Lovecraftian|Open World|Adventure|Inventory Management|Mystery|Atmospheric|Psychological Horror|Singleplayer|Horror|RPG|Simulation|Stylized|Survival Horror|Indie|Story Rich|Sailing|Psychological|3D","Adventure|RPG","English|French|Italian|German|Spanish - Spain|Japanese|Korean|Russian|Simplified Chinese|Traditional Chinese|Portuguese - Brazil|Polish","https://store.steampowered.com/app/1562430/","https://store.steampowered.com/developer/Team17","https://store.steampowered.com/publisher/Team17","1,000,000 .. 2,000,000",0.5,FALSE
2737070,"Crime Simulator","17 Jun, 2025","CookieDev","Ultimate Games S.A.",NA,346,"Very Positive","Very Positive",14.99,8.99,40,60,12,0,"False","False","False","You’re out of jail, but the debt isn’t gone. Sneak, steal, and break into houses solo or in 4-player co-op. Use lockpicks, sleeping gas, and brute force to complete jobs, outsmart security, and make enough money before time runs out. Will you pay back what you owe, or lose everything?","","Multiplayer|Simulation|Online Co-Op|Crime|Heist|First-Person|FPS|Action|Co-op Campaign|Action-Adventure|Singleplayer|Life Sim|Immersive Sim|Funny|Stealth|Driving|Hacking|Realistic|Indie|Co-op","Action|Indie|Simulation","English|French|Italian|German|Spanish - Spain|Japanese|Korean|Polish|Portuguese - Brazil|Russian|Simplified Chinese|Turkish","https://store.steampowered.com/app/2737070/","https://store.steampowered.com/developer/cookiedev","https://store.steampowered.com/publisher/ultimategames","0 .. 20,000",6.66666666666667,TRUE
1315180,"Spark in the Dark","7 Apr, 2026","Stellar Fish","Stellar Fish",58,NA,"Very Positive","",16.49,14.84,10,30,12,0,"False","False","False","The hardcore dark fantasy Dungeon Crawler where you will go to the endless depths of a mysterious grim Dungeon.","","Early Access|Dungeon Crawler|Adventure|RPG|Dark Fantasy|Action|Isometric|Difficult|Souls-like|Underground|Atmospheric|Fantasy|Dark|Exploration|Action RPG|Survival Horror|Mystery Dungeon|3D|Perma Death|Singleplayer","Action|Adventure|Indie|RPG|Early Access","English|Russian|Portuguese - Portugal|Spanish - Spain|French|Ukrainian|Turkish|German|Italian|Czech|Hungarian|Simplified Chinese","https://store.steampowered.com/app/1315180/","","","0 .. 20,000",6.66666666666667,TRUE
3917090,"Assetto Corsa Rally","13 Nov, 2025","Supernova Games Studios","505 Games",NA,362,"Very Positive","Very Positive",29.99,NA,NA,0,6,0,"False","False","False","Assetto Corsa Rally is a high-fidelity rally sim built for precision and challenge. With 3D laser-scanned stages and cars, professional co-driver support, and dynamic conditions, it delivers a demanding, immersive experience where every second behind the wheel counts.","","Racing|Early Access|Automobile Sim|Singleplayer|Physics|VR|3D|Asynchronous Multiplayer|Time Attack|Realistic|Simulation|Score Attack|Driving","Racing|Early Access","English|French|Italian|Spanish - Spain|German|Simplified Chinese","https://store.steampowered.com/app/3917090/","https://store.steampowered.com/developer/AssettoCorsa","https://store.steampowered.com/publisher/505Games","0 .. 20,000",6.66666666666667,FALSE
787480,"Phoenix Wright: Ace Attorney Trilogy","9 Apr, 2019","CAPCOM Co., Ltd.","CAPCOM Co., Ltd.",NA,335,"Overwhelmingly Positive","Very Positive",29.99,9.89,67,30,9,1,"True","False","False","Become Phoenix Wright and experience the thrill of battle as you fight to save your innocent clients in a court of law. Play all 14 episodes, spanning the first three games, in one gorgeous collection.","Phoenix Wright: Ace Attorney Trilogy - Turnabout Tunes","Detective|Visual Novel|Story Rich|Mystery|Great Soundtrack|Anime|Singleplayer|Crime|Puzzle|Adventure|Point & Click|Funny|Classic|Comedy|Cult Classic|2D|Conversation|Memes|Dynamic Narration|Casual","Adventure","English|Japanese|French|German|Simplified Chinese|Traditional Chinese|Korean|Spanish - Latin America|Portuguese - Brazil","https://store.steampowered.com/app/787480/","https://store.steampowered.com/developer/capcom","https://store.steampowered.com/publisher/capcom","1,000,000 .. 2,000,000",0.5,FALSE
1332010,"Stray","19 Jul, 2022","BlueTwelve Studio","Annapurna Interactive",NA,NA,"Overwhelmingly Positive","Overwhelmingly Positive",28.49,17.09,40,24,16,0,"True","False","False","Lost, alone and separated from family, a stray cat must untangle an ancient mystery to escape a long-forgotten cybercity and find their way home.","","Cats|Adventure|Atmospheric|Cyberpunk|Singleplayer|Cute|Exploration|Robots|Puzzle|Beautiful|Third Person|Horror|Sci-fi|Indie|Dystopian|Open World|Mystery|Action|Colorful|Stealth","Adventure|Indie","English|French|Italian|German|Spanish - Spain|Japanese|Korean|Polish|Portuguese - Brazil|Russian|Simplified Chinese|Spanish - Latin America|Traditional Chinese|Turkish|Dutch|Portuguese - Portugal","https://store.steampowered.com/app/1332010/","","https://store.steampowered.com/publisher/annapurnainteractive","5,000,000 .. 10,000,000",2.5,TRUE
2131680,"METAL GEAR & METAL GEAR 2: Solid Snake","24 Oct, 2023","KONAMI","KONAMI",620,NA,"Very Positive","",19.99,NA,NA,12,6,0,"False","False","False","The first and second title in the METAL GEAR series that established the stealth action genre, as well as the basic mechanics of the series.","","Action|Action-Adventure|Adventure|Exploration|2D Platformer|Stealth|2D|Top-Down Shooter|Pixel Graphics|Cinematic|Top-Down|1990's|Drama|Military|War|Tactical|Tanks|Singleplayer|Story Rich|Violent","Action","English|French|Italian|German|Spanish - Spain|Japanese","https://store.steampowered.com/app/2131680/","https://store.steampowered.com/developer/Konami","https://store.steampowered.com/publisher/Konami","20,000 .. 50,000",17.5,FALSE
2881650,"Content Warning","1 Apr, 2024","Zorro","Evil Landfall?",NA,NA,"Very Positive","Very Positive",7.49,NA,NA,48,12,0,"False","False","False","Film your friends doing scary things to become SpöökTube famous! (strongly advised to not go alone)","","Horror|Online Co-Op|Procedural Generation|Exploration|Action Roguelike|Comedy|Multiplayer|Physics|Co-op|Funny|First-Person|Psychological Horror|Survival Horror|Atmospheric|Post-apocalyptic|Adventure|3D|Time Management|Investigation|Mystery","Action|Adventure|Indie","English|French|Italian|German|Spanish - Spain|Japanese|Korean|Portuguese - Brazil|Russian|Simplified Chinese|Traditional Chinese|Ukrainian","https://store.steampowered.com/app/2881650/","","https://store.steampowered.com/publisher/landfallgames","5,000,000 .. 10,000,000",2.5,TRUE
359320,"Elite Dangerous","2 Apr, 2015","Frontier Developments","Frontier Developments",NA,378,"Mostly Positive","Mostly Positive",19.99,4.99,75,0,6,1,"True","False","False","Take control of your own starship and blaze your trail in an ever-changing galaxy. Master the arts of combat, mining and trade or venture out into the unknown across a 1:1 scale universe.","Elite Dangerous: Odyssey","Space Sim|Space|Open World|Exploration|Sci-fi|Simulation|Massively Multiplayer|Multiplayer|VR|First-Person|Action|Sandbox|Adventure|Online Co-Op|Singleplayer|Trading|RPG|Difficult|Strategy|TrackIR","Action|Adventure|Massively Multiplayer|RPG|Simulation|Strategy","English|French|German|Russian|Spanish - Spain|Portuguese - Brazil","https://store.steampowered.com/app/359320/","https://store.steampowered.com/developer/FrontierDevelopments","https://store.steampowered.com/publisher/FrontierDevelopments","2,000,000 .. 5,000,000",1.16666666666667,FALSE
1794680,"Vampire Survivors","20 Oct, 2022","poncle","poncle",NA,778,"Overwhelmingly Positive","Overwhelmingly Positive",4.99,NA,NA,243,13,7,"True","False","False","Mow down thousands of night creatures and survive until dawn! Vampire Survivors is a gothic horror casual game with rogue-lite elements, where your choices can allow you to quickly snowball against the hundreds of monsters that get thrown at you. Be the bullet hell!","Vampire Survivors: Ante Chamber|Vampire Survivors: Emerald Diorama|Vampire Survivors: Ode to Castlevania|Vampire Survivors: Operation Guns|Vampire Survivors: Emergency Meeting|Vampire Survivors: Tides of the Foscari|Vampire Survivors: Legacy of the Moonspell","Action Roguelike|Bullet Hell|Roguelite|Pixel Graphics|Vampire|2D|Indie|Singleplayer|Arcade|Casual|Roguelike|Action|Local Co-Op|RPG|Controller|Score Attack|Retro|Dark Fantasy|Action RPG|Multiplayer","Action|Casual|Indie|RPG","English|French|Italian|German|Spanish - Spain|Japanese|Korean|Polish|Portuguese - Brazil|Russian|Simplified Chinese|Turkish|Ukrainian","https://store.steampowered.com/app/1794680/","","","5,000,000 .. 10,000,000",2.5,TRUE
1626170,"People of Note","7 Apr, 2026","Iridium Studios","Annapurna Interactive",56,NA,"Very Positive","",23.99,21.59,10,39,13,0,"True","False","False","In this turn-based RPG musical, join Cadence as she recruits an ensemble of musicians on her quest for stardom. Experience turn-based combat like never before, where each battle is a musical performance with evolving combat conditions and genre-bending mashup attacks!","","RPG|Turn-Based Combat|Party-Based RPG|3D|Stylized|JRPG|Colorful|Story Rich|Singleplayer|Music|Female Protagonist|Fantasy|Great Soundtrack|LGBTQ+|Rhythm","RPG","English|French|German|Spanish - Spain|Japanese|Korean|Polish|Portuguese - Brazil|Simplified Chinese|Spanish - Latin America|Traditional Chinese|Italian|Russian","https://store.steampowered.com/app/1626170/","","https://store.steampowered.com/publisher/annapurnainteractive","0 .. 20,000",6.66666666666667,FALSE
571740,"Golf It!","18 Aug, 2023","Perfuse Entertainment","Perfuse Entertainment",NA,146,"Very Positive","Very Positive",8.99,NA,NA,44,14,0,"False","False","False","Embark on an exciting journey with Golf It! Seize your putter, rally your friends, and immerse yourself in an epic minigolf adventure. Conquer countless courses, create lasting memories, and refine your skills to emerge as the ultimate minigolf champion. Your thrilling golfing odyssey begins here!","","Multiplayer|Mini Golf|Golf|Casual|Sports|Funny|Online Co-Op|Singleplayer|Simulation|Level Editor|Indie|Early Access|Local Multiplayer|Sandbox|Co-op|VR|Family Friendly|Memes|Difficult|Strategy","Casual|Indie|Simulation|Sports","English|German|Spanish - Spain|Japanese|Russian|Czech|French|Korean|Swedish|Finnish|Portuguese - Portugal|Simplified Chinese|Turkish|Ukrainian","https://store.steampowered.com/app/571740/","https://store.steampowered.com/developer/PerfuseEntertainment","https://store.steampowered.com/publisher/PerfuseEntertainment","1,000,000 .. 2,000,000",0.5,TRUE
3495730,"Lucid Blocks","12 Mar, 2026","Lucy B. Locks","Lucy B. Locks",NA,NA,"Very Positive","",9.75,NA,NA,19,1,0,"False","False","False","Explore, build, and survive in a cryptic expanse oozing with dreamlike oddities and esoteric critters.","","Psychedelic|Surreal|Atmospheric|Open World|Sandbox|Voxel|Psychological Horror|Horror|3D|First-Person|Pixel Graphics|Exploration|Procedural Generation|Crafting|Lovecraftian|Building|Survival|Adventure|Action-Adventure|Action","Action|Adventure|Indie|RPG","English","https://store.steampowered.com/app/3495730/","","","0 .. 20,000",6.66666666666667,TRUE
2300840,"Subliminal","31 Mar, 2026","Accidental Studios","Gone Shootin",NA,NA,"Mixed","",9.75,NA,NA,25,14,0,"False","False","False","Subliminal is a psychological horror game inspired by the urban legend of The Backrooms. Bleeding edge lighting and rendering, handcrafted open-ended levels, light and perspective-based puzzles, nostalgic spaces, unfamiliar faces, and a rotting feeling that something is not quite right.","","Realistic|Mystery|Thriller|Atmospheric|Psychological Horror|Singleplayer|Horror|Dungeon Crawler|First-Person|3D|Multiple Endings|Exploration|Adventure|Surreal|Immersive Sim|Story Rich|Drama|Strategy|Simulation|Investigation","Adventure|Indie|RPG|Simulation|Strategy","English|Simplified Chinese|French|Italian|German|Japanese|Korean|Russian|Traditional Chinese|Turkish|Spanish - Spain|Indonesian|Portuguese - Brazil|Spanish - Latin America","https://store.steampowered.com/app/2300840/","","https://store.steampowered.com/curator/45180347","0 .. 20,000",6.66666666666667,TRUE
3819640,"Megastore Simulator","2 Feb, 2026","Yolo Games Studio","Yolo Games Studio",742,NA,"Very Positive","",13.79,NA,NA,17,30,0,"False","False","False","Megastore Simulator is a first-person management & tycoon game. Start small and grow into a massive two-floor megastore with forklifts, pallet jacks, and staff. Unlock and manage departments like Bakery, Clothing, Electronics, Sports, Music, Toys, Grocery, Seafood, and Vending Machines","","Simulation|Management|Life Sim|Economy|Immersive Sim|Crafting|Singleplayer|First-Person|Trading|Building|Capitalism|Resource Management|Casual|3D|Shop Keeper|Indie|Realistic|Sandbox|Early Access|Inventory Management","Casual|Indie|Simulation|Early Access","English|French|Italian|German|Spanish - Spain|Arabic|Simplified Chinese|Portuguese - Brazil|Bulgarian|Danish|Indonesian|Dutch|Finnish|Traditional Chinese|Japanese|Korean|Spanish - Latin America|Polish|Hungarian|Norwegian|Portuguese - Portugal|Romanian|Russian|Thai|Turkish|Ukrainian|Vietnamese|Greek|Czech|Swedish","https://store.steampowered.com/app/3819640/","https://store.steampowered.com/curator/45609994","https://store.steampowered.com/curator/45609994","0 .. 20,000",6.66666666666667,TRUE
1617400,"The Bazaar","13 Aug, 2025","Tempo","Tempo",NA,NA,"Mostly Positive","Mixed",15.99,NA,NA,0,9,4,"False","False","False","The Bazaar is a fast-paced multiplayer Roguelike where every run is a new puzzle. Choose from unique heroes, uncover powerful combos, and outwit your opponents in a dynamic, ever-changing marketplace. Play at your own pace while discovering endless ways to win.","The Bazaar - Celebrity Chef Warrior Mom Expansion|The Bazaar - Ingenious Engineer Expansion|The Bazaar - Ancient Alchemist Expansion|The Bazaar - Karnok","Strategy|Auto Battler|Deckbuilding|Card Battler|Card Game|PvP|Asynchronous Multiplayer|PvE|Multiplayer|Fantasy|Sci-fi|Capitalism|Economy|Adventure|Family Friendly|Tactical|Futuristic|Combat|Choose Your Own Adventure|Colorful","Strategy","English|German|Korean|Portuguese - Brazil|Simplified Chinese|Italian|Spanish - Spain|Spanish - Latin America|Turkish","https://store.steampowered.com/app/1617400/","","","0 .. 20,000",6.66666666666667,FALSE
3419520,"Quarantine Zone: The Last Check","12 Jan, 2026","Brigada Games","Devolver Digital",NA,750,"Very Positive","Very Positive",19.99,NA,NA,25,14,1,"True","False","False","Command the checkpoint in a collapsing city. Screen survivors, manage scarce resources, and hold back the undead. Every choice matters and one mistake could unleash the plague beyond your walls.","Quarantine Zone: The Last Check Supporter Pack","Zombies|Simulation|Singleplayer|Post-apocalyptic|Choices Matter|First-Person|Realistic|3D|Military|Resource Management|Atmospheric|Management|Immersive Sim|Dark Humor|Base Building|Life Sim|America|Drama|Building|Emotional","Indie|Simulation|Strategy","English|French|Italian|German|Spanish - Spain|Japanese|Korean|Polish|Portuguese - Brazil|Russian|Simplified Chinese|Spanish - Latin America|Turkish|Ukrainian","https://store.steampowered.com/app/3419520/","","https://store.steampowered.com/publisher/DevolverDigital","0 .. 20,000",6.66666666666667,TRUE
3058630,"Assetto Corsa EVO","16 Jan, 2025","KUNOS Simulazioni","505 Games",NA,342,"Mixed","Mixed",39.99,NA,NA,0,6,0,"False","False","False","Assetto Corsa EVO redefines the realism and features of one of the most popular multiplatform driving simulations ever developed. Featuring cars and tracks from different classes spanning across years of motoring history.","","Early Access|Racing|Simulation|Automobile Sim|Sports|Driving|VR|Realistic|Multiplayer|Physics|First-Person|PvP|Artificial Intelligence|Controller|Atmospheric|Singleplayer|eSports|Replay Value|3D Vision|TrackIR","Racing|Simulation|Sports|Early Access","English|Italian|Simplified Chinese|French|German|Spanish - Spain","https://store.steampowered.com/app/3058630/","https://store.steampowered.com/developer/AssettoCorsa","https://store.steampowered.com/publisher/505Games","200,000 .. 500,000",175,FALSE
548430,"Deep Rock Galactic","13 May, 2020","Ghost Ship Games","Coffee Stain Publishing",NA,NA,"Overwhelmingly Positive","Overwhelmingly Positive",29.99,NA,NA,69,17,14,"False","False","False","Deep Rock Galactic is a 1-4 player co-op FPS featuring dwarven space miners, procedurally-generated destructible environments, and endless hordes of alien monsters. Explore cave systems, mine for minerals, and work together to survive!","Deep Rock Galactic - Relic Raider Pack|Deep Rock Galactic - Skullcrusher Pack|Deep Rock Galactic - Order of the Deep Pack|Deep Rock Galactic - Decontaminator Pack|Deep Rock Galactic - Supporter II Upgrade|Deep Rock Galactic - Biohazard Pack|Deep Rock Galactic - Robot Rebellion Pack|Deep Rock Galactic - Rival Tech Pack|Deep Rock Galactic - Supporter Upgrade|Deep Rock Galactic - Dark Future Pack|Deep Rock Galactic - MegaCorp Pack|Deep Rock Galactic - Roughneck Pack|Deep Rock Galactic - Dawn of the Dread Pack|Deep Rock Galactic - Original Soundtrack Volume I + II","Dwarf|Co-op|PvE|FPS|Procedural Generation|Class-Based|Shooter|Exploration|First-Person|Loot|Sci-fi|Action|Space|Atmospheric|Looter Shooter|Combat|Survival|Horror|Dark|Action Roguelike","Action","English|French|German|Spanish - Spain|Polish|Portuguese - Brazil|Russian|Simplified Chinese|Traditional Chinese|Ukrainian|Italian|Japanese|Korean|Turkish|Spanish - Latin America|Hungarian|Romanian","https://store.steampowered.com/app/548430/","https://store.steampowered.com/developer/GhostShipGames","https://store.steampowered.com/publisher/coffeestain","5,000,000 .. 10,000,000",2.5,FALSE
513710,"SCUM","17 Jun, 2025","Gamepires","Gamepires",NA,524,"Mostly Positive","Mostly Positive",44.99,17.99,60,69,10,15,"False","False","False","Traverse punishing environments, looting, crafting and evading the constant threats to your life. The unprecedented levels of character customization and progression are your ultimate tools for survival.","SCUM Deluxe Content Pack|SCUM Raymond Cruz Character Pack|SCUM Luis Moncada Character Pack|SCUM: Danny Trejo Character Pack|SCUM Female Hair Pack|SCUM Weapon Skins Pack|SCUM Vehicle Skins Pack|SCUM Male Hair Pack|SCUM Dance Pack|SCUM Supporter Pack|SCUM Supporter Pack 2|SCUM Charms Pack|SCUM Base Building Decor Pack|SCUM Squad Emblem Pack|SCUM Eastern Furniture Pack","Open World Survival Craft|Open World|Massively Multiplayer|Survival|Zombies|Nudity|Crafting|Action|Realistic|Hunting|Singleplayer|Violent|FPS|Third Person|PvP|Gore|RPG|Sandbox|Online Co-Op|Character Customization","Action|Adventure|Indie|Massively Multiplayer","English|German|Russian|Simplified Chinese|French|Spanish - Spain|Portuguese - Brazil|Traditional Chinese|Thai|Polish","https://store.steampowered.com/app/513710/","","","5,000,000 .. 10,000,000",2.5,TRUE
2141730,"Backrooms: Escape Together","18 Oct, 2022","Triiodide Studios","Triiodide Studios",NA,NA,"Very Positive","Very Positive",9.75,NA,NA,20,22,0,"False","False","False","A visually lifelike co-op horror for 1-6 people. Journey through 10 procedurally generated levels, using what's available to survive and progress deeper into the Backrooms.","","Multiplayer|Horror|Online Co-Op|Psychological Horror|Survival Horror|Co-op|Atmospheric|Realistic|First-Person|Early Access|Exploration|Procedural Generation|Adventure|Casual|Action|Puzzle|3D|Singleplayer|Action-Adventure|Sci-fi","Action|Adventure|Casual|Indie|Early Access","English|French|German|Spanish - Spain|Portuguese - Brazil|Russian|Italian|Turkish|Spanish - Latin America|Polish|Simplified Chinese|Ukrainian|Arabic|Korean|Persian|Japanese|Hungarian|Czech|Portuguese - Portugal|Swedish|Traditional Chinese|Indonesian","https://store.steampowered.com/app/2141730/","","","500,000 .. 1,000,000",100.2,TRUE
4210150,"ARC Raiders - The Bonecrown Set","16 Dec, 2025","Embark Studios","Embark Studios",152,NA,"Very Positive","",19.99,NA,NA,0,13,0,"False","True","False","","","Action","Action","English|French|Italian|German|Spanish - Spain|Japanese|Korean|Polish|Portuguese - Brazil|Russian|Simplified Chinese|Traditional Chinese|Turkish","https://store.steampowered.com/app/4210150/","","","0 .. 20,000",6.66666666666667,FALSE
2529790,"GRIME II","31 Mar, 2026","Clover Bite","Kwalee",677,NA,"Mostly Positive","",26.99,22.94,15,40,10,0,"True","False","False","Become the stealer of forms in GRIME II, a surreal action-adventure metroidvania. Launch tendrils made of hands to absorb foes and summon molds in their shape, as you explore a bizarre lived-in-world obsessed with art.","","Metroidvania|Action RPG|Souls-like|Exploration|PvE|RPG|2.5D|Lore-Rich|Surreal|Controller|Multiple Endings|Nonlinear|Action|Stylized|Fantasy|Atmospheric|Dark|Combat|Singleplayer|Indie","Action|Indie|RPG","English|French|German|Spanish - Spain|Japanese|Korean|Simplified Chinese|Russian|Traditional Chinese|Portuguese - Brazil","https://store.steampowered.com/app/2529790/","https://store.steampowered.com/developer/CloverBite","https://store.steampowered.com/publisher/Kwalee","0 .. 20,000",6.66666666666667,TRUE
570940,"DARK SOULS™: REMASTERED","23 May, 2018","QLOC","FromSoftware, Inc.",NA,NA,"Very Positive","Very Positive",39.99,NA,NA,41,12,0,"False","False","False","Then, there was fire. Re-experience the critically acclaimed, genre-defining game that started it all. Beautifully remastered, return to Lordran in stunning high-definition detail running at 60fps.","","Souls-like|Dark Fantasy|RPG|Difficult|Action|Dark|Fantasy|Atmospheric|Great Soundtrack|Action RPG|Lore-Rich|Adventure|Multiplayer|Exploration|Third Person|Story Rich|Replay Value|Character Customization|Soundtrack|Co-op","Action","English|French|Italian|German|Spanish - Spain|Japanese|Korean|Polish|Portuguese - Brazil|Russian|Simplified Chinese|Traditional Chinese","https://store.steampowered.com/app/570940/","https://store.steampowered.com/curator/45188208","https://store.steampowered.com/curator/45188208","2,000,000 .. 5,000,000",1.16666666666667,FALSE
2217000,"Rivals of Aether II","23 Oct, 2024","Aether Studios","Aether Studios",NA,85,"Mostly Positive","Mostly Positive",24.99,12.49,50,71,7,0,"False","False","False","Rivals of Aether II is the sequel to the hit indie fighting game, Rivals of Aether. Play as both new and returning elemental fighters in the next generation of platform fighters.","","Fighting|Multiplayer|2D Fighter|Indie|Action|Local Multiplayer|4 Player Local|Fantasy|Combat|2.5D|PvP|Co-op|2D Platformer|Controller|Platformer|Competitive|Fast-Paced|Colorful|Games Workshop|Casual","Action|Indie","English|French|German|Spanish - Spain|Japanese|Portuguese - Brazil|Spanish - Latin America","https://store.steampowered.com/app/2217000/","https://store.steampowered.com/developer/AetherStudios","https://store.steampowered.com/publisher/AetherStudios","200,000 .. 500,000",175,TRUE
1056760,"Euro Truck Simulator 2 - Road to the Black Sea","5 Dec, 2019","SCS Software","SCS Software",NA,13,"Very Positive","Mixed",17.99,8.99,50,0,24,0,"False","True","False","","","Simulation|Automobile Sim|Indie|Open World|Driving|Realistic|Singleplayer|Management|Action|Relaxing|Adventure|Exploration|First-Person|Atmospheric|Online Co-Op|Economy|Transportation|Casual|Moddable","Indie|Simulation","English|German|French|Italian|Korean|Spanish - Spain|Simplified Chinese|Russian|Japanese|Portuguese - Portugal|Polish|Danish|Dutch|Finnish|Norwegian|Swedish|Hungarian|Czech|Romanian|Turkish|Portuguese - Brazil|Bulgarian|Greek|Ukrainian","https://store.steampowered.com/app/1056760/","https://store.steampowered.com/developer/SCSsoftware","https://store.steampowered.com/publisher/SCSsoftware","0 .. 20,000",6.66666666666667,TRUE
2956680,"LORT","21 Jan, 2026","Big Distraction","Big Distraction",NA,494,"Mostly Positive","Mostly Positive",14.99,9.74,35,52,14,0,"False","False","False","LORT is a 1–8 player co-op action roguelite. Team up with your friends to battle, loot, and stack ridiculous power-ups across a cursed fantasy world. Fight toward escape, revive your homies, and get absolutely chadded as you evolve from goblin tickler to god slapper.","","Early Access|Online Co-Op|Action Roguelike|Third-Person Shooter|Multiplayer|Roguelite|Action|Co-op|Singleplayer|Funny|Difficult|PvE|Procedural Generation|3D|Looter Shooter|Third Person|Choices Matter|Controller|Fantasy|Magic","Action|Early Access","English|Simplified Chinese|French|German|Spanish - Spain|Japanese|Korean|Polish|Portuguese - Brazil|Russian|Spanish - Latin America|Swedish|Traditional Chinese|Turkish","https://store.steampowered.com/app/2956680/","https://store.steampowered.com/curator/45637412","https://store.steampowered.com/curator/45637412","0 .. 20,000",6.66666666666667,FALSE
2109300,"Resident Evil 4 - Separate Ways","20 Sep, 2023","CAPCOM Co., Ltd.","CAPCOM Co., Ltd.",NA,158,"Overwhelmingly Positive","Very Positive",9.99,NA,NA,0,13,0,"False","True","False","","","Action|Adventure|Female Protagonist|Violent|Gore|Survival Horror|Horror|Singleplayer","Action|Adventure","English|French|Italian|German|Spanish - Spain|Arabic|Spanish - Latin America|Portuguese - Brazil|Russian|Simplified Chinese|Traditional Chinese|Japanese|Korean","https://store.steampowered.com/app/2109300/","https://store.steampowered.com/developer/capcom","https://store.steampowered.com/publisher/capcom","0 .. 20,000",6.66666666666667,FALSE
3151380,"Small Spaces","27 May, 2025","Niklas Tomkowitz","Pretty Soon",NA,NA,"Very Positive","",12.79,9.59,25,0,9,0,"False","False","False","Design and decorate beautiful apartments you’d love to live in! Relax and let your creativity flow — organize a simplistic flat in Tokyo, fill a cozy place with flowers in Berlin, or unpack an industrial loft in New York.","","Building|Design & Illustration|Relaxing|Sandbox|Cozy|Casual|Colorful|Atmospheric|Puzzle|Cute|Life Sim|Family Friendly|Isometric|Realistic|Ambient|Singleplayer|Simulation|Early Access|Beautiful|Indie","Casual|Simulation|Early Access","English|French|Italian|German|Japanese|Korean|Portuguese - Brazil|Simplified Chinese|Spanish - Spain","https://store.steampowered.com/app/3151380/","","https://store.steampowered.com/publisher/prettysoon","0 .. 20,000",6.66666666666667,FALSE
3840050,"Cult of the Lamb: Woolhaven","22 Jan, 2026","Massive Monster","Devolver Digital",NA,NA,"Very Positive","",16.99,NA,NA,0,14,0,"False","True","False","","","Base Building|Cute|Action Roguelike|Singleplayer|Dungeon Crawler|Roguelite|Character Customization|Colony Sim|Dark Humor|Building|Adventure|2D|Action|Faith|Fantasy|Funny|Controller|Strategy|Colorful|Third Person","Action|Adventure|Indie|Strategy","English|French|German|Spanish - Spain|Japanese|Korean|Portuguese - Brazil|Russian|Simplified Chinese|Traditional Chinese|Italian|Arabic|Dutch|Turkish","https://store.steampowered.com/app/3840050/","https://store.steampowered.com/developer/massivemonster","https://store.steampowered.com/publisher/DevolverDigital","0 .. 20,000",6.66666666666667,TRUE
3293260,"Waterpark Simulator","22 Aug, 2025","CayPlay","CayPlay",NA,385,"Overwhelmingly Positive","Overwhelmingly Positive",11.99,NA,NA,59,15,0,"False","False","False","Build and run your own waterpark. Design slides, send guests flying with ragdoll physics, manage staff, and fully customize your park. Turn total madness into a five-star empire in this first-person management simulator!","","Early Access|Immersive Sim|Simulation|Management|Singleplayer|Economy|Sandbox|Building|Capitalism|Base Building|Life Sim|Crafting|Funny|First-Person|Comedy|Inventory Management|Physics|Casual|Open World|3D","Casual|Indie|Simulation|Early Access","English|Simplified Chinese|Traditional Chinese|French|German|Japanese|Korean|Portuguese - Brazil|Russian|Spanish - Spain|Ukrainian|Italian|Vietnamese|Polish|Czech","https://store.steampowered.com/app/3293260/","https://store.steampowered.com/curator/45637781","https://store.steampowered.com/curator/45637781","0 .. 20,000",6.66666666666667,TRUE
3717070,"WWE 2K26","12 Mar, 2026","Visual Concepts","2K",NA,NA,"Mixed","",69.99,NA,NA,62,6,7,"False","False","False","The show never stops in WWE 2K26! Step into CM Punk’s 2K Showcase, dominate with 400+ Superstars and Legends, and unleash chaos with all-new match types.","WWE 2K26 Season Pass|WWE 2K26 Ringside Pass Premium Season 1|WWE 2K26: Monday Night War Edition Pack|WWE 2K26: Attitude Era Edition Pack|WWE 2K26: King of Kings Edition Pack|WWE 2K26 Superstar Mega-Boost|WWE 2K26: MyRISE Boost","Simulation|Sports|3D Fighter|Wrestling|Sandbox|Multiplayer|Character Customization|Fighting","Simulation|Sports","English|French|Italian|German|Spanish - Spain|Arabic","https://store.steampowered.com/app/3717070/","","https://store.steampowered.com/publisher/2K","0 .. 20,000",6.66666666666667,FALSE
391220,"Rise of the Tomb Raider™","9 Feb, 2016","Crystal Dynamics","Crystal Dynamics",NA,NA,"Very Positive","Very Positive",29.99,4.49,85,143,14,0,"False","False","False","Rise of the Tomb Raider: 20 Year Celebration includes the base game and Season Pass featuring all-new content. Explore Croft Manor in the new “Blood Ties” story, then defend it against a zombie invasion in “Lara’s Nightmare”.","","Adventure|Action|Female Protagonist|Singleplayer|Third Person|Open World|Exploration|Action-Adventure|Story Rich|Survival|Puzzle|Stealth|Atmospheric|Third-Person Shooter|Parkour|Shooter|Multiplayer|RPG|Great Soundtrack|VR","Action|Adventure","English|French|Italian|German|Spanish - Spain|Dutch|Polish|Portuguese - Brazil|Russian|Japanese|Simplified Chinese|Traditional Chinese|Korean|Arabic","https://store.steampowered.com/app/391220/","https://store.steampowered.com/developer/CrystalDynamics","https://store.steampowered.com/publisher/CrystalDynamics","2,000,000 .. 5,000,000",1.16666666666667,FALSE
364360,"Total War: WARHAMMER","24 May, 2016","CREATIVE ASSEMBLY","SEGA",NA,34,"Mostly Positive","Very Positive",59.99,NA,NA,185,13,13,"False","False","False","Addictive turn-based empire-building with colossal, real-time battles, all set in a world of legendary heroes, giant monsters, flying creatures and storms of magical power.","Total War: WARHAMMER - Norsca|Total War: WARHAMMER - Bretonnia|Total War: WARHAMMER - Isabella von Carstein|Total War: WARHAMMER - Realm of The Wood Elves|Total War: WARHAMMER - Grey Wizard|Total War: WARHAMMER - Jade Wizard|Total War: WARHAMMER - Wurrzag|Total War: WARHAMMER - Grombrindal The White Dwarf|Total War: WARHAMMER - The King and the Warlord|Total War: WARHAMMER - The Grim and the Grave|Total War: WARHAMMER - Call of the Beastmen|Total War: WARHAMMER - Chaos Warriors|Total War: WARHAMMER - Blood for the Blood God","Strategy|Fantasy|RTS|War|Turn-Based Strategy|Games Workshop|Grand Strategy|Multiplayer|Tactical|Dark Fantasy|Action|Singleplayer|Turn-Based|Dwarf|Atmospheric|Co-op|Story Rich|Open World|Gore|RPG","Action|Strategy","English|French|Italian|German|Spanish - Spain|Korean|Polish|Portuguese - Brazil|Russian|Turkish|Czech|Simplified Chinese|Traditional Chinese","https://store.steampowered.com/app/364360/","","https://store.steampowered.com/publisher/Sega","1,000,000 .. 2,000,000",0.5,FALSE
3489700,"Stellar Blade™","11 Jun, 2025","SHIFT UP Corporation","PlayStation Publishing LLC (excluding China)",NA,NA,"Very Positive","Very Positive",69.99,NA,NA,45,22,0,"False","False","False","Save humanity from extinction in post-apocalyptic action-adventure Stellar Blade™. Experience blistering combat and a twisting storyline as you unravel the mysteries of Earth’s downfall.","","Female Protagonist|Action|Sexual Content|Souls-like|Hack and Slash|Singleplayer|Third Person|Action RPG|Post-apocalyptic|Adventure|Action-Adventure|Combat|Futuristic|3D|Story Rich|Multiple Endings|Dystopian|Quick-Time Events|Stylized|Experience","Action|Adventure|RPG","English|French|Italian|German|Spanish - Spain|Arabic|Dutch|Swedish|Spanish - Latin America|Thai|Danish|Turkish|Norwegian|Finnish|Portuguese - Brazil|Portuguese - Portugal|Russian|Simplified Chinese|Traditional Chinese|Japanese|Korean|Polish","https://store.steampowered.com/app/3489700/","","https://store.steampowered.com/publisher/playstationstudios","0 .. 20,000",6.66666666666667,FALSE
4024620,"Crimson Desert - Deluxe Pack","19 Mar, 2026","Pearl Abyss","Pearl Abyss",286,NA,"Very Positive","",12.99,NA,NA,0,14,0,"False","True","False","","","Action|Adventure|Open World|Combat|Singleplayer|Dragons|Exploration|Story Rich|Choose Your Own Adventure|Action-Adventure|Horses|3D|Third Person|Medieval|PvE|First-Person|Fantasy|Gore|Violent|RPG","Action|Adventure","English|French|Italian|German|Spanish - Spain|Japanese|Korean|Polish|Russian|Simplified Chinese|Spanish - Latin America|Traditional Chinese|Portuguese - Brazil|Turkish","https://store.steampowered.com/app/4024620/","","","0 .. 20,000",6.66666666666667,FALSE
2014780,"X-Plane 12","17 Dec, 2022","Laminar Research","Laminar Research",NA,162,"Very Positive","Very Positive",58.99,NA,NA,0,11,53,"False","False","False","Ultra-Realistic Flight Simulation","X-Plane 12 Global Scenery: North America|X-Plane 12 Global Scenery: South America|X-Plane 12 Global Scenery: Europe|X-Plane 12 Global Scenery: Africa|X-Plane 12 Global Scenery: Asia|X-Plane 12 Global Scenery: Australia, Oceania, Pacific|X-Plane 12 Add-on: Aerosoft - Airport Hamburg|X-Plane 12 Add-on: Aerosoft - Airport Berlin Brandenburg V2|X-Plane 12 Add-on: Aerosoft - Seychelles XP|X-Plane 12 Add-on: Aerosoft - Society Islands XP - Tahiti & Windward Islands|X-Plane 12 Add-on: Aerosoft - Society Islands XP - Bora Bora & Leeward Islands|X-Plane 12 Add-on: Aerosoft - Airport Marseille|X-Plane 12 Add-on: Aerosoft - Saint Croix XP|X-Plane 12 Add-on: Aerosoft - Faroe Islands XP|X-Plane 12 Add-on: Aerosoft - Airport Menorca|X-Plane 12 Add-on: Aerosoft - Svalbard XP|X-Plane 12 Add-on: Aerosoft - Airport Milano Malpensa|X-Plane 12 Add-on: Aerosoft - Airport Friedrichshafen|X-Plane 12 Add-on: Aerosoft - Airport Manchester|X-Plane 12 Add-on: Aerosoft - Airport Madrid|X-Plane 12 Add-on: Aerosoft - Airport Berlin-Tegel|X-Plane 12 Add-on: Aerosoft - Airport Zurich V2.0|X-Plane 12 Add-on: Aerosoft - Helgoland|X-Plane 12 Add-on: Aerosoft - St. Tropez|X-Plane 12 Add-on: Aerosoft - Airport Zagreb|X-Plane 12 Add-on: Aerosoft - Airport Kassel|X-Plane 12 Add-on: Aerosoft - Airport Melilla|X-Plane 12 Add-on: Aerosoft - Tromsø|X-Plane 12 Add-on: Aerosoft - Airport Stuttgart|X-Plane 12 Add-on: Aerosoft - Airport Greater Moncton International|X-Plane 12 Add-on: 29 Palms/Captain7 - Airport Nuremberg|X-Plane 12 Add-on: FSDG - Monastir|X-Plane 12 Add-on: FSDG - Malediven|X-Plane 12 Add-on: FSDG - Hurghada|X-Plane 12 Add-on: FSDG - Teruel|X-Plane 12 Add-on: FSDG - Djerba|X-Plane 12 Add-on: FACO Simulations - F-15C Eagle|X-Plane 12 Add-on: Axonos - Varna Airport|X-Plane 12 Add-on: Axonos - Owen Roberts International Airport|X-Plane 12 Add-on: FSDesigns - Alliance Municipal Airport|X-Plane 12 Add-on: FSDesigns - Jacksonville International Airport|X-Plane 12 Add-on: Skyline Simulations - Long Beach Airport|X-Plane 12 Add-on: Skyline Simulations - Billy Bishop Toronto City Airport|X-Plane 12 Add-on: Skyline Simulations - John Wayne Airport|X-Plane 12 Add-on: DarkBlue Scenery - Kansai Intl Airport|X-Plane 12 Add-on: DarkBlue Scenery - Tokyo Intl Airport|X-Plane 12 Add-on: DarkBlue Scenery - Naha Airport|X-Plane 12 Add-on: DarkBlue Scenery - Chubu Centrair Intl Airport|X-Plane 12 Add-on: FASimulations - Helsinki Metropolitan VFR 2025 Scenery|X-Plane 12 Add-on: Globall Art - Nashville International Airport|X-Plane 12 Add-on: Globall Art - Vancouver International Airport|X-Plane 12 Add-on: FSDG -  Kinshasa|X-Plane 12 Add-on: DarkBlue Scenery - New Chitose Intl Airport","Simulation|Flight|Realistic|VR|3D|Immersive Sim|Action-Adventure|3D Vision|First-Person|Jet|Atmospheric|Military|Relaxing|Controller|Choices Matter|Open World|Moddable|Physics|Tutorial|Co-op","Simulation","English|French|Italian|German|Spanish - Spain|Japanese|Portuguese - Portugal|Russian|Simplified Chinese|Korean|Ukrainian","https://store.steampowered.com/app/2014780/","","","100,000 .. 200,000",75,FALSE
1133870,"Space Engineers 2","27 Jan, 2025","Keen Software House","Keen Software House",NA,259,"Mostly Positive","Mixed",25.49,NA,NA,0,9,1,"False","False","False","Space Engineers 2 is a sandbox about engineering and colonization where you build ships, stations, and planetary bases in a fully destructible world. Begin the story of Miro and Ivan Sokol, expand humanity’s foothold in the Almagest system, and fight to survive.","Space Engineers 2 Pioneer Edition","Sandbox|Building|Survival|Space|Sci-fi|Physics|Simulation|Destruction|Moddable|Singleplayer|Open World|Exploration|Realistic|Science|Strategy|Mining|Early Access|Indie|Space Sim|Crafting","Action|Indie|Simulation|Strategy|Early Access","English|French|Italian|German|Spanish - Spain|Czech|Polish|Portuguese - Brazil|Turkish","https://store.steampowered.com/app/1133870/","https://store.steampowered.com/developer/KeenSWH","https://store.steampowered.com/publisher/KeenSWH","100,000 .. 200,000",75,TRUE
3948510,"ARC Raiders - Upgrade to Deluxe Edition","30 Oct, 2025","Embark Studios","Embark Studios",514,NA,"Very Positive","",19.99,NA,NA,0,1,0,"False","True","False","","","Action|Extraction Shooter","Action","English","https://store.steampowered.com/app/3948510/","","","0 .. 20,000",6.66666666666667,FALSE
2968420,"PowerWash Simulator 2","23 Oct, 2025","FuturLab","FuturLab",NA,354,"Very Positive","Very Positive",24.99,NA,NA,40,13,1,"False","False","False","PowerWash Simulator is back, bubbling with fresh locations, soap-erior equipment and splashy features. Effortlessly transform soiled surroundings into clean, serene scenes, solo or with pals. Satisfaction is a spray away!","PowerWash Simulator 2 - Adventure Time Pack","Casual|Simulation|Relaxing|Local Multiplayer|Sandbox|Multiplayer|Online Co-Op|Local Co-Op|First-Person|Immersive Sim|3D|Split Screen|Family Friendly|Colorful|Realistic|Atmospheric|Singleplayer|Co-op|Funny|Story Rich","Casual|Indie|Simulation","English|French|Italian|German|Spanish - Spain|Japanese|Korean|Polish|Portuguese - Brazil|Russian|Simplified Chinese|Traditional Chinese|Turkish","https://store.steampowered.com/app/2968420/","https://store.steampowered.com/developer/FuturLab","https://store.steampowered.com/publisher/FuturLab","0 .. 20,000",6.66666666666667,TRUE
1687950,"Persona 5 Royal","20 Oct, 2022","ATLUS","SEGA",NA,NA,"Overwhelmingly Positive","Overwhelmingly Positive",59.99,NA,NA,53,9,0,"False","False","False","Don the mask and join the Phantom Thieves of Hearts as they stage grand heists, infiltrate the minds of the corrupt, and make them change their ways!","","JRPG|Story Rich|Turn-Based Combat|Great Soundtrack|Anime|RPG|Singleplayer|Dating Sim|Party-Based RPG|Multiple Endings|Turn-Based Strategy|Emotional|Visual Novel|Sexual Content|Colorful|Adventure|Heist|Soundtrack|Detective|Violent","RPG","English|French|Italian|German|Spanish - Spain|Japanese|Korean|Simplified Chinese|Traditional Chinese","https://store.steampowered.com/app/1687950/","https://store.steampowered.com/developer/ATLUS","https://store.steampowered.com/publisher/Sega","2,000,000 .. 5,000,000",1.16666666666667,FALSE
493340,"Planet Coaster","17 Nov, 2016","Frontier Developments","Frontier Developments",NA,191,"Very Positive","Very Positive",37.99,1.89,95,32,9,11,"False","False","False","Planet Coaster® - the future of coaster park simulation games has arrived! Surprise, delight and thrill incredible crowds as you build your coaster park empire - let your imagination run wild, and share your success with the world.","Planet Coaster - Adventure Pack|Planet Coaster - Classic Rides Collection|Planet Coaster - Magnificent Rides Collection|Planet Coaster - World's Fair Pack|Planet Coaster - Vintage Pack|Planet Coaster - Studios Pack|Planet Coaster - Spooky Pack|Planet Coaster - Knight Rider™ K.I.T.T. Construction Kit|Planet Coaster - Back to the Future™ Time Machine Construction Kit|Planet Coaster - The Munsters® Munster Koach Construction Kit|Planet Coaster - Quick Draw Interactive Shooting Ride","Simulation|Building|Management|Sandbox|Family Friendly|Relaxing|Strategy|Singleplayer|Economy|Realistic|Funny|Great Soundtrack|Atmospheric|Colorful|Third Person|City Builder|Casual|Multiplayer|3D|God Game","Action|Adventure|Casual|Simulation|Strategy","English|French|German|Spanish - Spain|Portuguese - Brazil|Korean|Simplified Chinese|Traditional Chinese|Japanese","https://store.steampowered.com/app/493340/","https://store.steampowered.com/developer/FrontierDevelopments","https://store.steampowered.com/publisher/FrontierDevelopments","2,000,000 .. 5,000,000",1.16666666666667,FALSE
1989270,"Slay the Princess — The Pristine Cut","23 Oct, 2023","Black Tabby Games","Black Tabby Games",NA,516,"Overwhelmingly Positive","Overwhelmingly Positive",17.49,9.61,45,131,13,2,"False","False","False","You're here to slay the princess. Don't believe her lies.","The Art of Slay the Princess - Digital Art Book|Slay the Princess - Supporters Pack","Visual Novel|Choices Matter|Psychological Horror|Horror|Story Rich|Choose Your Own Adventure|Hand-drawn|Romance|Lore-Rich|Point & Click|Interactive Fiction|CRPG|First-Person|Simulation|Dating Sim|Singleplayer|Adventure|Dark Humor|Comic Book|RPG","Adventure|Indie|RPG|Simulation","English|French|Italian|German|Spanish - Spain|Japanese|Korean|Polish|Portuguese - Brazil|Russian|Simplified Chinese|Spanish - Latin America|Traditional Chinese","https://store.steampowered.com/app/1989270/","https://store.steampowered.com/developer/blacktabbygames","https://store.steampowered.com/publisher/blacktabbygames","500,000 .. 1,000,000",100.2,TRUE
1259420,"Days Gone","17 May, 2021","Bend Studio","PlayStation Publishing LLC",NA,801,"Very Positive","Very Positive",39.99,NA,NA,67,23,1,"False","False","False","Ride and fight into a deadly, post pandemic America. Play as Deacon St. John, a drifter and bounty hunter who rides the broken road, fighting to survive while searching for a reason to live in this open-world action-adventure game.","Days Gone - Broken Road DLC","Open World|Zombies|Survival|Singleplayer|Post-apocalyptic|Multiplayer|Story Rich|Action|Action-Adventure|Third Person|Open World Survival Craft|Adventure|Horror|Motorbike|Third-Person Shooter|Crafting|Survival Horror|Violent|Gore|Cinematic","Action|Adventure","English|French|Italian|German|Spanish - Spain|Korean|Portuguese - Portugal|Portuguese - Brazil|Arabic|Czech|Danish|Dutch|Finnish|Greek|Hungarian|Norwegian|Polish|Russian|Spanish - Latin America|Swedish|Traditional Chinese|Turkish|Japanese","https://store.steampowered.com/app/1259420/","https://store.steampowered.com/developer/playstationstudios","https://store.steampowered.com/publisher/playstationstudios","2,000,000 .. 5,000,000",1.16666666666667,FALSE
12210,"Grand Theft Auto IV: The Complete Edition","24 Mar, 2020","Rockstar North","Rockstar Games",NA,NA,"Very Positive","Very Positive",19.99,NA,NA,55,5,0,"False","False","False","Niko Bellic, Johnny Klebitz and Luis Lopez all have one thing in common - they live in the worst city in America. Liberty City worships money and status, and is heaven for those who have them and a living nightmare for those who don't.","","Open World|Action|Crime|Multiplayer|Automobile Sim|Third Person|Adventure|Singleplayer|Third-Person Shooter|Moddable|Sandbox|Shooter|Physics|Atmospheric|Classic|Dark Humor|Funny|Gore|Satire|Co-op","Action|Adventure","English|French|Italian|German|Spanish - Spain","https://store.steampowered.com/app/12210/","https://store.steampowered.com/developer/rockstargames","https://store.steampowered.com/publisher/rockstargames","5,000,000 .. 10,000,000",2.5,FALSE
594570,"Total War: WARHAMMER II","28 Sep, 2017","CREATIVE ASSEMBLY","SEGA",NA,47,"Very Positive","Very Positive",59.99,NA,NA,152,13,22,"False","False","False","Strategy gaming perfected. A breath-taking campaign of exploration, expansion and conquest across a fantasy world. Turn-based civilisation management and real-time epic strategy battles with thousands of troops and monsters at your command.","Total War: WARHAMMER II - The Silence & The Fury|Total War: WARHAMMER II - The Twisted & The Twilight|Total War: WARHAMMER II - Skaven Chieftain|Total War: WARHAMMER II - The Warden & The Paunch|Total War: WARHAMMER II - Imrik|Total War: WARHAMMER II - The Shadow & The Blade|Total War: WARHAMMER II - Repanse de Lyonesse|Total War: WARHAMMER II - The Hunter & The Beast|Total War: WARHAMMER II - Gor-Rok|Total War: WARHAMMER II - The Prophet & The Warlock|Total War: WARHAMMER II - Tiktaq'to|Total War: WARHAMMER II - Curse of the Vampire Coast|Total War: WARHAMMER II - Lokhir Fellheart|Total War: WARHAMMER II - The Queen & The Crone|Total War: WARHAMMER II - Alith Anar|Total War: WARHAMMER II - Rise of the Tomb Kings|Total War: WARHAMMER II - Tretch Craventail|Total War: WARHAMMER II - Mortal Empires|Total War: WARHAMMER II - Blood for the Blood God II|Total War: WARHAMMER II - Steps of Isha|Total War: WARHAMMER II - Rakarth|Total War: WARHAMMER II - Thorek Ironbrow","Strategy|Fantasy|Turn-Based Strategy|RTS|Grand Strategy|War|Multiplayer|Games Workshop|Action|Turn-Based|Singleplayer|Dark Fantasy|Co-op|Tactical|Real Time Tactics|Story Rich|Atmospheric|Dwarf|Dinosaurs|Great Soundtrack","Action|Strategy","English|French|Italian|German|Spanish - Spain|Czech|Korean|Polish|Portuguese - Brazil|Russian|Turkish|Simplified Chinese|Traditional Chinese","https://store.steampowered.com/app/594570/","","https://store.steampowered.com/publisher/Sega","5,000,000 .. 10,000,000",2.5,FALSE
2397300,"Half Sword","30 Jan, 2026","Half Sword Games","Game Seer Publishing",NA,NA,"Mixed","Mixed",23.99,NA,NA,0,1,1,"False","False","False","Half Sword is a physics-based medieval combat simulator featuring historically accurate XV-century arms and armor. We are not afraid to show the brutal nature of medieval combat with in-depth blood and gore features.","Half Sword - Supporter Edition","Early Access|Physics|Gore|Combat|Medieval|Blood|Swordplay|Realistic|Historical|Simulation|Fighting|Action|Sandbox|Singleplayer|Third Person|Immersive|Hack and Slash|3D Fighter|First-Person|3D","Action|Adventure|Indie|Simulation|Early Access","English","https://store.steampowered.com/app/2397300/","","","0 .. 20,000",6.66666666666667,TRUE
728880,"Overcooked! 2","7 Aug, 2018","Ghost Town Games Ltd.","Team17",NA,618,"Very Positive","Very Positive",28.78,22.71,21,54,12,6,"False","False","False","Overcooked returns with a brand-new helping of chaotic cooking action! Journey back to the Onion Kingdom and assemble your team of chefs in classic couch co-op or online play for up to four players. Hold onto your aprons… it’s time to save the world again!","Overcooked! 2 - Season Pass|Overcooked! 2 - Night of the Hangry Horde|Overcooked! 2 - Carnival of Chaos|Overcooked! 2 - Campfire Cook Off|Overcooked! 2 - Surf 'n' Turf|Overcooked! 2 - Too Many Cooks Pack","Multiplayer|Online Co-Op|Local Co-Op|Co-op|Casual|Cooking|Funny|4 Player Local|Indie|Local Multiplayer|Family Friendly|Action|Controller|Cute|Comedy|Singleplayer|Difficult|Simulation|Strategy|Colorful","Action|Casual|Indie","English|French|Italian|German|Spanish - Spain|Japanese|Simplified Chinese|Korean|Polish|Portuguese - Brazil|Traditional Chinese|Russian","https://store.steampowered.com/app/728880/","https://store.steampowered.com/curator/34636320","https://store.steampowered.com/publisher/Team17","2,000,000 .. 5,000,000",1.16666666666667,TRUE
236850,"Europa Universalis IV","13 Aug, 2013","Paradox Development Studio","Paradox Interactive",NA,274,"Very Positive","Very Positive",49.99,NA,NA,373,4,33,"False","False","False","Rule your land and dominate the world with unparalleled freedom, depth and historical accuracy. Write a new history of the world and build an empire for the ages.","Europa Universalis IV - Expansion Subscription|Expansion - Europa Universalis IV: Winds of Change|Immersion Pack - Europa Universalis IV: King of Kings|Expansion - Europa Universalis IV: Domination|Immersion Pack - Europa Universalis IV: Lions of the North|Expansion - Europa Universalis IV: Leviathan|Expansion - Europa Universalis IV: Emperor|Expansion - Europa Universalis IV: Dharma|Expansion - Europa Universalis IV: Cradle of Civilization|Expansion - Europa Universalis IV: Mandate of Heaven|Expansion - Europa Universalis IV: Mare Nostrum|Expansion - Europa Universalis IV: The Cossacks|Expansion - Europa Universalis IV: El Dorado|Expansion - Europa Universalis IV: Res Publica|Expansion - Europa Universalis IV: Wealth of Nations|Expansion - Europa Universalis IV: Conquest of Paradise|Immersion Pack - Europa Universalis IV: Origins|Immersion Pack - Europa Universalis IV: Golden Century|Immersion Pack - Europa Universalis IV: Rule Britannia|Immersion Pack - Europa Universalis IV: Third Rome|Europa Universalis IV: Ultimate Sprite Pack|Collection - Europa Universalis IV: Ultimate Music Pack|Collection - Europa Universalis IV: Ultimate E-book Pack|Europa Universalis IV: China History Lessons|Europa Universalis IV: Japan History Lessons|Europa Universalis IV: Sounds from the Community - Kairi Soundtrack Part III|Europa Universalis IV: Utopia Holy Roman Empire Music Pack|Europa Universalis IV: Guns, Drums and Steel Volume 3 Music Pack|Europa Universalis IV: Guns, Drums and Steel Volume 2 Music Pack|Europa Universalis IV: 10th Anniversary Community Music Pack|Europa Universalis IV: Songs of Yuletide|Europa Universalis IV: Catholic Majors Unit Pack|Europa Universalis IV: Evangelical Majors Unit Pack","Grand Strategy|Strategy|Historical|Simulation|4X|Alternate History|Wargame|Military|Diplomacy|Economy|Replay Value|Sandbox|Political|Real-Time with Pause|Moddable|Nonlinear|Co-op|Singleplayer|Management|Multiplayer","Simulation|Strategy","English|German|French|Spanish - Spain","https://store.steampowered.com/app/236850/","https://store.steampowered.com/developer/paradoxdevelopmentstudio","https://store.steampowered.com/publisher/paradoxinteractive","5,000,000 .. 10,000,000",2.5,FALSE
239030,"Papers, Please","8 Aug, 2013","Lucas Pope","3909",NA,361,"Overwhelmingly Positive","Overwhelmingly Positive",9.75,NA,NA,13,15,0,"False","False","False","Congratulations. The October labor lottery is complete. Your name was pulled. For immediate placement, report to the Ministry of Admission at Grestin Border Checkpoint. An apartment will be provided for you and your family in East Grestin. Expect a Class-8 dwelling.","","Indie|Political|Simulation|Point & Click|Singleplayer|Pixel Graphics|Dystopian|Multiple Endings|Puzzle|Story Rich|Retro|Atmospheric|2D|Addictive|Great Soundtrack|Strategy|Replay Value|Casual|Difficult|Adventure","Adventure|Indie","English|French|German|Spanish - Spain|Portuguese - Brazil|Russian|Italian|Japanese|Polish|Ukrainian|Czech|Simplified Chinese|Turkish|Basque|Korean","https://store.steampowered.com/app/239030/","https://store.steampowered.com/curator/33784989","https://store.steampowered.com/curator/33784989","2,000,000 .. 5,000,000",1.16666666666667,TRUE
1682970,"Uncrashed : FPV Drone Simulator","1 Sep, 2021","Luminite","Luminite",NA,244,"Overwhelmingly Positive","Overwhelmingly Positive",12.99,NA,NA,0,5,0,"False","False","False","Amateur or experienced FPV pilot, learn or improve your skills on Uncrashed,the new ultra realistic FPV simulator. Simulate your own FPV drone with settings based on real values and you will have the same feeling as a real flight without the risk of breaking your drone !","","Simulation|Flight|Sports|Racing|Physics|Singleplayer|Realistic|First-Person|Immersive Sim|6DOF|3D|Indie|Exploration|Action|Combat Racing|Science|VR","Action|Indie|Racing|Simulation|Sports","English|French|Simplified Chinese|Russian|Ukrainian","https://store.steampowered.com/app/1682970/","","","200,000 .. 500,000",175,TRUE
2119830,"MISERY","23 Oct, 2025","Platypus Entertainment","Ytopia",NA,684,"Very Positive","Very Positive",12.95,9.71,25,38,16,1,"False","False","False","MISERY is a 1–5 player co-op survival game set in a nuclear disaster zone. Here, every day is a struggle: search radioactive ruins for resources, build your bunker, craft weapons, and explore a weird, procedurally-generated world with your friends. Beware of anomalies, monsters, and armed bandits.","MISERY - Zaslavie Supporter Pack","Survival|Online Co-Op|Post-apocalyptic|Multiplayer|Horror|Open World|Co-op|Survival Horror|PvE|Crafting|Open World Survival Craft|Exploration|Base Building|Procedural Generation|Building|Action Roguelike|Adventure|Shooter|Atmospheric|Immersive Sim","Action|Adventure|Indie|Massively Multiplayer|Simulation","English|Russian|French|Italian|German|Spanish - Spain|Japanese|Korean|Polish|Portuguese - Brazil|Portuguese - Portugal|Simplified Chinese|Spanish - Latin America|Traditional Chinese|Turkish|Ukrainian","https://store.steampowered.com/app/2119830/","","https://store.steampowered.com/publisher/Ytopia","0 .. 20,000",6.66666666666667,TRUE
1527950,"Wartales","12 Apr, 2023","Shiro Games","Shiro Games",NA,381,"Very Positive","Mixed",34.99,NA,NA,227,9,8,"True","False","False","Wartales is an open world RPG in which you lead a group of mercenaries in their search for wealth across a massive medieval universe. Explore the world, recruit companions, collect bounties and unravel the secrets of the tombs of the ancients!","Wartales - Contract: Fires in the Capital|Wartales - Expansion: The Curse of Rigel|Wartales - Contract: The Fief|Wartales - Contract: The Beast Hunt|Wartales - Expansion: The Skelmar Invasion|Wartales - Contract: The Pits|Wartales - Contract: The Tavern Opens!|Wartales - Expansion: Pirates of Belerion","RPG|Open World|Turn-Based Strategy|Party-Based RPG|Medieval|Turn-Based Combat|Co-op|Adventure|Tactical RPG|Strategy|Multiplayer|Singleplayer|Sandbox|Exploration|Survival|Turn-Based|Story Rich|Online Co-Op|Indie|Violent","Adventure|Indie|RPG|Strategy","English|French|German|Spanish - Spain|Polish|Portuguese - Brazil|Russian|Simplified Chinese|Korean","https://store.steampowered.com/app/1527950/","https://store.steampowered.com/developer/shirogames","https://store.steampowered.com/publisher/shirogames","1,000,000 .. 2,000,000",0.5,TRUE
1731080,"Resident Evil Village - Winters’ Expansion","27 Oct, 2022","CAPCOM Co., Ltd.","CAPCOM Co., Ltd.",NA,64,"Mixed","Mixed",19.99,9.99,50,0,13,0,"False","True","False","","","Action|Violent|Gore|Horror|Survival Horror|Third Person|Third-Person Shooter|Female Protagonist|Story Rich","Action","English|French|Italian|German|Spanish - Spain|Japanese|Korean|Portuguese - Brazil|Russian|Simplified Chinese|Traditional Chinese|Arabic|Thai","https://store.steampowered.com/app/1731080/","https://store.steampowered.com/developer/capcom","https://store.steampowered.com/publisher/capcom","0 .. 20,000",6.66666666666667,FALSE
1044720,"Farthest Frontier","23 Oct, 2025","Crate Entertainment","Crate Entertainment",NA,266,"Very Positive","Mostly Positive",33.99,NA,NA,74,15,0,"False","False","False","Protect and guide your people as you forge a town from untamed wilderness at the edge of the known world. Harvest raw materials, hunt, fish and farm to survive. Produce crafted items to trade, consume, equip and fight with as you battle for your survival against the elements and outside threats.","","Building|City Builder|Strategy|Resource Management|Medieval|Agriculture|4X|Historical|Economy|Base Building|RTS|Colony Sim|Immersive Sim|Farming|Management|Top-Down|Survival|Realistic|Alternate History|Time Management","Indie|Simulation|Strategy","English|French|Italian|German|Spanish - Spain|Czech|Korean|Polish|Portuguese - Brazil|Russian|Simplified Chinese|Swedish|Traditional Chinese|Japanese|Ukrainian","https://store.steampowered.com/app/1044720/","https://store.steampowered.com/developer/Crate","https://store.steampowered.com/publisher/Crate","1,000,000 .. 2,000,000",0.5,TRUE
750920,"Shadow of the Tomb Raider: Definitive Edition","14 Sep, 2018","Eidos-Montréal","Crystal Dynamics",NA,710,"Very Positive","Very Positive",39.99,5.99,85,99,12,0,"False","False","False","As Lara Croft races to save the world from a Maya apocalypse, she must become the Tomb Raider she is destined to be.","","Adventure|Action|Female Protagonist|Singleplayer|Open World|Third Person|Story Rich|Puzzle|Stealth|Action-Adventure|Exploration|Survival|Violent|Atmospheric|Shooter|Gore|Multiplayer|Great Soundtrack|Dark|Heist","Action|Adventure","English|French|Italian|German|Spanish - Spain|Korean|Polish|Portuguese - Brazil|Russian|Simplified Chinese|Traditional Chinese|Arabic","https://store.steampowered.com/app/750920/","https://store.steampowered.com/developer/EidosMontreal","https://store.steampowered.com/publisher/CrystalDynamics","2,000,000 .. 5,000,000",1.16666666666667,FALSE
1669000,"Age of Wonders 4","2 May, 2023","Triumph Studios","Paradox Interactive",NA,263,"Very Positive","Mostly Positive",49.99,NA,NA,106,9,15,"False","False","False","Rule a fantasy realm of your own design! Explore new magical realms in Age of Wonders’ signature blend of 4X strategy and turn-based tactical combat. Control a faction that grows and changes as you expand your empire with each turn!","Age of Wonders 4: Expansion Pass 3|Age of Wonders 4: Rise from Ruin|Age of Wonders 4: Thrones of Blood|Age of Wonders 4: Pre-Order Content Pack|Age of Wonders 4: Archon Prophecy|Age of Wonders 4: Giant Kings|Age of Wonders 4: Ways of War|Age of Wonders 4: Eldritch Realms|Age of Wonders 4: Primal Fury|Age of Wonders 4: Empires & Ashes|Age of Wonders 4: Dragon Dawn|Age of Wonders 4: Herald of Glory|Age of Wonders 4: Archmage Attire|Age of Wonders 4: Cosmic Wanderer|Age of Wonders 4: Secrets of the Archmages","Strategy|4X|Turn-Based Strategy|Character Customization|Fantasy|RPG|Grand Strategy|Dark Fantasy|Turn-Based Combat|War|Tactical|Tactical RPG|Simulation|Strategy RPG|Singleplayer|Exploration|Multiplayer|Choices Matter|Co-op|Moddable","RPG|Strategy","English|French|German|Spanish - Spain|Japanese|Korean|Polish|Russian|Simplified Chinese","https://store.steampowered.com/app/1669000/","","https://store.steampowered.com/publisher/paradoxinteractive","500,000 .. 1,000,000",100.2,FALSE
1583230,"High On Life","13 Dec, 2022","Squanch Games, Inc.","Squanch Games, Inc.",NA,409,"Very Positive","Very Positive",36.49,12.77,65,44,5,1,"False","False","False","HIGH ON KNIFE DLC OUT NOW!! - Humanity is being threatened by an alien cartel who wants to use them as drugs. It’s up to you to rescue and partner with charismatic, talking guns, take down Garmantuous and his gang, and save the world!","High On Life: High On Knife","Comedy|FPS|Singleplayer|Dark Humor|Adventure|Action-Adventure|Sci-fi|Shooter|First-Person|Action|Violent|Story Rich|Sexual Content|Gore|Open World|Colorful|Combat|Nudity|Funny|Multiplayer","Action|Adventure","English|French|Italian|German|Spanish - Latin America","https://store.steampowered.com/app/1583230/","https://store.steampowered.com/developer/SquanchGames","https://store.steampowered.com/publisher/SquanchGames","500,000 .. 1,000,000",100.2,FALSE
262060,"Darkest Dungeon®","19 Jan, 2016","Red Hook Studios","Red Hook Studios",NA,650,"Very Positive","Very Positive",22.99,3.44,85,120,12,5,"True","False","False","Darkest Dungeon is a challenging gothic roguelike turn-based RPG about the psychological stresses of adventuring. Recruit, train, and lead a team of flawed heroes against unimaginable horrors, stress, disease, and the ever-encroaching dark. Can you keep your heroes together when all hope is lost?","Darkest Dungeon®: The Crimson Court|Darkest Dungeon®: The Color Of Madness|Darkest Dungeon®: The Shieldbreaker|Darkest Dungeon©: The Butcher's Circus|Darkest Dungeon®: The Musketeer","Turn-Based Combat|Dungeon Crawler|Dark Fantasy|Roguelike|RPG|Lovecraftian|Difficult|Turn-Based|Singleplayer|Perma Death|Strategy|Atmospheric|Dark|Indie|2D|Roguelite|Horror|Gothic|Fantasy|Kickstarter","Indie|RPG|Strategy","English|French|German|Spanish - Spain|Czech|Polish|Portuguese - Brazil|Russian|Italian|Simplified Chinese|Korean|Japanese","https://store.steampowered.com/app/262060/","https://store.steampowered.com/developer/redhookstudios","https://store.steampowered.com/publisher/redhookstudios","2,000,000 .. 5,000,000",1.16666666666667,TRUE
1783560,"The Last Caretaker","6 Nov, 2025","Channel37 Ltd","Channel37 Ltd",NA,971,"Very Positive","Very Positive",29.99,NA,NA,15,10,0,"False","False","False","Explore a drowned Earth, restore lost systems, and raise the last human seeds in this first-person survival-crafting adventure. Build, scavenge, defend, and launch humanity back to the stars.","","Early Access|Survival|Open World|Base Building|Exploration|Crafting|Simulation|Atmospheric|Sandbox|Lore-Rich|Automation|Singleplayer|First-Person|Sci-fi|Physics|Adventure|Management|Action|Sailing|Shooter","Action|Adventure|Indie|Simulation|Early Access","English|French|German|Japanese|Portuguese - Brazil|Simplified Chinese|Spanish - Latin America|Polish|Russian|Ukrainian","https://store.steampowered.com/app/1783560/","https://store.steampowered.com/developer/channel37","https://store.steampowered.com/publisher/channel37","0 .. 20,000",6.66666666666667,TRUE
3618390,"Gamblers Table","11 Jan, 2026","greenpixels","greenpixels",NA,247,"Mostly Positive","Mostly Positive",6.99,NA,NA,27,11,1,"False","False","False","Gamblers Table is an incremental game where you toss coins to earn money. Buy bigger and better coins, unlock upgrades and hire little helpers to automate the process and take care of all the busy flipping work for you. Simple. Satisfying. Strangely compelling...","Gamblers Table - Supporter Pack","Automation|Minimalist|Idler|Management|Cute|Capitalism|Clicker|Gambling|Economy|Casual|Simulation|Resource Management|Top-Down|Relaxing|Strategy|Pixel Graphics|Lovecraftian|Indie|Character Customization|Dark","Casual|Indie|Simulation|Strategy","English|German|Spanish - Spain|Spanish - Latin America|French|Italian|Polish|Japanese|Portuguese - Brazil|Portuguese - Portugal|Turkish","https://store.steampowered.com/app/3618390/","","","0 .. 20,000",6.66666666666667,TRUE
1604030,"V Rising","8 May, 2024","Stunlock Studios","Stunlock Studios",NA,618,"Very Positive","Very Positive",34.99,NA,NA,49,16,5,"True","False","False","Awaken as a Vampire. Hunt for blood in nearby settlements to regain your strength and evade the scorching sun to survive. Raise your castle and thrive in an ever-changing, open world full of mystery. Gain allies online and conquer the land of the living.","V Rising - Eternal Dominance Pack|V Rising - Legacy of Castlevania Premium Pack|V Rising - Founder's Pack: Eldest Bloodline|V Rising - Sinister Evolution Pack|V Rising - Dracula's Relics Pack","Survival|Open World|Base Building|Vampire|Multiplayer|Crafting|Online Co-Op|PvE|PvP|Hack and Slash|Building|Exploration|Sandbox|Massively Multiplayer|Dark Fantasy|Singleplayer|Action-Adventure|Action|Adventure|Co-op","Action|Adventure|Massively Multiplayer","English|French|German|Spanish - Spain|Portuguese - Brazil|Simplified Chinese|Italian|Hungarian|Japanese|Korean|Polish|Russian|Turkish|Traditional Chinese|Thai|Ukrainian","https://store.steampowered.com/app/1604030/","https://store.steampowered.com/developer/stunlock","https://store.steampowered.com/publisher/stunlock","5,000,000 .. 10,000,000",2.5,FALSE
2879840,"Escape Simulator 2","27 Oct, 2025","Pine Studio","Pine Studio",NA,199,"Very Positive","Very Positive",16.99,NA,NA,25,15,0,"True","False","False","Sequel to the best-selling escape room game, brings a fresh take on first-person puzzles with a variety of new rooms to explore solo or with friends. Solve intricate puzzles, uncover hidden secrets, or craft your own escape rooms with Room Editor 2.0.","","Logic|Co-op|Puzzle|Level Editor|Escape Room|Atmospheric|Adventure|Casual|Indie|First-Person|Hidden Object|Exploration|Character Customization|Online Co-Op|Mystery|Simulation|Detective|Point & Click|Singleplayer|Investigation","Adventure|Casual|Indie|Simulation","English|French|German|Spanish - Spain|Japanese|Korean|Portuguese - Portugal|Simplified Chinese|Spanish - Latin America|Traditional Chinese|Polish|Russian|Italian|Turkish|Portuguese - Brazil","https://store.steampowered.com/app/2879840/","https://store.steampowered.com/developer/pinestudio","https://store.steampowered.com/publisher/pinestudio","0 .. 20,000",6.66666666666667,TRUE
524220,"NieR:Automata™","17 Mar, 2017","Square Enix","Square Enix",NA,NA,"Very Positive","Very Positive",39.99,NA,NA,47,6,7,"True","False","False","NieR: Automata tells the story of androids 2B, 9S and A2 and their battle to reclaim the machine-driven dystopia overrun by powerful machines.","NieR:Automata™ - 3C3C1D119440927|NieR:Automata Arranged & Unreleased Tracks|NieR:Automata Orchestral Arrangement Album|Piano Collections NieR:Automata|NieR Orchestral Arrangement Album - Addendum|NieR:Piano Journeys|NieR:Orchestra Concert re:12024 [ the end of data ] Music CD","Hack and Slash|RPG|Great Soundtrack|Story Rich|Female Protagonist|Action|Spectacle fighter|Open World|JRPG|Anime|Post-apocalyptic|Singleplayer|Robots|Atmospheric|Sci-fi|Nudity|Adventure|Bullet Hell|Character Action Game|Violent","Action|RPG","English|French|Italian|German|Spanish - Spain|Japanese","https://store.steampowered.com/app/524220/","https://store.steampowered.com/developer/squareenix","https://store.steampowered.com/publisher/squareenix","2,000,000 .. 5,000,000",1.16666666666667,FALSE
2138720,"REMATCH","19 Jun, 2025","Sloclap","Sloclap",NA,717,"Mixed","Mostly Positive",24.99,NA,NA,37,14,2,"False","False","False","Rematch is an online multiplayer football game. Control one player and compete with your team in fast-paced 5v5 matches from an immersive third-person perspective. Team up with your friends and join the action.","REMATCH - Elite Edition Upgrade Pack|REMATCH - Pro Edition Upgrade Pack","Sports|Football (Soccer)|Multiplayer|PvP|eSports|Online Co-Op|Arcade|Simulation|Team-Based|Immersive|Third-Person Shooter|Third Person|Real Time Tactics|Character Customization|Action RTS|3D|Colorful|Stylized|Action|Futuristic","Action|Indie|Sports","English|French|Italian|German|Spanish - Spain|Japanese|Korean|Portuguese - Brazil|Russian|Simplified Chinese|Traditional Chinese|Arabic|Polish|Turkish","https://store.steampowered.com/app/2138720/","","","0 .. 20,000",6.66666666666667,TRUE
4249140,"Dino Crisis 2","12 Feb, 2026","CAPCOM Co., Ltd.","CAPCOM Co., Ltd.",559,NA,"Very Positive","",9.99,4.99,50,0,2,0,"True","False","False","The game takes place in the world of the Cretaceous Period... Dinosaurs attack players in various scenes, including jungles, caves, lakes, and some buildings eroded by plants! Use the characteristics of increased number of weapons to overcome difficult challenges!","","Survival Horror|Action|Dinosaurs|Adventure|Survival|Horror|Psychological Horror|Shooter|Third-Person Shooter|Singleplayer|3D|Dark|Time Travel|Story Rich|PvE|Female Protagonist|Multiple Endings|Gore|Violent|Classic","Action|Adventure","English|Japanese","https://store.steampowered.com/app/4249140/","https://store.steampowered.com/developer/capcom","https://store.steampowered.com/publisher/capcom","0 .. 20,000",6.66666666666667,FALSE
3180070,"No, I'm not a Human","15 Sep, 2025","Trioskaz","CRITICAL REFLEX",NA,894,"Very Positive","Very Positive",14.79,NA,NA,60,17,1,"True","False","False","WARNING. Stay inside. Lock your doors. Close the blinds. Only let humans in. Eliminate all Visitors. An anxiety horror about paranoia in the End of Times.","No, I'm not a Human - Digital Artbook","Horror|Psychological Horror|Choices Matter|Indie|Singleplayer|Story Rich|Atmospheric|Multiple Endings|Dark|First-Person|Psychological|Gore|Mystery|Thriller|Narrative|Retro|Simulation|Casual|Psychedelic|Outbreak Sim","Indie|Simulation","English|Russian|French|German|Spanish - Spain|Japanese|Korean|Portuguese - Brazil|Portuguese - Portugal|Simplified Chinese|Spanish - Latin America|Traditional Chinese|Arabic|Ukrainian|Italian|Polish|Turkish","https://store.steampowered.com/app/3180070/","https://store.steampowered.com/curator/39433050","https://store.steampowered.com/publisher/CRITICAL_REFLEX","0 .. 20,000",6.66666666666667,TRUE
558244,"Euro Truck Simulator 2 - Italia","5 Dec, 2017","SCS Software","SCS Software",NA,NA,"Very Positive","",17.99,8.99,50,0,23,0,"False","True","False","","","Simulation|Indie|Driving|Open World|Realistic|Multiplayer|Singleplayer|Relaxing|Free to Play|Adventure|Moddable|Exploration|First-Person|Action","Indie|Simulation","English|German|French|Italian|Korean|Spanish - Spain|Simplified Chinese|Russian|Japanese|Portuguese - Portugal|Polish|Danish|Dutch|Finnish|Norwegian|Swedish|Hungarian|Czech|Romanian|Turkish|Portuguese - Brazil|Bulgarian|Greek","https://store.steampowered.com/app/558244/","https://store.steampowered.com/developer/SCSsoftware","https://store.steampowered.com/publisher/SCSsoftware","0 .. 20,000",6.66666666666667,TRUE
2487300,"Docked","5 Mar, 2026","Saber Interactive","Saber Interactive",899,NA,"Mixed","",29.99,NA,NA,39,8,1,"False","False","False","Return home to Port Wake and rebuild your family business. Docked is a realistic, task-driven simulator where you operate heavy machinery, restore and develop the port's infrastructure, and manage day-to-day operations to help your port expand and thrive.","Docked - New Horizons Pack","Simulation|Physics|Realistic|Automation|Management|Immersive Sim|Singleplayer|3D|Automobile Sim|Building|Driving|Economy|Relaxing|Controller|Job Simulator|First-Person|Third Person|Crafting|Old School|Great Soundtrack","Simulation","English|French|German|Spanish - Spain|Portuguese - Brazil|Russian|Simplified Chinese|Polish","https://store.steampowered.com/app/2487300/","https://store.steampowered.com/developer/SaberInteractive","https://store.steampowered.com/publisher/SaberInteractive","0 .. 20,000",6.66666666666667,FALSE
925580,"Euro Truck Simulator 2 - Beyond the Baltic Sea","29 Nov, 2018","SCS Software","SCS Software",NA,12,"Very Positive","Very Positive",17.99,8.99,50,0,24,0,"False","True","False","","","Simulation|Automobile Sim|Open World|Indie|Driving|Multiplayer|Realistic|Singleplayer|Exploration|Atmospheric|Adventure|Free to Play|Moddable|First-Person|Action|Mod|Casual","Indie|Simulation","English|German|French|Italian|Korean|Spanish - Spain|Simplified Chinese|Russian|Japanese|Portuguese - Portugal|Polish|Danish|Dutch|Finnish|Norwegian|Swedish|Hungarian|Czech|Romanian|Turkish|Portuguese - Brazil|Bulgarian|Greek|Ukrainian","https://store.steampowered.com/app/925580/","https://store.steampowered.com/developer/SCSsoftware","https://store.steampowered.com/publisher/SCSsoftware","0 .. 20,000",6.66666666666667,TRUE
12200,"Bully: Scholarship Edition","21 Oct, 2008","Rockstar New England","Rockstar Games",NA,421,"Very Positive","Very Positive",7.99,NA,NA,0,5,0,"False","False","False","Bully tells the story of mischievous 15-year-old Jimmy Hopkins as he goes through the hilarity and awkwardness of adolescence. Beat the jocks at dodge ball, play pranks on the preppies, save the nerds, kiss the girl and navigate the social hierarchy in the worst school around.","","Open World|Action|Adventure|Third Person|Singleplayer|Comedy|Great Soundtrack|Classic|Funny|Dark Humor|Story Rich|Sandbox|Satire|Exploration|Atmospheric|Mature|Simulation|Controller|Multiplayer|RPG","Action|Adventure","English|Italian|German|Spanish - Spain|French","https://store.steampowered.com/app/12200/","https://store.steampowered.com/developer/rockstargames","https://store.steampowered.com/publisher/rockstargames","2,000,000 .. 5,000,000",1.16666666666667,FALSE
329050,"Devil May Cry 4 Special Edition","23 Jun, 2015","CAPCOM Co., Ltd.","CAPCOM Co., Ltd. ",NA,172,"Very Positive","Mostly Positive",24.99,7.49,70,42,8,8,"True","False","False","The smash-hit stylish action game DMC4 is back and better than ever, boasting new playable characters and game modes!","S.Nero/Dante/Vergil|Lady & Trish Costumes|Unlock All Modes|5 Blue Orbs|2 Blue Orbs|1 Blue Orb|Proud Souls (200,000)|Red Orbs (300,000)","Action|Hack and Slash|Character Action Game|Great Soundtrack|Singleplayer|Spectacle fighter|Third Person|Stylized|Difficult|Classic|Story Rich|Anime|Adventure|Atmospheric|Beat 'em up|Replay Value|Controller|Female Protagonist|Remake|Demons","Action","English|French|Italian|German|Spanish - Spain|Japanese|Simplified Chinese|Traditional Chinese","https://store.steampowered.com/app/329050/","https://store.steampowered.com/developer/capcom","https://store.steampowered.com/publisher/capcom","1,000,000 .. 2,000,000",0.5,FALSE
2062430,"BALL x PIT","15 Oct, 2025","Kenny Sun and Friends","Devolver Digital",NA,742,"Overwhelmingly Positive","Very Positive",14.99,NA,NA,63,16,0,"True","False","False","BALL x PIT is a brick-breaking, ball-fusing, base-building survival roguelite. Batter hordes of enemies with ricocheting balls and gather the riches of the pit to expand your homestead, generate resources and recruit unique heroes.","","Action|Roguelite|Arcade|Bullet Hell|Roguelike|Action Roguelike|Shoot 'Em Up|Top-Down Shooter|Pixel Graphics|2D|Top-Down|Building|Base Building|Crafting|Combat|Singleplayer|Indie|Controller|Idler|RPG","Action|Indie","English|French|German|Spanish - Spain|Japanese|Korean|Portuguese - Brazil|Russian|Simplified Chinese|Traditional Chinese|Italian|Polish|Spanish - Latin America|Thai|Turkish|Ukrainian","https://store.steampowered.com/app/2062430/","https://store.steampowered.com/developer/kennysun","https://store.steampowered.com/publisher/DevolverDigital","0 .. 20,000",6.66666666666667,TRUE
1297900,"Gothic 1 Remake","5 Jun, 2026","Alkimia Interactive","THQ Nordic",0,NA,"No hay reseñas","",49.99,NA,NA,0,10,0,"False","False","False","The Legend is Back - Return to the Valley of the Mines in this faithful remake of the genre-defining classic RPG. Explore a hand-crafted, organic open world that reacts dynamically to your actions in a gritty, unrestricted experience like no other.","","RPG|Action|Adventure|Exploration|Realistic|Action RPG|Atmospheric|Third Person|3D|Dark Fantasy|Fantasy|Gothic|Magic|Medieval|Combat|Crafting|Story Rich|Singleplayer|Remake|Choose Your Own Adventure","Action|RPG","English|French|Italian|German|Spanish - Spain|Polish|Russian|Simplified Chinese|Japanese|Portuguese - Brazil","https://store.steampowered.com/app/1297900/","","https://store.steampowered.com/publisher/THQNordic","0 .. 20,000",6.66666666666667,FALSE
2244210,"Echoes of Aincrad","9 Jul, 2026","Game Studio Inc.","Bandai Namco Entertainment Inc.",0,NA,"No hay reseñas","",69.99,NA,NA,0,14,0,"False","False","False","Step into Aincrad, a world of beauty and danger where every battle could be your last. Create your hero, choose your gear, and master combat by building synergy with your partner, leveling up, and unlocking special abilities to expand your horizons.","","JRPG|Anime|Action RPG|Hack and Slash|3D|Fantasy|Singleplayer|RPG|Realistic|Dark|Action|Souls-like|Futuristic|Character Customization|Open World|MMORPG|Co-op","Action|RPG","English|French|Italian|German|Spanish - Spain|Indonesian|Spanish - Latin America|Thai|Portuguese - Brazil|Russian|Simplified Chinese|Traditional Chinese|Japanese|Korean","https://store.steampowered.com/app/2244210/","","https://store.steampowered.com/publisher/BANDAINAMCO","0 .. 20,000",6.66666666666667,FALSE
214950,"Total War: ROME II - Emperor Edition","2 Sep, 2013","CREATIVE ASSEMBLY","SEGA",NA,292,"Very Positive","Very Positive",59.99,NA,NA,188,9,14,"False","False","False","Emperor Edition is the definitive edition of ROME II, featuring an improved politics system, overhauled building chains, rebalanced battles and improved visuals in both campaign and battleEmperor Edition contains all free feature updates since its release in 2013, which includes bug fixes, balancing, Twitch.","Total War: ROME II - Rise of the Republic Campaign Pack|Total War: ROME II - Desert Kingdoms Culture Pack|Total War: ROME II - Empire Divided Campaign Pack|Total War: ROME II - Wrath of Sparta Campaign Pack|Total War: ROME II -  Black Sea Colonies Culture Pack|Total War: ROME II - Daughters of Mars Unit Pack|Total War: ROME II - Imperator Augustus Campaign Pack|Total War: ROME II - Beasts of War Unit Pack|Total War: ROME II - Pirates and Raiders Culture Pack|Total War: ROME II - Caesar in Gaul Campaign Pack|Total War: ROME II - Hannibal at the Gates Campaign Pack|Total War: ROME II - Greek States Culture Pack|Total War: ROME II - Nomadic Tribes Culture Pack|Total War: ROME II - Blood & Gore","Strategy|Historical|Turn-Based Strategy|Grand Strategy|Rome|Tactical|War|Multiplayer|RTS|Real Time Tactics|Turn-Based|Singleplayer|Online Co-Op|Simulation|Turn-Based Tactics|Co-op|Moddable|Action|Atmospheric|Education","Strategy","English|German|French|Italian|Spanish - Spain|Russian|Polish|Czech|Turkish","https://store.steampowered.com/app/214950/","","https://store.steampowered.com/publisher/Sega","2,000,000 .. 5,000,000",1.16666666666667,FALSE
1817190,"Marvel’s Spider-Man: Miles Morales","18 Nov, 2022","Insomniac Games","PlayStation Publishing LLC",NA,674,"Very Positive","Very Positive",49.99,NA,NA,50,23,0,"False","False","False","After the events of Marvel’s Spider-Man Remastered, teenage Miles Morales is adjusting to his new home while following in the footsteps of his mentor, Peter Parker, as a new Spider-Man. When a fierce power struggle threatens to destroy his home, Miles must take up the mantle of Spider-Man and own it","","Open World|Action|Superhero|Singleplayer|Adventure|Third Person|Combat|Parkour|Story Rich|Action-Adventure|Exploration|Stealth|Comic Book|Beat 'em up|Great Soundtrack|Beautiful|Multiplayer|Sci-fi|RPG|Mature","Action|Adventure","English|French|Italian|German|Spanish - Spain|Arabic|Czech|Danish|Dutch|Finnish|Greek|Hungarian|Japanese|Korean|Norwegian|Polish|Portuguese - Brazil|Portuguese - Portugal|Russian|Simplified Chinese|Spanish - Latin America|Swedish|Traditional Chinese","https://store.steampowered.com/app/1817190/","https://store.steampowered.com/curator/42527123","https://store.steampowered.com/publisher/playstationstudios","1,000,000 .. 2,000,000",0.5,FALSE
4508320,"Plague Inc: Aliens & Anti-Vaxxers","7 Apr, 2026","Ndemic Creations","",92,NA,"Very Positive","",5.99,5.39,10,0,15,0,"False","True","False","","","Strategy|Simulation|Outbreak Sim|Indie|Singleplayer|Multiplayer|Zombies|Casual|Tactical|Replay Value|Post-apocalyptic|Addictive|Realistic|2D|Difficult|Atmospheric|Co-op|Sandbox|Early Access|Survival","Casual|Indie|Simulation|Strategy","English|French|German|Russian|Spanish - Spain|Italian|Portuguese - Portugal|Portuguese - Brazil|Simplified Chinese|Traditional Chinese|Japanese|Norwegian|Polish|Turkish|Korean","https://store.steampowered.com/app/4508320/","","","0 .. 20,000",6.66666666666667,TRUE
1621690,"Core Keeper","27 Aug, 2024","Pugstorm","Fireshine Games",NA,671,"Very Positive","Very Positive",19.99,NA,NA,55,13,1,"True","False","False","Explore a vast cavern of creatures, relics and resources in a mining sandbox adventure for 1-8 players. Mine, build, fight, craft and farm to unravel the mystery of the ancient Core.","Core Keeper - Explorer's Guide","Open World|Survival|Exploration|Pixel Graphics|Sandbox|Multiplayer|Crafting|Building|Co-op|Base Building|Action|Procedural Generation|Online Co-Op|Adventure|Atmospheric|Open World Survival Craft|Combat|Singleplayer|Indie|2D","Action|Adventure|Indie|RPG|Simulation","English|Simplified Chinese|Thai|German|Japanese|Korean|Spanish - Spain|French|Italian|Portuguese - Brazil|Traditional Chinese|Russian|Ukrainian","https://store.steampowered.com/app/1621690/","","https://store.steampowered.com/publisher/FireshineGames","1,000,000 .. 2,000,000",0.5,TRUE
2060160,"The Farmer Was Replaced","10 Oct, 2025","Timon Herzog","Metaroot",NA,252,"Overwhelmingly Positive","Very Positive",9.99,NA,NA,59,11,1,"False","False","False","Program and optimize a drone to automate a farm and watch it do the work for you. Collect resources to unlock better technology and become the most efficient farmer in the world. Improve your problem solving and coding skills.","The Miner Was Replaced","Programming|Automation|Idler|Education|Logic|Puzzle|Text-Based|Farming Sim|Minimalist|Farming|Artificial Intelligence|Resource Management|Simulation|Sandbox|Strategy|Singleplayer|3D|Colorful|Economy|Indie","Casual|Indie|Simulation|Strategy","English|French|Italian|German|Spanish - Spain|Japanese|Korean|Polish|Portuguese - Brazil|Russian|Simplified Chinese","https://store.steampowered.com/app/2060160/","","https://store.steampowered.com/publisher/Metaroot","200,000 .. 500,000",175,TRUE
962130,"Grounded","27 Sep, 2022","Obsidian Entertainment","Xbox Game Studios",NA,436,"Very Positive","Very Positive",39.99,NA,NA,45,16,1,"False","False","False","The world is a vast, beautiful and dangerous place – especially when you have been shrunk to the size of an ant. Can you thrive alongside the hordes of giant insects, fighting to survive the perils of the backyard?","Grounded (Official Soundtrack)","Survival|Multiplayer|Co-op|Open World Survival Craft|Base Building|Crafting|Adventure|Open World|Horror|Online Co-Op|Exploration|Action|Sandbox|First-Person|Singleplayer|RPG|Third Person|Cute|Funny|Early Access","Action|Adventure","English|French|Italian|German|Spanish - Latin America|Korean|Polish|Portuguese - Brazil|Russian|Simplified Chinese|Japanese|Thai|Traditional Chinese|Turkish|Spanish - Spain|Arabic","https://store.steampowered.com/app/962130/","https://store.steampowered.com/developer/obsidian","https://store.steampowered.com/publisher/XboxGameStudios","2,000,000 .. 5,000,000",1.16666666666667,FALSE
4170200,"Data Center","31 Mar, 2026","Waseku","Waseku",406,NA,"Mostly Positive","",9.19,NA,NA,10,19,1,"False","False","False","Build, cable, and automate. Assemble racks, servers, and switches, connect enough capacity for each app, earn money from processed data, and unlock gear and bigger customers with XP and reputation. Follow colored data packets as your center comes to life.","Data Center: Supporter Pack","Simulation|Hardware|Automation|Logic|Idler|Job Simulator|Management|Economy|Realistic|Sandbox|Time Management|Programming|First-Person|Crafting|3D|Resource Management|Building|Science|Controller|Immersive Sim","Simulation","English|French|Italian|German|Spanish - Spain|Arabic|Czech|Dutch|Japanese|Korean|Portuguese - Brazil|Portuguese - Portugal|Russian|Simplified Chinese|Spanish - Latin America|Turkish|Polish|Thai|Traditional Chinese","https://store.steampowered.com/app/4170200/","https://store.steampowered.com/developer/waseku","https://store.steampowered.com/publisher/waseku","0 .. 20,000",6.66666666666667,FALSE
410340,"Liftoff®: FPV Drone Racing","13 Sep, 2018","LuGus Studios","LuGus Studios",NA,196,"Overwhelmingly Positive","Very Positive",19.99,NA,NA,35,3,3,"False","False","False","Liftoff® is a drone simulator that translates the rush of first-person view drone flight to the digital world. Join the biggest community for virtual FPV racing and freestyle!","Liftoff® - Slipstream|Liftoff® - DJI FPV|Liftoff® - Night Fever","Simulation|Flight|Racing|Realistic|First-Person|Sports|Multiplayer|Immersive Sim|Indie|Early Access|Crafting|Level Editor|Singleplayer|Atmospheric|Exploration|Education|3D|Modern|Parkour|Science","Indie|Racing|Simulation|Sports","English|French|Ukrainian","https://store.steampowered.com/app/410340/","","","500,000 .. 1,000,000",100.2,TRUE
292030,"The Witcher 3: Wild Hunt","18 May, 2015","CD PROJEKT RED","CD PROJEKT RED",NA,NA,"Overwhelmingly Positive","Overwhelmingly Positive",29.99,NA,NA,78,17,19,"True","False","False","You are Geralt of Rivia, mercenary monster slayer. Before you stands a war-torn, monster-infested continent you can explore at will. Your current contract? Tracking down Ciri — the Child of Prophecy, a living weapon that can alter the shape of the world.","The Witcher 3: Wild Hunt - Expansion Pass|The Witcher 3: Wild Hunt - Hearts of Stone|The Witcher 3: Wild Hunt - Temerian Armor Set|The Witcher 3: Wild Hunt - Beard and Hairstyle Set|The Witcher 3: Wild Hunt - Alternative Look for Yennefer|The Witcher 3: Wild Hunt - New Quest 'Contract: Missing Miners'|The Witcher 3: Wild Hunt - Nilfgaardian Armor Set|The Witcher 3: Wild Hunt - Elite Crossbow Set|The Witcher 3: Wild Hunt - New Quest 'Fool's Gold'|The Witcher 3: Wild Hunt - 'Ballad Heroes' Neutral Gwent Card Set|The Witcher 3: Wild Hunt - New Quest: 'Scavenger Hunt: Wolf School Gear'|The Witcher 3: Wild Hunt - Alternative Look for Triss|The Witcher 3: Wild Hunt - New Quest 'Contract: Skellige's Most Wanted'|The Witcher 3: Wild Hunt - Skellige Armor Set|The Witcher 3: Wild Hunt - Alternative Look for Ciri|The Witcher 3: Wild Hunt - New Quest 'Where the Cat and Wolf Play...'|The Witcher 3: Wild Hunt - New Finisher Animations|The Witcher 3: Wild Hunt - NEW GAME +|The Witcher 3: Wild Hunt - Blood and Wine","Open World|RPG|Story Rich|Atmospheric|Mature|Fantasy|Adventure|Singleplayer|Nudity|Choices Matter|Great Soundtrack|Third Person|Medieval|Action|Multiple Endings|Action RPG|Dark Fantasy|Magic|Dark|Sandbox","RPG","English|French|Italian|German|Spanish - Spain|Arabic|Czech|Hungarian|Japanese|Korean|Polish|Portuguese - Brazil|Russian|Traditional Chinese|Turkish|Simplified Chinese|Spanish - Latin America","https://store.steampowered.com/app/292030/","https://store.steampowered.com/developer/CDPR","https://store.steampowered.com/publisher/CDPR","20,000,000 .. 50,000,000",11.6666666666667,FALSE
3920610,"FATAL FRAME II: Crimson Butterfly REMAKE","11 Mar, 2026","KOEI TECMO GAMES CO., LTD.","KOEI TECMO GAMES CO., LTD.",NA,NA,"Very Positive","",49.99,NA,NA,51,9,2,"False","False","False","Together, always.","FATAL FRAME II: Crimson Butterfly REMAKE Digital Deluxe Upgrade|FATAL FRAME II: Crimson Butterfly REMAKE x SILENT HILL f Costume Set","Action|Adventure|Female Protagonist|Horror|Survival Horror|Supernatural|Action-Adventure|RPG|Third Person|3D|Lore-Rich|Thriller|Singleplayer|Story Rich|Violent|Gore|3D Platformer|Faith|Psychological Horror|Sexual Content","Action|Adventure","English|French|Italian|German|Spanish - Spain|Simplified Chinese|Traditional Chinese|Japanese|Korean","https://store.steampowered.com/app/3920610/","https://store.steampowered.com/developer/KOEITECMO","https://store.steampowered.com/publisher/KOEITECMO","0 .. 20,000",6.66666666666667,FALSE
1671210,"DELTARUNE","4 Jun, 2025","tobyfox","tobyfox",NA,NA,"Overwhelmingly Positive","Very Positive",23.99,NA,NA,0,2,0,"True","False","False","Dive into the parallel story to UNDERTALE! Fight or spare your way through action-packed battles as you explore a mysterious world alongside an endearing cast of new and familiar characters. Chapters 1-4 will be available on launch, with more planned as free updates!","","Story Rich|Great Soundtrack|Pixel Graphics|Funny|RPG|Singleplayer|Bullet Hell|Emotional|2D|Comedy|Fantasy|Soundtrack|Music|Mystery|Action RPG|Dark|Episodic|Retro|JRPG|Surreal","Indie|RPG","English|Japanese","https://store.steampowered.com/app/1671210/","https://store.steampowered.com/developer/tobyfox","https://store.steampowered.com/publisher/tobyfox","1,000,000 .. 2,000,000",0.5,TRUE
1146960,"Frostpunk: The Last Autumn","21 Jan, 2020","11 bit studios","11 bit studios",NA,NA,"Mostly Positive","",16.99,1.69,90,0,12,0,"False","True","False","","","Strategy|Simulation|Survival|City Builder|Steampunk","Simulation|Strategy","English|French|German|Spanish - Spain|Polish|Russian|Simplified Chinese|Portuguese - Brazil|Turkish|Italian|Japanese|Korean","https://store.steampowered.com/app/1146960/","https://store.steampowered.com/developer/11bitstudios","https://store.steampowered.com/publisher/11bitstudios","0 .. 20,000",6.66666666666667,FALSE
2781620,"Risk of Rain 2: Alloyed Collective","18 Nov, 2025","Gearbox Software","2K Games",NA,40,"Very Positive","Mixed",14.99,NA,NA,0,11,0,"False","True","False","","","Third-Person Shooter|Action Roguelike|Multiplayer|Co-op|Action|Roguelite|Roguelike|Looter Shooter|Loot|Online Co-Op|Shooter|Great Soundtrack|Difficult|Indie|Third Person|Survival|Singleplayer|Soundtrack|Early Access|Bullet Hell","Action|Indie","English|French|Italian|German|Spanish - Spain|Japanese|Korean|Portuguese - Brazil|Russian|Simplified Chinese|Turkish","https://store.steampowered.com/app/2781620/","https://store.steampowered.com/developer/2K","","0 .. 20,000",6.66666666666667,TRUE
1863430,"Dragonkin: The Banished","16 Mar, 2026","Eko Software","Nacon",NA,NA,"Mostly Positive","",24.99,NA,NA,44,11,5,"False","False","False","The draconic threat is once again upon us. Legendary heroes rise up to face the legions from the depths. Tame your wyrmlings, create unique power builds with the Ancestral Grid, expand your city and destroy the Dragons!","Dragonkin: The Banished - Lord Pack|Dragonkin: The Banished - Founder Pack 4|Dragonkin: The Banished - Founder Pack 3|Dragonkin: The Banished - Founder Pack 2|Dragonkin: The Banished - Founder Pack 1","Action|Hack and Slash|Action RPG|Adventure|Loot|RPG|Isometric|Dungeon Crawler|Fantasy|Top-Down|Dragons|Indie|Singleplayer|Dark Fantasy|Early Access|Co-op","Action","English|French|Italian|German|Spanish - Spain|Japanese|Korean|Polish|Portuguese - Brazil|Russian|Simplified Chinese","https://store.steampowered.com/app/1863430/","","https://store.steampowered.com/publisher/Nacon","20,000 .. 50,000",17.5,FALSE
812140,"Assassin's Creed® Odyssey","5 Oct, 2018","Ubisoft Quebec","Ubisoft",NA,NA,"Very Positive","Very Positive",59.99,NA,NA,93,15,3,"False","False","False","In this action-adventure game, set sail for Ancient Greece to alter its fate. Fight in visceral battles on land and sea, shape your destiny from outcast to legend, and uncover secrets of your past.","Assassin's Creed® Odyssey - Season Pass|Assassin’s CreedⓇ Odyssey – Legacy of the First Blade|Assassin’s CreedⓇ Odyssey - The Fate of Atlantis","Open World|RPG|Singleplayer|Historical|Action|Assassin|Third Person|Adventure|Mythology|Stealth|Multiple Endings|Story Rich|Female Protagonist|Parkour|Choices Matter|Exploration|Action RPG|Action-Adventure|Multiplayer|Choose Your Own Adventure","Action|Adventure|RPG","English|French|Italian|German|Spanish - Spain|Arabic|Czech|Dutch|Japanese|Korean|Polish|Portuguese - Brazil|Russian|Simplified Chinese|Traditional Chinese","https://store.steampowered.com/app/812140/","https://store.steampowered.com/developer/ubisoft","https://store.steampowered.com/publisher/ubisoft","5,000,000 .. 10,000,000",2.5,FALSE
2827200,"MIMESIS","27 Oct, 2025","ReLU Games, Inc.","ReLU Games, Inc.",NA,539,"Very Positive","Very Positive",9.75,NA,NA,0,17,0,"False","False","False","4 Player co-op survival horror game. When the cursed rain falls, 'Mimesis' appear, perfectly imitating your teammates, bringing a new level of tension you've never experienced before.","","Early Access|Online Co-Op|Horror|Funny|Psychological Horror|Survival Horror|PvE|Action|Exploration|First-Person|Action-Adventure|Casual|Procedural Generation|Time Management|Sci-fi|Supernatural|Atmospheric|Dungeon Crawler|Indie|PvP","Action|Adventure|Casual|Indie|Early Access","English|Simplified Chinese|Korean|Traditional Chinese|Japanese|French|Italian|German|Spanish - Spain|Portuguese - Brazil|Russian|Thai|Ukrainian|Vietnamese|Polish|Turkish|Arabic","https://store.steampowered.com/app/2827200/","https://store.steampowered.com/developer/relugames","https://store.steampowered.com/publisher/relugames","0 .. 20,000",6.66666666666667,TRUE
2455360,"Cooking Simulator 2: Better Together","31 Mar, 2026","Big Cheese Studio","Big Cheese Studio",502,NA,"Mixed","",24.99,21.24,15,28,13,0,"False","False","False","Cooking Simulator is back – bigger, better, and with multiplayer! Create your own recipes and take advantage of new and improved controls to become the best restaurant cook in the city! Or just have fun and enjoy cooking at your own pace. You’re the chef here!","","Character Customization|Sandbox|First-Person|Cooking|Co-op|Simulation|Casual|Singleplayer|Destruction|Replay Value|Colorful|Family Friendly|Multiplayer|Immersive Sim|RPG|Relaxing|Wholesome|Physics|Funny|Arcade","Casual|Indie|RPG|Simulation","English|French|Italian|German|Simplified Chinese|Japanese|Korean|Polish|Russian|Turkish|Ukrainian|Spanish - Latin America|Portuguese - Brazil","https://store.steampowered.com/app/2455360/","https://store.steampowered.com/developer/bigcheesestudio","https://store.steampowered.com/publisher/bigcheesestudio","0 .. 20,000",6.66666666666667,TRUE
1826140,"RimWorld - Biotech","21 Oct, 2022","Ludeon Studios","Ludeon Studios",NA,14,"Very Positive","Very Positive",23.49,NA,NA,0,11,0,"False","True","False","","","Colony Sim|Base Building|Survival|Strategy|Simulation|Singleplayer|Management|Sci-fi|Moddable|Sandbox|Story Rich|Replay Value|Indie|Procedural Generation|Tactical RPG|Open World|2D|City Builder|Building|Atmospheric","Indie|Simulation|Strategy","English|German|Spanish - Latin America|Japanese|Korean|Traditional Chinese|Simplified Chinese|French|Spanish - Spain|Russian|Portuguese - Brazil","https://store.steampowered.com/app/1826140/","https://store.steampowered.com/developer/Ludeon","https://store.steampowered.com/publisher/Ludeon","0 .. 20,000",6.66666666666667,TRUE
22380,"Fallout: New Vegas","21 Oct, 2010","Obsidian Entertainment","Bethesda Softworks",NA,NA,"Overwhelmingly Positive","Very Positive",9.99,NA,NA,75,5,6,"True","False","False","Welcome to Vegas. New Vegas. Enjoy your stay!","Fallout New Vegas®: Gun Runners’ Arsenal™|Fallout New Vegas®: Lonesome Road™|Fallout New Vegas: Old World Blues|Fallout New Vegas: Honest Hearts|Fallout New Vegas: Dead Money|Fallout New Vegas: Courier's Stash","Open World|RPG|Post-apocalyptic|Singleplayer|Moddable|Story Rich|Exploration|First-Person|Action|Adventure|FPS|Sci-fi|Western|Atmospheric|Action RPG|Character Customization|Survival|Sandbox|Shooter|Third Person","Action|RPG","English|French|German|Italian|Spanish - Spain","https://store.steampowered.com/app/22380/","https://store.steampowered.com/developer/obsidian","https://store.steampowered.com/publisher/bethesda","5,000,000 .. 10,000,000",2.5,FALSE
3551340,"Football Manager 26","4 Nov, 2025","Sports Interactive","SEGA",NA,834,"Mostly Negative","Mixed",59.99,NA,NA,44,19,1,"False","False","False","Step into the dugout and experience the future of football management.","Football Manager 26 In-Game Editor","Sports|Simulation|Strategy|Football (Soccer)|Management|Multiplayer|Singleplayer","Simulation|Sports|Strategy","English|French|Italian|German|Spanish - Spain|Danish|Dutch|Greek|Japanese|Korean|Norwegian|Polish|Portuguese - Portugal|Russian|Simplified Chinese|Spanish - Latin America|Swedish|Turkish|Arabic","https://store.steampowered.com/app/3551340/","","https://store.steampowered.com/publisher/Sega","0 .. 20,000",6.66666666666667,FALSE
457140,"Oxygen Not Included","30 Jul, 2019","Klei Entertainment","Klei Entertainment",NA,816,"Overwhelmingly Positive","Overwhelmingly Positive",22.99,NA,NA,50,4,5,"True","False","False","Oxygen Not Included is a space-colony simulation game. Deep inside an alien space rock your industrious crew will need to master science, overcome strange new lifeforms, and harness incredible space tech to survive, and possibly, thrive.","Oxygen Not Included: Neutronium Cosmetics Pack|Oxygen Not Included - Spaced Out!|Oxygen Not Included: The Frosty Planet Pack|Oxygen Not Included: The Bionic Booster Pack|Oxygen Not Included: The Prehistoric Planet Pack","Colony Sim|Base Building|Survival|Resource Management|Building|Singleplayer|Management|2D|Sandbox|Simulation|Strategy|Space|Indie|Sci-fi|Difficult|Exploration|Open World|Multiplayer|Adventure|Space Sim","Indie|Simulation","English|Simplified Chinese|Korean|Russian","https://store.steampowered.com/app/457140/","https://store.steampowered.com/developer/klei","https://store.steampowered.com/publisher/klei","2,000,000 .. 5,000,000",1.16666666666667,TRUE
391540,"Undertale","15 Sep, 2015","tobyfox","tobyfox",NA,NA,"Overwhelmingly Positive","Very Positive",9.99,NA,NA,0,2,0,"True","False","False","UNDERTALE! The RPG game where you don't have to destroy anyone.","","Great Soundtrack|Story Rich|Choices Matter|Multiple Endings|Pixel Graphics|Funny|RPG|Singleplayer|Indie|2D|Comedy|Replay Value|Bullet Hell|Cute|Memes|Retro|Dark|Psychological Horror|Dating Sim|Horror","Indie|RPG","English|Japanese","https://store.steampowered.com/app/391540/","https://store.steampowered.com/developer/tobyfox","https://store.steampowered.com/publisher/tobyfox","5,000,000 .. 10,000,000",2.5,TRUE
1622100,"Outer Wilds - Echoes of the Eye","28 Sep, 2021","Mobius Digital","Annapurna Interactive",NA,51,"Very Positive","Very Positive",13.99,8.39,40,0,13,0,"False","True","False","","","Adventure|Action|Horror|Mystery|Exploration|Space|Atmospheric|Story Rich|Puzzle|Great Soundtrack|First-Person|Singleplayer|Sci-fi|Stealth|Psychological Horror|Indie|Open World|Beautiful","Action|Adventure","English|French|Italian|German|Japanese|Korean|Polish|Portuguese - Brazil|Russian|Simplified Chinese|Spanish - Latin America|Spanish - Spain|Turkish","https://store.steampowered.com/app/1622100/","","https://store.steampowered.com/publisher/annapurnainteractive","0 .. 20,000",6.66666666666667,FALSE
335300,"DARK SOULS™ II: Scholar of the First Sin","1 Apr, 2015","FromSoftware, Inc.","Bandai Namco Entertainment",NA,687,"Very Positive","Very Positive",39.99,NA,NA,38,10,0,"False","False","False","DARK SOULS™ II: Scholar of the First Sin brings the franchise’s renowned obscurity & gripping gameplay to a new level. Join the dark journey and experience overwhelming enemy encounters, diabolical hazards, and unrelenting challenge.","","Souls-like|Dark Fantasy|RPG|Difficult|Action|Third Person|Atmospheric|Action RPG|Character Customization|Co-op|Multiplayer|Fantasy|Adventure|Medieval|Dark|Singleplayer|Lore-Rich|Story Rich|PvP|Remake","Action|RPG","English|French|Italian|German|Spanish - Spain|Polish|Portuguese - Brazil|Russian|Korean|Traditional Chinese","https://store.steampowered.com/app/335300/","https://store.steampowered.com/curator/45188208","https://store.steampowered.com/publisher/BANDAINAMCO","2,000,000 .. 5,000,000",1.16666666666667,FALSE
3017860,"DOOM: The Dark Ages","14 May, 2025","id Software","Bethesda Softworks",NA,NA,"Very Positive","Very Positive",79.99,NA,NA,28,15,1,"False","False","False","DOOM: The Dark Ages is the prequel to the critically acclaimed DOOM (2016) and DOOM Eternal that tells an epic cinematic story worthy of the DOOM Slayer’s legend. Players will step into the blood-stained boots of the DOOM Slayer, in this never-before-seen dark and sinister medieval war against Hell.","DOOM: The Dark Ages - Premium Upgrade","Action|FPS|Demons|Dark Fantasy|Singleplayer|Gore|Sci-fi|Cinematic|First-Person|Shooter|Story Rich|Atmospheric|Lore-Rich|Mature|Dragons|Blood|Mechs|Adventure|Fast-Paced|Boomer Shooter","Action","English|French|Italian|German|Spanish - Spain|Arabic|Korean|Polish|Portuguese - Brazil|Russian|Simplified Chinese|Spanish - Latin America|Traditional Chinese|Japanese|Turkish","https://store.steampowered.com/app/3017860/","","https://store.steampowered.com/publisher/bethesda","500,000 .. 1,000,000",100.2,FALSE
4318580,"Dead by Daylight: Stranger Things Chapter 2","27 Jan, 2026","Behaviour Interactive Inc.","",751,NA,"Mixed","",11.99,NA,NA,0,15,0,"False","True","False","","","Horror|Multiplayer|Survival Horror|Online Co-Op|Co-op|Survival|Gore|Team-Based|Blood|Violent|Third Person|Stealth|First-Person|Psychological Horror|Action|Atmospheric|Strategy|Comedy|Mature|Difficult","Action","English|French|Italian|German|Spanish - Spain|Russian|Simplified Chinese|Portuguese - Brazil|Thai|Traditional Chinese|Japanese|Korean|Polish|Spanish - Latin America|Turkish","https://store.steampowered.com/app/4318580/","https://store.steampowered.com/developer/behaviourinteractive","","0 .. 20,000",6.66666666666667,FALSE
1627720,"Lies of P","18 Sep, 2023","NEOWIZ","NEOWIZ",NA,894,"Very Positive","Very Positive",59.99,NA,NA,53,12,2,"True","False","False","Lies of P is a thrilling soulslike that takes the story of Pinocchio, turns it on its head, and sets it against the darkly elegant backdrop of the Belle Epoque era.","Lies of P: Overture|Lies of P: Prince of Krat Cosmetics Pack","Souls-like|Dark Fantasy|Action|Singleplayer|Action RPG|Story Rich|Third Person|Exploration|Steampunk|Dark|Adventure|Atmospheric|3D|Difficult|RPG|Choices Matter|Multiple Endings|Gothic|Violent|Replay Value","Action|Adventure|RPG","English|French|German|Spanish - Spain|Russian|Japanese|Simplified Chinese|Traditional Chinese|Portuguese - Brazil|Polish|Korean|Italian","https://store.steampowered.com/app/1627720/","https://store.steampowered.com/developer/NEOWIZ","https://store.steampowered.com/publisher/NEOWIZ","1,000,000 .. 2,000,000",0.5,FALSE
3167020,"Escape From Duckov","16 Oct, 2025","Team Soda","bilibili",NA,790,"Very Positive","Very Positive",17.99,NA,NA,55,10,0,"True","False","False","Escape from Duckov is a PVE indie survival RPG — in a duck's world!. Scavenge for resources, build your hideout, and upgrade your gear in the world of Duckov. Start from nothing and rise to the top. Outwit hostile ducks, survive, or make it out alive.","","Adventure|Action|Extraction Shooter|Top-Down Shooter|Looter Shooter|Shooter|Third-Person Shooter|Exploration|Survival|Cute|Base Building|Top-Down|Cartoon|Gun Customization|Funny|Action-Adventure|RPG|Roguelite|Action Roguelike|Indie","Action|Adventure|Indie|RPG","English|Simplified Chinese|Traditional Chinese|Japanese|German|Russian|Spanish - Latin America|Korean|French|Portuguese - Brazil","https://store.steampowered.com/app/3167020/","","","0 .. 20,000",6.66666666666667,TRUE
3897800,"Poker Night at the Inventory","5 Mar, 2026","Skunkape Games","Skunkape Games",NA,NA,"Overwhelmingly Positive","Overwhelmingly Positive",10.25,NA,NA,20,1,0,"False","False","False","Seven years after the Inventory closed its doors, this underground social club has reopened for business. Play No Limit Texas Hold’em with four video game icons in a high-stakes battle of cards, bets, and trash talk.","","Casual|Card Game|Funny|Gambling|Comedy|Cartoon|3D|Singleplayer|Cartoony|Conversation|Comic Book|Indie|Controller|Cult Classic|Psychological Horror|Remake","Casual","English","https://store.steampowered.com/app/3897800/","https://store.steampowered.com/developer/skunkapegames","https://store.steampowered.com/publisher/skunkapegames","0 .. 20,000",6.66666666666667,FALSE
502500,"ACE COMBAT™ 7: SKIES UNKNOWN","31 Jan, 2019","Bandai Namco Studios Inc.","Bandai Namco Entertainment",NA,431,"Very Positive","Very Positive",59.99,9.59,84,49,13,21,"False","False","False","Become an ace pilot and soar through photorealistic skies with full 360 degree movement; down enemy aircraft and experience the thrill of engaging in realistic sorties! Aerial combat has never looked or felt better!","ACE COMBAT™7: SKIES UNKNOWN - TOP GUN: Maverick Aircraft Set -|ACE COMBAT™7: SKIES UNKNOWN - 25th Anniversary DLC -  Experimental Aircraft Series Set|ACE COMBAT™7: SKIES UNKNOWN - F-16XL Set|ACE COMBAT™7: SKIES UNKNOWN - F-15 S/MTD Set|ACE COMBAT™7: SKIES UNKNOWN - FB-22 Strike Raptor Set|ACE COMBAT™7: SKIES UNKNOWN 25th Anniversary DLC - Original Aircraft Series – Set|ACE COMBAT™7: SKIES UNKNOWN – ASF-X Shinden II Set|ACE COMBAT™7: SKIES UNKNOWN – XFA-27 Set|ACE COMBAT™7: SKIES UNKNOWN – CFA-44 Nosferatu Set|ACE COMBAT™7: SKIES UNKNOWN - Season Pass|ACE COMBAT™7: SKIES UNKNOWN - Ten Million Relief Plan|ACE COMBAT™7: SKIES UNKNOWN - Anchorhead Raid|ACE COMBAT™7: SKIES UNKNOWN - Unexpected Visitor|ACE COMBAT™7: SKIES UNKNOWN - ADFX-01 Morgan Set|ACE COMBAT™7: SKIES UNKNOWN - ADF-01 FALKEN Set|ACE COMBAT™7: SKIES UNKNOWN - ADF-11F Raven Set|ACE COMBAT™7: SKIES UNKNOWN - F-4E Phantom II + 3 Skins|ACE COMBAT™7: SKIES UNKNOWN 25th Anniversary DLC - Cutting-Edge Aircraft Series Set|ACE COMBAT™7: SKIES UNKNOWN - F/A-18F Super Hornet Block III Set|ACE COMBAT™7: SKIES UNKNOWN - F-2A -Super Kai- Set|ACE COMBAT™7: SKIES UNKNOWN - MiG-35D Super Fulcrum Set","Flight|Jet|Military|War|Arcade|Shooter|Cinematic|3D|PvP|Multiplayer|Action|Simulation|First-Person|Story Rich|Third Person|Great Soundtrack|Singleplayer|Silent Protagonist|Sci-fi|Realistic","Action|Simulation","English|French|Italian|German|Spanish - Spain|Japanese|Polish|Portuguese - Brazil|Russian|Korean|Traditional Chinese|Spanish - Latin America|Simplified Chinese","https://store.steampowered.com/app/502500/","https://store.steampowered.com/developer/BANDAINAMCO","https://store.steampowered.com/publisher/BANDAINAMCO","2,000,000 .. 5,000,000",1.16666666666667,FALSE
3501070,"Car Service Together","4 Feb, 2026","V12 Studio","V12 Studio",NA,612,"Very Positive","Very Positive",19.5,NA,NA,0,16,0,"False","False","False","Car Service Together is a 1-4 co-op & single player simulation game where you and/or with your friends start from scratch and build your way up. Work together to successfully run your own service center. Team up, manage your business, and create the ultimate car service !","","Early Access|Automobile Sim|Sandbox|Driving|Building|Simulation|3D|Casual|Racing|Realistic|Co-op|Family Friendly|FPS|Automation|Multiplayer|Management|Online Co-Op|Relaxing|Physics|Resource Management","Indie|Racing|Simulation|Early Access","English|French|Italian|German|Spanish - Spain|Dutch|Polish|Portuguese - Brazil|Portuguese - Portugal|Russian|Spanish - Latin America|Turkish|Japanese|Korean|Simplified Chinese|Traditional Chinese","https://store.steampowered.com/app/3501070/","https://store.steampowered.com/developer/V12Studio","https://store.steampowered.com/publisher/V12Studio","0 .. 20,000",6.66666666666667,TRUE
311690,"Enter the Gungeon","5 Apr, 2016","Dodge Roll","Devolver Digital",NA,305,"Overwhelmingly Positive","Very Positive",14.79,2.95,80,54,11,0,"False","False","False","Enter the Gungeon is a bullet hell dungeon crawler following a band of misfits seeking to shoot, loot, dodge roll and table-flip their way to personal absolution by reaching the legendary Gungeon’s ultimate treasure: the gun that can kill the past.","","Bullet Hell|Action Roguelike|Roguelike|Pixel Graphics|Difficult|Dungeon Crawler|Indie|Local Co-Op|Multiplayer|Twin Stick Shooter|Co-op|Action|2D|Top-Down|Shooter|Singleplayer|Loot|Roguelite|Cute|Funny","Action|Adventure|Indie","English|French|Italian|German|Spanish - Spain|Japanese|Korean|Polish|Portuguese - Brazil|Russian|Simplified Chinese","https://store.steampowered.com/app/311690/","https://store.steampowered.com/developer/dodgeroll","https://store.steampowered.com/publisher/DevolverDigital","2,000,000 .. 5,000,000",1.16666666666667,TRUE
2677660,"Indiana Jones and the Great Circle","8 Dec, 2024","MachineGames","Bethesda Softworks",NA,141,"Very Positive","Very Positive",69.99,NA,NA,55,14,1,"False","False","False","Uncover one of history’s greatest mysteries in a first-person, single-player adventure. The year is 1937, sinister forces are scouring the globe for the secret to an ancient power connected to the Great Circle, and only one person can stop them - Indiana Jones™.","Indiana Jones and the Great Circle™: The Order of Giants","Action-Adventure|First-Person|Story Rich|Puzzle|Singleplayer|Adventure|Exploration|Historical|Stealth|Open World|Action|World War II|Investigation|3D Platformer|Realistic|3D|Platformer|Immersive Sim|Political|Politics","Action|Adventure","English|French|Italian|German|Spanish - Spain|Arabic|Japanese|Korean|Polish|Portuguese - Brazil|Russian|Simplified Chinese|Spanish - Latin America|Traditional Chinese","https://store.steampowered.com/app/2677660/","https://store.steampowered.com/developer/bethesda","https://store.steampowered.com/publisher/bethesda","200,000 .. 500,000",175,FALSE
3054690,"NORSE: Oath of Blood","17 Feb, 2026","Arctic Hazard","Tripwire Presents",NA,227,"Mixed","Mixed",33.99,27.19,20,20,11,1,"False","False","False","A Turn-Based Tactics game set in Viking-Age Norway. Build a settlement, forge alliances, and fight strategic battles. Manage a community of craftspeople, farmers, and warriors, as you grow strong on your path to vengeance in this story-rich saga.","NORSE: Oath of Blood - Special Edition DLC","Turn-Based Tactics|Turn-Based Strategy|Character Customization|Tactical RPG|Turn-Based Combat|RPG|Atmospheric|Strategy|Top-Down|Historical|Lore-Rich|Swordplay|3D|Story Rich|Base Building|Realistic|Tactical|Class-Based|Loot|Mythology","RPG|Strategy","English|French|German|Spanish - Spain|Japanese|Korean|Portuguese - Brazil|Russian|Simplified Chinese|Traditional Chinese|Norwegian","https://store.steampowered.com/app/3054690/","","https://store.steampowered.com/publisher/Tripwire","0 .. 20,000",6.66666666666667,FALSE
107410,"Arma 3","12 Sep, 2013","Bohemia Interactive","Bohemia Interactive",NA,NA,"Very Positive","Very Positive",29.99,NA,NA,123,14,19,"True","False","False","Experience true combat gameplay in a massive military sandbox. Deploy with a wide variety of single- and multiplayer content, a massive arsenal of modern weapons and vehicles, and limitless opportunities for content creation. Authentic, diverse, open - Arma 3 sends you to war.","Arma 3 Creator DLC: Expeditionary Forces|Arma 3 Creator DLC: Reaction Forces|Arma 3 Apex|Arma 3 Contact|Arma 3 Jets|Arma 3 Helicopters|Arma 3 Karts|Arma 3 Marksmen|Arma 3 Laws of War|Arma 3 Malden|Arma 3 Zeus|Arma 3 Tac-Ops Mission Pack|Arma 3 Tanks|Arma 3 Creator DLC: Global Mobilization - Cold War Germany|Arma 3 Creator DLC: S.O.G. Prairie Fire|Arma 3 Creator DLC: CSLA Iron Curtain|Arma 3 Creator DLC: Spearhead 1944|Arma 3 Creator DLC: Western Sahara|Arma 3 Art of War Charity Pack","Military|Action|Multiplayer|Shooter|Simulation|Realistic|First-Person|Open World|Tactical|FPS|War|Co-op|Sandbox|Strategy|Singleplayer|Moddable|Combat|Online Co-Op|Team-Based|Third-Person Shooter","Action|Simulation|Strategy","English|French|Italian|German|Spanish - Spain|Czech|Polish|Portuguese - Brazil|Russian|Japanese|Korean|Simplified Chinese|Traditional Chinese|Turkish","https://store.steampowered.com/app/107410/","https://store.steampowered.com/developer/BohemiaInteractive","https://store.steampowered.com/publisher/BohemiaInteractive","10,000,000 .. 20,000,000",5,FALSE
1948280,"Stacklands","8 Apr, 2022","Sokpop Collective","Sokpop Collective",NA,225,"Overwhelmingly Positive","Very Positive",7.99,3.99,50,36,12,2,"False","False","False","Stacklands is a village builder where you stack cards to collect food, build structures, and fight creatures. 🃏 For example, dragging a Villager card on top of a Berry Bush card will spawn Berry cards which the villagers can eat to survive. 🃏 Play your cards right and expand your village!","Stacklands: Cursed Worlds|Stacklands 2000","Card Game|Management|Survival|Card Battler|Roguelite|City Builder|Strategy|Building|Solitaire|Singleplayer|2D|Tabletop|Deckbuilding|Cute|Simulation|Indie|Hand-drawn|Colorful|Casual|Fantasy","Casual|Indie|Simulation","English|French|Italian|German|Spanish - Spain|Dutch|Japanese|Korean|Polish|Portuguese - Brazil|Simplified Chinese|Traditional Chinese","https://store.steampowered.com/app/1948280/","https://store.steampowered.com/developer/sokpop","https://store.steampowered.com/publisher/sokpop","500,000 .. 1,000,000",100.2,TRUE
285900,"Gang Beasts","12 Dec, 2017","Boneloaf","Boneloaf",NA,639,"Very Positive","Very Positive",18.99,NA,NA,19,10,0,"True","False","False","Gang Beasts is a silly multiplayer party game with surly gelatinous characters, brutal slapstick fight sequences, and absurd hazardous environments, set in the mean streets of Beef City.","","Funny|Physics|Multiplayer|Colorful|Party Game|Local Multiplayer|Party|Fighting|Comedy|3D Fighter|Casual|Soundtrack|4 Player Local|Co-op|Family Friendly|Beat 'em up|Memes|Third Person|Singleplayer|Indie","Action|Adventure|Casual|Indie|Simulation","English|French|Italian|German|Spanish - Spain|Portuguese - Brazil|Japanese|Korean|Simplified Chinese|Traditional Chinese","https://store.steampowered.com/app/285900/","https://store.steampowered.com/developer/boneloaf","https://store.steampowered.com/publisher/boneloaf","2,000,000 .. 5,000,000",1.16666666666667,TRUE
252530,"OMSI 2: Steam Edition","11 Dec, 2013","MR-Software GbR","Aerosoft GmbH",NA,100,"Very Positive","Very Positive",29.99,NA,NA,0,3,120,"False","False","False","Off to the next round! Experience a new omnibus simulator with OMSI 2 and start discovering Spandau while driving the omnibus. OMSI 2 is the successor of the well-known and awarded omnibus simulator ""OMSI - The Bus Simulator"".","OMSI 2 Add-on IVECO Bus Family Crealis Natural Power|OMSI 2 Add-On Lancsbus Omnidecker|OMSI 2 Add-on Downloadpack Vol. 14 - AI Trucks|OMSI 2 Add-on City & Regionbus 200 Series|OMSI 2 Add-on IVECO Bus Family Urbanway Natural Power|OMSI 2 Add-on Zurich Tram Line 11|OMSI 2 Add-on Downloadpack Vol. 13 - AI Cars|OMSI 2 Add-on Citybus o530|OMSI 2 Add-on MAN Standardbus II|OMSI 2 Add-On S41X LE Business Series|OMSI 2 Add-on Heuliez Bus Pack GX x37 Electric Edition|OMSI 2 Add-on Agora Bus Family Citybus Vol. 2|OMSI 2 Add-on MAN Interurban Lion's Intercity LE|OMSI 2 Add-on Hohenkirchen|OMSI 2 Add-on Agora Bus Family Citybus Vol. 1|OMSI 2 Add-on Irisbus Family Interurban Evadys|OMSI 2 Add-On MAN SL200|OMSI 2 Add-on C2 Family Vol. 1 City Buses|OMSI 2 Tools - Power Toolkit|OMSI 2 Add-on LIKINO-677|OMSI 2 Add-on Berlin Line 300|OMSI 2 Add-on Heuliez Bus Pack GX x37 Diesel Edition|OMSI 2 Add-on Digibus Mirage|OMSI 2 Add-on IVECO Bus-Familie Überland Evadys|OMSI 2 Add-on Coach O560 Series|OMSI 2 Tools - AUXI Expansion|OMSI 2 Add-on Coachbus 303-Series|OMSI 2 Add-on Citybus S31X|OMSI 2 Add-on IVECO BUS Family Low Entry Buses|OMSI 2 Add-on Masterbus Veiling Pack|OMSI 2 Add-on S41x Family|OMSI 2 Add-on Hamburg Linie 20|OMSI 2 Add-on Irisbus Family Citybus Pack|OMSI 2 Add-On Citybus M301|OMSI 2 Add-On Beijing|OMSI 2 Add-on IVECO Bus Family Urbanway|OMSI 2 Add-On Coachbus 250Next|OMSI 2 Add-on IVECO Bus Family Interurban Generation|OMSI 2 Add-on Enhanced Environment Pack|OMSI 2 Add-On Velbert|OMSI 2 Add-on Yorkshire Counties|OMSI 2 Add-On Heuliez Bus-Pack Generation X17|OMSI 2 Add-on MAN Stadtbus New Lion's City|OMSI 2 Add-on Düsseldorf - Linie 721|OMSI 2 Add-On London|OMSI 2 Add-on Downloadpack Vol. 12 - AI People - Asia Edition|OMSI 2 Add-on Grand Paris-Moulon|OMSI 2 Add-on Irisbus Family Low Entry Bus|OMSI 2 Add-on Saint-Servan|OMSI 2 Add-on OmniNavigation|OMSI 2 Add-on Leitstellen-Simulator|OMSI 2 Add-on Citybus 628c & 628g LF|OMSI 2 Add-on Coachbus 256|OMSI 2 Add-On Berlin BRT|OMSI 2 Add-on Düsseldorf M2|OMSI 2 Add-On E-Bus Hamburg|OMSI 2 Add-on Bad Hügelsdorf 2020|OMSI 2 Add-On Studio Polygon 400 MMC Pack|OMSI 2 Add-On Düsseldorf|OMSI 2 Add-on Irisbus Intercity Pack|OMSI 2 Add-On Regiobus i200|OMSI 2 Add-On MAN DN95|OMSI 2 Add-On Köln|OMSI 2 Add-On Studio Polygon Lite Pack|OMSI 2 Add-On München City|OMSI 2 Add-on Heuliez Bus-Pack Access Bus GX327|OMSI 2 Add-On Wuppertal Buslinie 639|OMSI 2 Add-On Wuppertal|OMSI 2 Add-on Citybus i260 Series|OMSI 2 Add-On Urbino Stadtbusfamilie|OMSI 2 Add-On Masterbus Gen 3 Pack|OMSI 2 Add-on Hamburger Buspaket|OMSI 2 Add-On Luzern - Linie 24|OMSI 2 Add-on Bremen-Nord|OMSI 2 Add-On Digibus Phantom|OMSI 2 Add-On HafenCity - Hamburg modern|OMSI 2 Add-on Busbetrieb-Simulator|OMSI 2 Add-on Downloadpack Vol. 11 - AI Electric Cars|OMSI 2 Add-on Downloadpack Vol. 10 - AI Coaches|OMSI 2 Add-on Downloadpack Vol. 9 - AI Luxury Cars|OMSI 2 Add-on Downloadpack Vol. 8 - AI People|OMSI 2 Add-on Downloadpack Vol. 7 - AI Coaches|OMSI 2 Add-on Downloadpack Vol. 6 - AI People|OMSI 2 Add-on Downloadpack Vol. 5 - AI People|OMSI 2 Add-on Downloadpack Vol. 4 - AI Vehicles|OMSI 2 Add-on Downloadpack Vol. 3 - AI People|OMSI 2 Add-on Downloadpack Vol. 2 - AI Vehicles|OMSI 2 Add-On Metropole Ruhr|OMSI 2 Add-On Citybus i280 Series|OMSI 2 Add-On Mallorca|OMSI 2 Add-On MAN Citybus Series|OMSI 2 Add-on Rheinhausen|OMSI 2 Add-On Coachbus 250 [Remake]|OMSI 2 Add-On Aachen|OMSI 2 Add-on Strassenbahn NF6D Essen/Gelsenkirchen|OMSI 2 Add-On Citybus O405/O405G|OMSI 2 Add-On Citybus O305G|OMSI 2 Add-On Projekt Gladbeck|OMSI 2 Add-on Downloadpack Vol. 1 - AI Vehicles|OMSI 2 Add-on Vienna 2 - Line 23A|OMSI 2 Add-on Berlin X10|OMSI 2 Add-On Doppelgelenkbus AGG 300|OMSI 2 Add-on City Bus O305|OMSI 2 Add-on Vienna 1 - Line 24A|OMSI 2 Add-on Hamburg|OMSI 2 Add-on Vienna|OMSI 2 Add-on K-Bergbahn|OMSI 2 Add-on Express 91.06|OMSI 2 Add-on VanHool Generationen Reihe|OMSI 2 Add-on AI-Articulated Bus for Vienna|OMSI 2 Add-on München City - Demo|OMSI 2 Add-on Three Generations|OMSI 2 Add-On Thüringer Wald|OMSI 2 Add-on Chicago Downtown|OMSI 2 Add-On S400NF City Bus Series|OMSI 2 Add-On Berlin Linie 186|OMSI 2 Add-on Valiant Citybus Family|OMSI 2 Add-on Citybus O530 Facelift|OMSI 2 Add-on Downloadpack Vol. 15 - AI Vehicles|OMSI 2 Add-on Project Numazu","Automobile Sim|Simulation|Driving|Realistic|Singleplayer|Moddable|Multiplayer|Casual|First-Person|TrackIR|Open World|Relaxing|Replay Value|Family Friendly|Adventure|Physics|Atmospheric|Cult Classic|Management|Action","Casual|Simulation","English|German|French","https://store.steampowered.com/app/252530/","https://store.steampowered.com/developer/aerosoft","https://store.steampowered.com/publisher/aerosoft","1,000,000 .. 2,000,000",0.5,FALSE
3265230,"Cursed Companions","20 Nov, 2025","Crimson Forge Studios","Crimson Forge Studios",248,NA,"Very Positive","",8.79,NA,NA,146,5,0,"False","False","False","If we say the wrong words... WE DIE! This game kills you with your own voices! Online co-op where everyone gets a forbidden word, say it and you kill your friends. Explore spooky dungeons, cast spells and defeat monsters with your voices.","","Early Access|Funny|Online Co-Op|Comedy|Multiplayer|Exploration|Dungeon Crawler|First-Person|Voice Control|Fantasy|Procedural Generation|Psychological Horror|Team-Based|Horror|Action-Adventure|Social Deduction|Action|Action Roguelike|3D|Adventure","Action|Adventure|Indie|Early Access","English|Japanese|French|Simplified Chinese|Spanish - Latin America","https://store.steampowered.com/app/3265230/","","","0 .. 20,000",6.66666666666667,TRUE
881020,"Granblue Fantasy: Relink","31 Jan, 2024","Cygames, Inc.","Cygames, Inc.",NA,173,"Very Positive","Very Positive",39.99,NA,NA,54,10,27,"False","False","False","A grand adventure in the skies awaits! Form a party of four from a diverse roster of skyfarers and slash—or shoot or hex—your way to victory against treacherous foes in this action RPG. Take on quests solo or with the help of others in up to 4-player co-op play!","Granblue Fantasy: Relink - Endless Ragnarok Upgrade Kit (Standard Edition)|Granblue Fantasy: Relink - Endless Ragnarok Upgrade Kit (Special Edition)|Granblue Fantasy: Relink - Upgrade pack|Granblue Fantasy: Relink - Character Expansion Set: Sandalphon|Granblue Fantasy: Relink - Color Pack 5|Granblue Fantasy: Relink - Emote Expansion Set: Grab Bag|Granblue Fantasy: Relink - Self-Improvement Pack 3|Granblue Fantasy: Relink - Weapon Uncap Items Pack 3|Granblue Fantasy: Relink - Weapon Upgrade Items Pack 3|Granblue Fantasy: Relink - Sigil Upgrade Items Pack 3|Granblue Fantasy: Relink - Color Pack 4|Granblue Fantasy: Relink - Character Expansion Set: Seofon|Granblue Fantasy: Relink - Character Expansion Set: Tweyen|Granblue Fantasy: Relink - Emote Expansion Set: I Work Out|Granblue Fantasy: Relink - Self-Improvement Pack 2|Granblue Fantasy: Relink - Weapon Uncap Items Pack 2|Granblue Fantasy: Relink - Weapon Upgrade Items Pack 2|Granblue Fantasy: Relink - Sigil Upgrade Items Pack 2|Granblue Fantasy: Relink - Weapon Uncap Items Pack 1|Granblue Fantasy: Relink - Weapon Upgrade Items Pack 1|Granblue Fantasy: Relink - Sigil Upgrade Items Pack 1|Granblue Fantasy: Relink - Emote Expansion Set: Let's Chat|Granblue Fantasy: Relink - Self-Improvement Pack 1|Granblue Fantasy: Relink - Color Pack 1/2/3|Granblue Fantasy: Relink - Color Pack 1|Granblue Fantasy: Relink - Color Pack 2|Granblue Fantasy: Relink - Color Pack 3","Anime|Action RPG|JRPG|Online Co-Op|Action|Multiplayer|Fantasy|RPG|Female Protagonist|Singleplayer|Third Person|Hack and Slash|Spectacle fighter|3D|Magic|Controller|Swordplay|PvE|Dragons|Tutorial","Action|Adventure|RPG","English|Japanese|Italian|German|Spanish - Spain|Portuguese - Brazil|Simplified Chinese|Traditional Chinese|Korean|French","https://store.steampowered.com/app/881020/","https://store.steampowered.com/curator/43153491","https://store.steampowered.com/curator/43153491","2,000,000 .. 5,000,000",1.16666666666667,FALSE
2835570,"Buckshot Roulette","4 Apr, 2024","Mike Klubnika","CRITICAL REFLEX",NA,NA,"Overwhelmingly Positive","Very Positive",2.99,NA,NA,16,17,0,"False","False","False","Play Russian roulette with a 12-gauge shotgun. Four enter. One leaves. Roll the dice with your life. Good luck!","","Multiplayer|Dark|Gambling|Horror|First-Person|Strategy|Singleplayer|Indie|3D|Psychological|Puzzle|Psychological Horror|Blood|Experimental|Action|Roguelike|Simulation|Surreal|FPS|Roguelite","Action|Indie|Simulation","English|French|Italian|German|Spanish - Spain|Japanese|Korean|Polish|Portuguese - Brazil|Portuguese - Portugal|Russian|Simplified Chinese|Spanish - Latin America|Traditional Chinese|Turkish|Estonian|Ukrainian","https://store.steampowered.com/app/2835570/","https://store.steampowered.com/developer/mikeklubnika","https://store.steampowered.com/publisher/CRITICAL_REFLEX","2,000,000 .. 5,000,000",1.16666666666667,TRUE
205650,"The Testament of Sherlock Holmes","20 Sep, 2012","Frogwares","Frogwares",NA,26,"Very Positive","Very Positive",19.99,1.99,90,32,16,0,"False","False","False","Become the greatest detective of all time in The Testament of Sherlock Holmes, a twisting, turning investigation game set in a faithfully-reproduced London of 1898. As Sherlock Holmes, you must find clues, interrogate suspects and unveil a mystery in a story full of twists!","","Adventure|Detective|Point & Click|Puzzle|Mystery|Singleplayer|Based On A Novel|Investigation|Story Rich|Crime|Atmospheric|First-Person|Third Person|Escape Room|Open World|Action|Gore","Adventure","English|German|French|Italian|Spanish - Spain|Russian|Polish|Turkish|Japanese|Korean|Czech|Hungarian|Simplified Chinese|Traditional Chinese|Portuguese - Brazil|Ukrainian","https://store.steampowered.com/app/205650/","https://store.steampowered.com/developer/Frogwares","https://store.steampowered.com/publisher/Frogwares","500,000 .. 1,000,000",100.2,FALSE
2686630,"Voyagers of Nera","16 Sep, 2025","Treehouse Games","Treehouse Games",NA,NA,"Very Positive","",29.99,19.79,34,0,10,1,"False","False","False","Voyagers of Nera is a cooperative survival-crafting game where you must survive a magical ocean world brimming with lost spirits and deadly monsters. Sail to distant islands, build beautiful villages and surf across the waves with up to 10 players.","Voyagers of Nera - Founder's Pack","Early Access|Multiplayer|Family Friendly|Sailing|Exploration|Underwater|Atmospheric|Party Game|Co-op|PvE|Character Customization|Relaxing|Cute|Online Co-Op|Base Building|Crafting|Building|Adventure|Third Person|Open World Survival Craft","Action|Adventure|Indie|RPG|Early Access","English|French|German|Spanish - Spain|Japanese|Korean|Portuguese - Brazil|Russian|Portuguese - Portugal|Spanish - Latin America","https://store.steampowered.com/app/2686630/","","","0 .. 20,000",6.66666666666667,TRUE
582160,"Assassin's Creed® Origins","26 Oct, 2017","Ubisoft Montreal","Ubisoft",NA,999,"Very Positive","Very Positive",59.99,NA,NA,67,15,6,"False","False","False","Explore Ancient Egypt in this action-adventure game. Battle powerful enemies, unveil conspiracies, and discover the origin story of the Assassin’s Brotherhood.","Assassin's Creed® Origins - Season Pass|Assassin's Creed® Origins - The Hidden Ones|Assassin's Creed® Origins - The Curse Of The Pharaohs|Assassin's Creed® Origins - Roman Centurion Pack|Assassin's Creed® Origins - Horus Pack|Assassin's Creed® Origins - Deluxe Pack","Open World|Assassin|Action|RPG|Stealth|Parkour|Adventure|Historical|Singleplayer|Third Person|Story Rich|Multiplayer|Action RPG|Exploration|Atmospheric|Great Soundtrack|Nudity|Heist|Sexual Content|Co-op","Action|Adventure|RPG","English|French|Italian|German|Spanish - Spain|Arabic|Czech|Dutch|Japanese|Korean|Polish|Portuguese - Brazil|Russian|Simplified Chinese|Traditional Chinese","https://store.steampowered.com/app/582160/","https://store.steampowered.com/developer/ubisoft","https://store.steampowered.com/publisher/ubisoft","1,000,000 .. 2,000,000",0.5,FALSE
851850,"DRAGON BALL Z: KAKAROT","16 Jan, 2020","CyberConnect2 Co. Ltd.","Bandai Namco Entertainment Inc.",NA,154,"Very Positive","Very Positive",19.99,NA,NA,42,15,13,"False","False","False","The Dragon Ball RPG of your dreams! For the first time, you can play the rest of the story. Step into the universe of Dragon Ball Z in all its iconic glory and become the hero you were always meant to be!","DRAGON BALL Z: KAKAROT - DAIMA - Adventure Through The Demon Realm PACK|DRAGON BALL Z: KAKAROT - DAIMA - Adventure Through The Demon Realm PART 2|DRAGON BALL Z: KAKAROT - DAIMA - Adventure Through The Demon Realm PART 1|DRAGON BALL Z: KAKAROT Season Pass 2|DRAGON BALL Z: KAKAROT - Goku's Next Journey|DRAGON BALL Z: KAKAROT - 23rd World Tournament|DRAGON BALL Z: KAKAROT - BARDOCK - Alone Against Fate|DRAGON BALL Z: KAKAROT Season Pass|DRAGON BALL Z: KAKAROT - TRUNKS - THE WARRIOR OF HOPE|DRAGON BALL Z: KAKAROT - A NEW POWER AWAKENS SET|DRAGON BALL Z: KAKAROT - Bonus Items Pack|DRAGON BALL Z: KAKAROT - Tao Pai Pai Pillar|DRAGON BALL Z: KAKAROT - MUSIC COMPILATION PACK","Action|RPG|Anime|Open World|Fighting|Singleplayer|Multiplayer|Story Rich|Adventure|JRPG|Controller|Action RPG|Fantasy|Beat 'em up|Third Person|Dragons|Atmospheric|Character Customization|Difficult|Great Soundtrack","Action|RPG","English|French|Italian|German|Spanish - Spain|Arabic|Japanese|Korean|Polish|Portuguese - Brazil|Russian|Simplified Chinese|Spanish - Latin America|Traditional Chinese|Thai","https://store.steampowered.com/app/851850/","https://store.steampowered.com/developer/BANDAINAMCO","https://store.steampowered.com/publisher/BANDAINAMCO","1,000,000 .. 2,000,000",0.5,FALSE
1971650,"OCTOPATH TRAVELER II","24 Feb, 2023","Square Enix","Square Enix",NA,141,"Very Positive","Very Positive",59.99,NA,NA,33,9,0,"False","False","False","This game is a brand-new entry in the OCTOPATH TRAVELER series, the first installment of which was initially released in 2018 and sold over 3 million copies worldwide.","","RPG|Turn-Based|JRPG|2.5D|Party-Based RPG|Pixel Graphics|Story Rich|Open World|Turn-Based Combat|Choices Matter|Strategy|Cute|Anime|Fantasy|Casual|Magic|Adventure|Atmospheric|Singleplayer|Great Soundtrack","RPG","English|French|Italian|German|Spanish - Spain|Japanese|Korean|Simplified Chinese|Traditional Chinese","https://store.steampowered.com/app/1971650/","https://store.steampowered.com/developer/squareenix","https://store.steampowered.com/publisher/squareenix","200,000 .. 500,000",175,FALSE
2198150,"Tiny Glade","23 Sep, 2024","Pounce Light","Pounce Light",NA,279,"Overwhelmingly Positive","Overwhelmingly Positive",14.79,NA,NA,0,15,0,"True","False","False","Tiny Glade is a small diorama builder where you doodle whimsical castles, cozy cottages & romantic ruins. Explore gridless building chemistry as the game adorns your glades with procedural detail. No management, combat or goals: just kick back and turn forgotten meadows into lovable dioramas.","","Building|Design & Illustration|Relaxing|Sandbox|Cozy|Casual|Medieval|Cute|Indie|Procedural Generation|Experimental|Nature|Family Friendly|Simulation|First-Person|Top-Down|Colorful|Singleplayer|Stylized|Atmospheric","Casual|Indie|Simulation","English|French|German|Spanish - Spain|Japanese|Norwegian|Polish|Portuguese - Brazil|Russian|Swedish|Simplified Chinese|Ukrainian|Italian|Turkish|Korean","https://store.steampowered.com/app/2198150/","","","500,000 .. 1,000,000",100.2,TRUE
505460,"Foxhole","28 Sep, 2022","Siege Camp","Siege Camp",NA,NA,"Very Positive","Mostly Negative",24.99,NA,NA,0,6,1,"False","False","False","Foxhole is a massively multiplayer game where thousands of players shape the outcome of a persistent online war. Every individual soldier is a player that contributes to the war effort through logistics, base building, reconnaissance, combat, and more.","Foxhole - Supporters Edition","Massively Multiplayer|Wargame|Military|Base Building|Open World|Sandbox|World War II|War|Top-Down|Strategy|Tactical|PvP|Multiplayer|Top-Down Shooter|Team-Based|Co-op|Shooter|Crafting|Action|RPG","Action|Indie|Massively Multiplayer|RPG|Strategy","English|French|German|Portuguese - Portugal|Russian|Simplified Chinese","https://store.steampowered.com/app/505460/","https://store.steampowered.com/developer/siegecamp","https://store.steampowered.com/publisher/siegecamp","1,000,000 .. 2,000,000",0.5,TRUE
1222140,"Detroit: Become Human","18 Jun, 2020","Quantic Dream","Quantic Dream",NA,NA,"Overwhelmingly Positive","Overwhelmingly Positive",39.99,NA,NA,48,24,0,"False","False","False","Detroit: Become Human puts the destiny of both mankind and androids in your hands, taking you to a near future where machines have become more intelligent than humans. Every choice you make affects the outcome of the game, with one of the most intricately branching narratives ever created.","","Choices Matter|Story Rich|Multiple Endings|Cinematic|Singleplayer|Emotional|Robots|Futuristic|Sci-fi|Adventure|Beautiful|Atmospheric|Great Soundtrack|Third Person|Replay Value|Dynamic Narration|Cyberpunk|Narration|Violent|Female Protagonist","Action|Adventure","English|French|Italian|German|Spanish - Spain|Arabic|Czech|Danish|Finnish|Greek|Hungarian|Japanese|Korean|Norwegian|Polish|Portuguese - Portugal|Portuguese - Brazil|Spanish - Latin America|Swedish|Turkish|Dutch|Russian|Traditional Chinese|Simplified Chinese","https://store.steampowered.com/app/1222140/","https://store.steampowered.com/developer/QUANTICDREAM","https://store.steampowered.com/publisher/QUANTICDREAM","2,000,000 .. 5,000,000",1.16666666666667,FALSE
460930,"Tom Clancy's Ghost Recon® Wildlands","6 Mar, 2017","Ubisoft Paris","Ubisoft",NA,977,"Very Positive","Mostly Positive",49.99,NA,NA,57,16,4,"False","False","False","Create a team with up to 3 friends in Tom Clancy’s Ghost Recon® Wildlands and enjoy the ultimate military shooter experience set in a massive, dangerous, and responsive open world.","Tom Clancy's Ghost Recon Wildlands - Year 2 Pass|Tom Clancy’s Ghost Recon® Wildlands - Season Pass Year 1|Tom Clancy's Ghost Recon® Wildlands - Narco Road|Tom Clancy's Ghost Recon® Wildlands - Fallen Ghosts","Open World|Shooter|Co-op|Stealth|Multiplayer|Singleplayer|Tactical|Action|Military|Third-Person Shooter|FPS|Online Co-Op|Third Person|Adventure|Survival|Strategy|Sandbox|First-Person|Atmospheric|PvP","Action|Adventure","English|French|Italian|German|Spanish - Spain|Arabic|Simplified Chinese|Traditional Chinese|Korean|Japanese|Dutch|Polish|Portuguese - Brazil|Russian|Czech|Spanish - Latin America","https://store.steampowered.com/app/460930/","https://store.steampowered.com/developer/ubisoft","https://store.steampowered.com/publisher/ubisoft","2,000,000 .. 5,000,000",1.16666666666667,FALSE
1113410,"ARK: Genesis Season Pass","8 Aug, 2019","Studio Wildcard","Snail Games USA",NA,NA,"Mixed","",14.79,11.83,20,0,21,0,"False","True","False","","","Adventure|Survival|Massively Multiplayer|Open World|RPG|Action|Indie|Dinosaurs|Multiplayer|Crafting|Base Building|Singleplayer|Violent|Sandbox|Building|Sci-fi|Open World Survival Craft|Dragons|Co-op|First-Person","Action|Adventure|Indie|Massively Multiplayer|RPG","English|French|Italian|German|Spanish - Spain|Russian|Portuguese - Brazil|Simplified Chinese|Czech|Danish|Dutch|Hungarian|Polish|Swedish|Thai|Traditional Chinese|Turkish|Ukrainian|Finnish|Japanese|Korean","https://store.steampowered.com/app/1113410/","https://store.steampowered.com/developer/SnailGamesUSA","https://store.steampowered.com/publisher/SnailGamesUSA","0 .. 20,000",6.66666666666667,TRUE
3363680,"EverSiege: Untold Ages","26 Mar, 2026","Tindalos Interactive","Dear Villagers",NA,NA,"Mostly Positive","",19.99,NA,NA,80,6,0,"False","False","False","Retreating ends here. Defend Bastion against evil hordes, reclaim lost powers, rebuild ancient ruins, and adapt your tactics to reverse the siege. Shape your playstyle in this hero-strategy rogue-lite solo or co-op up to 3 players.","","Action RTS|Roguelite|MOBA|Co-op|PvE|Tower Defense|Survival|Strategy|Online Co-Op|RTS|Management|Top-Down|Tactical|Old School|Fantasy|Choices Matter|Action|Procedural Generation|3D|Post-apocalyptic","Indie|Strategy","English|French|German|Simplified Chinese|Russian|Traditional Chinese","https://store.steampowered.com/app/3363680/","","https://store.steampowered.com/publisher/Dear-Villagers","0 .. 20,000",6.66666666666667,TRUE
1569580,"Blue Prince","10 Apr, 2025","Dogubomb","Raw Fury",NA,457,"Very Positive","Very Positive",29.99,NA,NA,16,1,0,"True","False","False","Welcome to Mt. Holly, where every dawn unveils a new mystery. Navigate through shifting corridors and ever-changing chambers in this genre-defying strategy puzzle adventure. But will your unpredictable path lead you to the rumored Room 46?","","Puzzle|Exploration|Mystery|Investigation|Roguelite|Singleplayer|Story Rich|First-Person|Indie|Adventure|Atmospheric|Roguelike|Escape Room|3D|Simulation|Strategy|Nonlinear|Stylized|Replay Value|Level Editor","Adventure|Indie|Strategy","English","https://store.steampowered.com/app/1569580/","https://store.steampowered.com/developer/rawfury","https://store.steampowered.com/publisher/rawfury","200,000 .. 500,000",175,TRUE
516750,"My Summer Car","8 Jan, 2025","Amistech Games","Amistech Games",NA,NA,"Very Positive","Very Positive",14.99,NA,NA,77,2,0,"False","False","False","My Summer Car is the ultimate car owning, building, fixing, tuning, maintenance AND permadeath life survival simulator. You start the game with hundreds of loose parts and assemble both car and engine.","","Automobile Sim|Simulation|Open World|Driving|Survival|Realistic|First-Person|Building|Singleplayer|Racing|Funny|Sandbox|Multiplayer|Difficult|Early Access|Psychological Horror|Perma Death|Comedy|Indie|Adventure","Indie|Racing|Simulation","English|Finnish","https://store.steampowered.com/app/516750/","https://store.steampowered.com/developer/amistech","https://store.steampowered.com/publisher/amistech","1,000,000 .. 2,000,000",0.5,TRUE
3579770,"Cities: Skylines II - Creator Pack: City Stations","18 Mar, 2026","BadPeanut","Paradox Interactive",141,NA,"Very Positive","",7.99,NA,NA,0,12,0,"False","True","False","","","Simulation","Simulation","English|French|Italian|German|Japanese|Korean|Polish|Russian|Simplified Chinese|Portuguese - Brazil|Traditional Chinese|Spanish - Spain","https://store.steampowered.com/app/3579770/","","","0 .. 20,000",6.66666666666667,FALSE
2201320,"Date Everything!","17 Jun, 2025","Sassy Chap Games","Team17",NA,147,"Very Positive","Very Positive",34.99,17.49,50,42,1,1,"False","False","False","Date Everything! is a sandbox dating simulator set in the comfort of your own home, featuring 100 fully voice acted datable characters! Let the romance flow between your bed, smoke alarm and… Overwhelming Sense of Existential Dread? Are you ready to Date Everything?","Date Everything! - Lavish DLC","LGBTQ+|Sexual Content|Dating Sim|Romance|Simulation|Singleplayer|Comedy|Multiple Endings|Choose Your Own Adventure|Cute|Visual Novel|Funny|Nudity|Indie|Colorful|Cartoony|Casual|Anime|Abstract|Narrative","Simulation","English","https://store.steampowered.com/app/2201320/","https://store.steampowered.com/developer/Team17","https://store.steampowered.com/publisher/Team17","0 .. 20,000",6.66666666666667,FALSE
218620,"PAYDAY 2","13 Aug, 2013","OVERKILL - a Starbreeze Studio.","Starbreeze Entertainment",NA,NA,"Very Positive","Very Positive",9.99,NA,NA,1328,12,77,"True","False","False","PAYDAY 2 is an action-packed, four-player co-op shooter that once again lets gamers don the masks of the original PAYDAY crew - Dallas, Hoxton, Wolf and Chains - as they descend on Washington DC for an epic crime spree.","PAYDAY 2: Jacket Character Pack|PAYDAY 2: Subscription|PAYDAY 2: Crude Awakening Heist|PAYDAY 2: Chinatown Music Pack|PAYDAY 2: McShay Weapon Pack 4|PAYDAY 2: Lawless Tailor Pack|PAYDAY 2: Hostile Takeover Heist|PAYDAY 2: McShay Weapon Pack 3|PAYDAY 2: McShay Mod Pack|PAYDAY 2: Street Smart Tailor Pack|PAYDAY 2: Lost in Transit Heist|PAYDAY 2: McShay Weapon Pack 2|PAYDAY 2: High Octane Tailor Pack|PAYDAY 2: Tijuana Music Pack|PAYDAY 2: Midland Ranch Heist|PAYDAY 2: McShay Weapon Pack|PAYDAY 2: Southbound Tailor Pack|PAYDAY 2: Mountain Master Heist|PAYDAY 2: Golden Dagger Tailor Pack|PAYDAY 2: Jiu Feng Smuggler Pack 4|PAYDAY 2: Winter Ghosts Tailor Pack|PAYDAY 2: Black Cat Heist|PAYDAY 2: Mega City Tailor Pack|PAYDAY 2: Jiu Feng Smuggler Pack 3|PAYDAY 2: The Ukrainian Prisoner Heist|PAYDAY 2: Guardians Tailor Pack|PAYDAY 2: Jiu Feng Smuggler Pack 2|PAYDAY 2: Dragon Pack|PAYDAY 2: Jiu Feng Smuggler Pack|PAYDAY 2: Buluc's Mansion Heist|PAYDAY 2: Tailor Pack 3|PAYDAY 2: Weapon Color Pack 3|PAYDAY 2: Gunslinger Weapon Pack|PAYDAY 2: Breakfast in Tijuana Heist|PAYDAY 2: Weapon Color Pack 2|PAYDAY 2: Fugitive Weapon Pack|PAYDAY 2: San Martín Bank Heist|PAYDAY 2: Federales Weapon Pack|PAYDAY 2: Tailor Pack 2|PAYDAY 2: Weapon Color Pack 1|PAYDAY 2: Border Crossing Heist|PAYDAY 2: Cartel Optics Mod Pack|PAYDAY 2: h3h3 Character Pack|PAYDAY 2: Tailor Pack 1|PAYDAY 2: Gage Russian Weapon Pack|PAYDAY 2: Scarface Heist|PAYDAY 2: Gage Spec Ops Pack|PAYDAY 2: The Biker Heist|PAYDAY 2: Biker Character Pack|PAYDAY 2: Sydney Character Pack|PAYDAY 2: Wolf Pack|PAYDAY 2: The Goat Simulator Heist|PAYDAY 2: Gage Chivalry Pack|PAYDAY 2: Yakuza Character Pack|PAYDAY 2: Gage Ninja Pack|PAYDAY 2: Sokol Character Pack|PAYDAY 2: The Golden Grin Casino Heist|PAYDAY 2: The Alesso Heist|PAYDAY 2: The Butcher's Western Pack|PAYDAY 2: The Butcher's BBQ Pack|PAYDAY 2: The Butcher's AK/CAR Mod Pack|PAYDAY 2: The OVERKILL Pack|PAYDAY 2: Dragan Character Pack|PAYDAY 2: The Bomb Heists|PAYDAY 2: Clover Character Pack|PAYDAY 2: The Diamond Heist|PAYDAY 2: Gage Historical Pack|PAYDAY 2: Hotline Miami|PAYDAY 2: Gage Assault Pack|PAYDAY 2: Gage Shotgun Pack|PAYDAY 2: The Big Bank Heist|PAYDAY 2: Gage Sniper Pack|PAYDAY 2: Gage Mod Courier|PAYDAY 2: Gage Weapon Pack #02|PAYDAY 2: Gage Weapon Pack #01|PAYDAY 2: Armored Transport|PAYDAY 2 VR","Co-op|Action|FPS|Heist|Multiplayer|Looter Shooter|Online Co-Op|Stealth|Crime|Shooter|Team-Based|First-Person|Great Soundtrack|Gun Customization|Tactical|PvE|Strategy|Singleplayer|Funny|Simulation","Action|RPG","English|German|French|Italian|Spanish - Spain|Dutch|Russian|Japanese|Simplified Chinese|Spanish - Latin America|Korean|Polish","https://store.steampowered.com/app/218620/","https://store.steampowered.com/developer/starbreeze","https://store.steampowered.com/publisher/starbreeze","20,000,000 .. 50,000,000",11.6666666666667,FALSE
1244460,"Jurassic World Evolution 2","9 Nov, 2021","Frontier Developments","Frontier Developments",NA,341,"Very Positive","Overwhelmingly Positive",59.99,14.99,75,54,13,11,"False","False","False","Jurassic World Evolution 2 is the much-anticipated sequel to Frontier’s highly successful Jurassic World Evolution. This bold new era in the Jurassic World Evolution game franchise builds upon the ground-breaking and immersive 2018 management simulation.","Jurassic World Evolution 2: Dominion Biosyn Expansion|Jurassic World Evolution 2: Park Managers' Collection Pack|Jurassic World Evolution 2: Secret Species Pack|Jurassic World Evolution 2: Cretaceous Predator Pack|Jurassic World Evolution 2: Prehistoric Marine Species Pack|Jurassic World Evolution 2: Feathered Species Pack|Jurassic World Evolution 2: Dominion Malta Expansion|Jurassic World Evolution 2: Late Cretaceous Pack|Jurassic World Evolution 2: Deluxe Upgrade Pack|Jurassic World Evolution 2: Early Cretaceous Pack|Jurassic World Evolution 2: Camp Cretaceous Dinosaur Pack","Dinosaurs|Building|Management|Simulation|Sandbox|Singleplayer|Strategy|City Builder|Economy|Resource Management|Open World|Sci-fi|Multiplayer|Violent|Atmospheric|Action|Sequel|Survival|Base Building|Casual","Simulation|Strategy","English|French|Italian|German|Spanish - Spain|Japanese|Korean|Polish|Portuguese - Brazil|Russian|Simplified Chinese|Spanish - Latin America|Traditional Chinese","https://store.steampowered.com/app/1244460/","https://store.steampowered.com/developer/FrontierDevelopments","https://store.steampowered.com/publisher/FrontierDevelopments","1,000,000 .. 2,000,000",0.5,FALSE
620,"Portal 2","18 Apr, 2011","Valve","Valve",NA,NA,"Overwhelmingly Positive","Overwhelmingly Positive",9.75,NA,NA,51,27,0,"True","False","False","The ""Perpetual Testing Initiative"" has been expanded to allow you to design co-op puzzles for you and your friends!","","Singleplayer|Platformer|Puzzle|First-Person|Dark Humor|Story Rich|Puzzle Platformer|Funny|Female Protagonist|3D Platformer|Action-Adventure|FPS|Action|Co-op|Physics|Sci-fi|Level Editor|Science|Comedy|Atmospheric","Action|Adventure","English|French|German|Spanish - Spain|Czech|Danish|Dutch|Finnish|Hungarian|Italian|Japanese|Korean|Norwegian|Polish|Portuguese - Portugal|Romanian|Russian|Simplified Chinese|Swedish|Thai|Traditional Chinese|Turkish|Bulgarian|Greek|Portuguese - Brazil|Spanish - Latin America|Ukrainian","https://store.steampowered.com/app/620/","https://store.steampowered.com/developer/valve","https://store.steampowered.com/publisher/valve","5,000,000 .. 10,000,000",2.5,FALSE
1374490,"RuneScape: Dragonwilds","15 Apr, 2025","Jagex Ltd","Jagex Ltd",NA,588,"Very Positive","Mostly Positive",29.99,NA,NA,0,7,0,"True","False","False","On RuneScape’s forgotten continent of Ashenfall, dragons have awoken. Gather, build, skill and craft to survive in this co-operative (1-4) survival crafting game. Only by mastering survival and uncovering ancient secrets can they hope to slay the Dragon Queen—alone or with allies.","","Open World|Survival|Open World Survival Craft|Multiplayer|Co-op|Online Co-Op|Early Access|Crafting|Building|Exploration|Base Building|Adventure|Action|Dragons|RPG|Sandbox|Singleplayer|Fantasy|Third Person|Magic","Action|Adventure|RPG|Early Access","English|French|Italian|German|Spanish - Spain|Spanish - Latin America|Portuguese - Brazil","https://store.steampowered.com/app/1374490/","https://store.steampowered.com/developer/Jagex","https://store.steampowered.com/publisher/Jagex","500,000 .. 1,000,000",100.2,FALSE
588650,"Dead Cells","6 Aug, 2018","Motion Twin","Motion Twin",NA,NA,"Overwhelmingly Positive","Overwhelmingly Positive",24.99,NA,NA,121,15,5,"True","False","False","Dead Cells is a roguelite, metroidvania inspired, action-platformer. You'll explore a sprawling, ever-changing castle... assuming you’re able to fight your way past its keepers in 2D souls-lite combat. No checkpoints. Kill, die, learn, repeat.","Dead Cells: The Queen and the Sea|Dead Cells: Fatal Falls|Dead Cells: The Bad Seed|Dead Cells: Rise of the Giant|Dead Cells: Return to Castlevania","Adventure|Roguelike|Action Roguelike|Metroidvania|Pixel Graphics|2D|Souls-like|Roguelite|Difficult|Hack and Slash|Replay Value|Platformer|Singleplayer|Roguevania|Action|Dark Fantasy|Atmospheric|Procedural Generation|Funny|Indie","Action|Adventure|Indie","English|French|Simplified Chinese|Italian|German|Spanish - Spain|Japanese|Portuguese - Portugal|Russian|Turkish|Korean|Traditional Chinese|Portuguese - Brazil|Spanish - Latin America|Polish","https://store.steampowered.com/app/588650/","https://store.steampowered.com/developer/MotionTwin","https://store.steampowered.com/publisher/MotionTwin","5,000,000 .. 10,000,000",2.5,TRUE
1611910,"Warhammer 40,000: Chaos Gate - Daemonhunters","5 May, 2022","Complex Games","Frontier Foundry",NA,72,"Mostly Positive","Mixed",44.99,8.99,80,68,12,3,"True","False","False","Lead humanity’s greatest weapon, the Grey Knights, in this fast-paced turn-based tactical RPG. Root out and purge a galaxy-spanning plague in a cinematic, story-driven campaign, using the tactics and talents of your own personalised squad of Daemonhunters.","Warhammer 40,000: Chaos Gate - Daemonhunters - Execution Force|Warhammer 40,000: Chaos Gate - Daemonhunters - Duty Eternal|Warhammer 40,000: Chaos Gate - Daemonhunters - Castellan Champion Upgrade Pack","Warhammer 40K|Turn-Based Strategy|Turn-Based Tactics|Strategy RPG|Tactical|Choices Matter|Strategy|Character Customization|PvE|3D|Turn-Based Combat|Third Person|Story Rich|Dark Fantasy|Stylized|Sci-fi|RPG|Demons|Tactical RPG|Futuristic","RPG|Strategy","English|French|Italian|German|Spanish - Spain|Polish|Portuguese - Brazil|Russian|Simplified Chinese|Traditional Chinese|Japanese|Korean","https://store.steampowered.com/app/1611910/","","https://store.steampowered.com/publisher/FrontierDevelopments","2,000,000 .. 5,000,000",1.16666666666667,FALSE
2404880,"Car Dealer Simulator","29 May, 2025","Garage Monkeys","Garage Monkeys",NA,456,"Very Positive","Very Positive",19.62,NA,NA,103,18,1,"False","False","False","Uncover a goldmine in the used car market! Sniff out deals, buy low, modify, and sell high. Your journey from amateur grease monkey to car dealer magnate awaits. How fast will you rise in this lucrative venture?","Car Dealer Simulator - Up 2 You DLC","Simulation|Driving|Automobile Sim|Trading|Immersive Sim|Life Sim|Singleplayer|Open World|Casual|Management|First-Person|3D|Realistic|Conversation|Family Friendly|Cinematic|America|Modern|Indie|Inventory Management","Casual|Indie|Simulation","English|Polish|French|Italian|German|Spanish - Spain|Portuguese - Portugal|Russian|Czech|Japanese|Korean|Portuguese - Brazil|Simplified Chinese|Thai|Turkish|Ukrainian|Vietnamese|Dutch","https://store.steampowered.com/app/2404880/","https://store.steampowered.com/developer/garagemonkeys","https://store.steampowered.com/publisher/garagemonkeys","100,000 .. 200,000",75,TRUE
774361,"Blasphemous","10 Sep, 2019","The Game Kitchen","Team17",NA,NA,"Very Positive","Very Positive",24.99,NA,NA,45,10,4,"False","False","False","Blasphemous is a brutal action-platformer with skilled hack’n slash combat set in the nightmare world of Cvstodia. Explore, upgrade your abilities, and perform savage executions on the hordes of enemies that stand between you and your quest to break eternal damnation.","Blasphemous - 'Alloy of Sin' Character Skin|Blasphemous - Digital Artbook|Blasphemous - Digital Comic|Blasphemous - OST","Metroidvania|Pixel Graphics|Souls-like|Dark Fantasy|Gore|2D|Violent|Indie|Difficult|Action|Platformer|Singleplayer|Adventure|Blood|Gothic|Horror|Lore-Rich|Great Soundtrack|Side Scroller|Nudity","Action|Adventure|Indie","English|French|Italian|German|Spanish - Spain|Simplified Chinese|Portuguese - Brazil|Russian|Japanese|Korean","https://store.steampowered.com/app/774361/","https://store.steampowered.com/developer/thegamekitchen","https://store.steampowered.com/publisher/Team17","1,000,000 .. 2,000,000",0.5,TRUE
3990820,"Resident Evil Requiem - Deluxe Kit","26 Feb, 2026","CAPCOM Co., Ltd.","CAPCOM Co., Ltd.",331,NA,"Very Positive","",14.99,NA,NA,0,14,0,"False","True","False","","","Survival Horror|Third-Person Shooter|Action|Horror|Zombies|FPS|Action-Adventure|Cinematic|3D|Realistic|Dark|Post-apocalyptic|First-Person|Singleplayer|Violent|Inventory Management|Modern|Story Rich|Female Protagonist|Metroidvania","Action|Adventure","English|French|Italian|German|Spanish - Spain|Arabic|Spanish - Latin America|Portuguese - Brazil|Polish|Russian|Simplified Chinese|Traditional Chinese|Japanese|Korean","https://store.steampowered.com/app/3990820/","","","0 .. 20,000",6.66666666666667,FALSE
2963800,"DrainSim","3 Mar, 2026","CodePeas","CodePeas",NA,NA,"Very Positive","",14.99,NA,NA,2,14,0,"False","False","False","Dive into DrainSim and seize control of the floods! Clear the city's submerged streets, with a huge range of different tools from rakes to submersible pumps. Embrace the satisfaction of restoring the water flow. Become the city's hero, one drain at a time.","","Early Access|Simulation|Casual|Relaxing|First-Person|Sandbox|3D|Underwater|Realistic|Immersive Sim|Physics|Linear|Nature|Atmospheric|Singleplayer|America|Colorful|Funny|Cozy|Story Rich","Casual|Indie|Simulation|Early Access","English|German|Japanese|Czech|Hungarian|French|Spanish - Spain|Dutch|Polish|Russian|Ukrainian|Portuguese - Brazil|Swedish|Simplified Chinese","https://store.steampowered.com/app/2963800/","","","0 .. 20,000",6.66666666666667,TRUE
3500390,"Mega Man Star Force Legacy Collection","26 Mar, 2026","CAPCOM Co., Ltd.","CAPCOM Co., Ltd.",399,NA,"Very Positive","",39.99,NA,NA,41,4,1,"False","False","False","The Mega Man Star Force series, which expanded into an anime, is back in the Mega Man Star Force Legacy Collection! This collection includes seven games and additional features like a gallery of illustrations and music! Online play is also supported!","Mega Man Star Force Legacy Collection – Sonia Strumm and Luna Platz Character Model Pack","RPG|Action|Action RPG|Card Battler|Story Rich|Deckbuilding|Turn-Based Tactics|Collectathon|Pixel Graphics|JRPG|Trading|Strategy|Space|Sci-fi|Singleplayer|CRPG|Anime","Action|RPG|Strategy","English|Simplified Chinese|Traditional Chinese|Japanese","https://store.steampowered.com/app/3500390/","https://store.steampowered.com/developer/capcom","https://store.steampowered.com/publisher/capcom","0 .. 20,000",6.66666666666667,FALSE
629730,"Blade and Sorcery","17 Jun, 2024","WarpFrog","WarpFrog",NA,359,"Overwhelmingly Positive","Very Positive",29.99,NA,NA,37,10,0,"False","False","False","Blade & Sorcery is a built-for-VR medieval fantasy with full physics driven melee, ranged and magic combat. Become a powerful warrior, ranger or sorcerer and devastate your enemies.","","VR|Swordplay|Moddable|Gore|Sandbox|Magic|Action|Violent|Physics|Medieval|Fighting|Simulation|First-Person|Fantasy|Singleplayer|Adventure|RPG|Indie|Early Access|Games Workshop","Action|Adventure|Indie|RPG|Simulation","English|French|Italian|German|Spanish - Spain|Japanese|Portuguese - Brazil|Simplified Chinese|Thai|Traditional Chinese","https://store.steampowered.com/app/629730/","https://store.steampowered.com/curator/41002523","https://store.steampowered.com/curator/41002523","1,000,000 .. 2,000,000",0.5,TRUE
1096530,"Solasta: Crown of the Magister","27 May, 2021","Tactical Adventures","Tactical Adventures",NA,256,"Very Positive","Very Positive",29.99,NA,NA,132,6,5,"True","False","False","Roll for initiative, take attacks of opportunity, manage player location and the verticality of the battle field in this Turn-Based Tactical RPG based on the SRD 5.1 Ruleset. In Solasta, you make the choices, dice decide your destiny.","Solasta: Crown of the Magister - Palace of Ice|Solasta: Crown of the Magister - Lost Valley|Solasta: Crown of the Magister - Inner Strength|Solasta: Crown of the Magister - Primal Calling|Solasta: Crown of the Magister - Supporter Pack","RPG|Dungeons & Dragons|Co-op Campaign|Turn-Based Combat|Character Customization|Multiplayer|CRPG|Choices Matter|Story Rich|Fantasy|Adventure|Strategy RPG|Singleplayer|Strategy|Combat|Class-Based|Controller|Party-Based RPG|Online Co-Op|Team-Based","Adventure|RPG|Strategy","English|French|German|Simplified Chinese|Portuguese - Brazil|Russian","https://store.steampowered.com/app/1096530/","https://store.steampowered.com/developer/Tacticaladventures","https://store.steampowered.com/publisher/Tacticaladventures","1,000,000 .. 2,000,000",0.5,FALSE
3846120,"MineMogul","4 Dec, 2025","NoodleForge (Gvarados & Diomonder)","NoodleForge",NA,411,"Overwhelmingly Positive","Overwhelmingly Positive",14.79,NA,NA,0,1,0,"False","False","False","Design and build a factory deep underground in this physics-based automation sandbox. Mine resources, buy machines and master the chaos as you become the ultimate Mine Mogul!","","Early Access|Automation|Building|Physics|Mining|Strategy|Simulation|Crafting|Management|Base Building|Sandbox|Resource Management|Indie|Underground|Casual|Open World|Stylized|First-Person|Farming Sim|Nonlinear","Indie|Simulation|Strategy|Early Access","English","https://store.steampowered.com/app/3846120/","","","0 .. 20,000",6.66666666666667,TRUE
3816930,"Grind Survivors","16 Mar, 2026","Pushka Studios","Assemble Entertainment",877,NA,"Mostly Positive","",12.99,NA,NA,73,12,2,"False","False","False","Grind Survivors is a fast-paced action roguelike where demon hunters face endless hellspawn. Dodge, loot, and blast through brutal bullet-hell combat with dynamic builds and ever-changing weapons in a scorched, demon-ridden world.","Grind Survivors: Supporter Pack|Grind Survivors: Ukraine Supporter Pack","Action|Action Roguelike|Bullet Hell|Arcade|Gore|Roguelike|Crafting|Loot|Looter Shooter|Shooter|Roguelite|Top-Down Shooter|Demons|Singleplayer|Controller|Colorful|Violent|Indie|Cartoony|Comic Book","Action|Indie","English|German|Ukrainian|Japanese|Simplified Chinese|Korean|Portuguese - Brazil|Turkish|Spanish - Spain|French|Polish|Traditional Chinese","https://store.steampowered.com/app/3816930/","https://store.steampowered.com/developer/Pushka","https://store.steampowered.com/publisher/AssembleEntertainment","0 .. 20,000",6.66666666666667,TRUE
1942280,"Brotato","23 Jun, 2023","Blobfish","Blobfish",NA,NA,"Overwhelmingly Positive","Very Positive",4.99,NA,NA,177,13,1,"True","False","False","Brotato is a top-down arena shooter roguelite where you play a potato wielding up to 6 weapons at a time to fight off hordes of aliens. Choose from a variety of traits and items to create unique builds and survive until help arrives.","Brotato: Abyssal Terrors","Roguelike|Singleplayer|Bullet Hell|Action Roguelike|Local Co-Op|Survival|Multiplayer|Sci-fi|Arena Shooter|Roguelite|Hack and Slash|Replay Value|Arcade|Top-Down Shooter|Casual|Co-op|2D|Action|Controller|RPG","Action|Casual|Indie|RPG","English|French|German|Spanish - Spain|Japanese|Korean|Polish|Portuguese - Brazil|Russian|Simplified Chinese|Traditional Chinese|Italian|Turkish","https://store.steampowered.com/app/1942280/","https://store.steampowered.com/developer/blobfishgames","https://store.steampowered.com/publisher/blobfishgames","2,000,000 .. 5,000,000",1.16666666666667,TRUE
2406770,"Bodycam","7 Jun, 2024","Reissad Studio","Reissad Studio",NA,956,"Mostly Positive","Very Positive",33.32,NA,NA,1,10,0,"False","False","False","Bodycam is the first tactical multiplayer FPS with a true body-camera view in Unreal Engine 5. Close-quarters combats feel raw and loud. Every angle, callout, and bullet matters. Play Deathmatch, Team Deathmatch, and Body Bomb on photoreal maps where teamplay, tactics, and clutch skill are key.","","Early Access|Realistic|FPS|Shooter|Military|Co-op|VR|Multiplayer|Horror|Zombies|Tactical|First-Person|Action|Team-Based|Physics|PvP|Immersive Sim|Combat|Open World|Wargame","Action|Indie|Massively Multiplayer|Simulation|Strategy|Early Access","English|French|Italian|German|Spanish - Spain|Arabic|Japanese|Korean|Russian|Simplified Chinese","https://store.steampowered.com/app/2406770/","https://store.steampowered.com/curator/46061319","https://store.steampowered.com/curator/46061319","500,000 .. 1,000,000",100.2,TRUE
990080,"Hogwarts Legacy","10 Feb, 2023","Avalanche Software","Warner Bros. Games",NA,NA,"Very Positive","Very Positive",59.99,NA,NA,45,14,1,"False","False","False","Hogwarts Legacy is an immersive, open-world action RPG. Now you can take control of the action and be at the center of your own adventure in the wizarding world.","Hogwarts Legacy: Dark Arts Pack","Magic|Open World|Fantasy|Singleplayer|Adventure|RPG|Character Customization|Exploration|Story Rich|Third Person|Action-Adventure|Atmospheric|Action RPG|Action|Combat|Choices Matter|Puzzle|Great Soundtrack|Dark|Family Friendly","Action|Adventure|RPG","English|French|Italian|German|Spanish - Spain|Arabic|Japanese|Korean|Polish|Portuguese - Brazil|Russian|Simplified Chinese|Spanish - Latin America|Traditional Chinese","https://store.steampowered.com/app/990080/","https://store.steampowered.com/developer/WBGames","https://store.steampowered.com/publisher/WBGames","20,000,000 .. 50,000,000",11.6666666666667,FALSE
690830,"Foundation","31 Jan, 2025","Polymorph Games","Polymorph Games",NA,154,"Very Positive","Very Positive",33.99,NA,NA,45,17,1,"True","False","False","Foundation is a grid-less, laidback medieval city-building game with a focus on organic development, monument construction and resource management.","Foundation Guivre Garden","City Builder|Simulation|Medieval|Strategy|Sandbox|Management|Resource Management|Building|Relaxing|Economy|Atmospheric|Indie|Base Building|Colony Sim|Singleplayer|Open World|Survival|RTS|Choices Matter|Early Access","Indie|Simulation|Strategy","English|French|Italian|German|Spanish - Spain|Russian|Portuguese - Brazil|Simplified Chinese|Japanese|Korean|Polish|Swedish|Turkish|Vietnamese|Czech|Thai|Ukrainian","https://store.steampowered.com/app/690830/","https://store.steampowered.com/developer/PolymorphGames","https://store.steampowered.com/publisher/PolymorphGames","500,000 .. 1,000,000",100.2,TRUE
1895880,"Ratchet & Clank: Rift Apart","26 Jul, 2023","Insomniac Games","PlayStation Publishing LLC",NA,202,"Very Positive","Very Positive",59.99,NA,NA,47,26,0,"False","False","False","Blast your way through an interdimensional adventure with Ratchet and Clank – now on PC! Help them take on an evil emperor from another reality as you jump between action-packed worlds and beyond at hyper-speed!","","Adventure|3D Platformer|Singleplayer|Action-Adventure|Third Person|Family Friendly|Action|Third-Person Shooter|Sci-fi|Platformer|Funny|Shooter|Cartoony|Story Rich|Cute|Open World|Colorful|Female Protagonist|Co-op|Space","Action|Adventure","English|French|Italian|German|Spanish - Spain|Czech|Danish|Dutch|Finnish|Greek|Hungarian|Japanese|Korean|Norwegian|Polish|Portuguese - Brazil|Portuguese - Portugal|Romanian|Russian|Simplified Chinese|Spanish - Latin America|Swedish|Traditional Chinese|Turkish|Croatian|Arabic","https://store.steampowered.com/app/1895880/","https://store.steampowered.com/curator/42527123","https://store.steampowered.com/publisher/playstationstudios","500,000 .. 1,000,000",100.2,FALSE
413410,"Danganronpa: Trigger Happy Havoc","18 Feb, 2016","Spike Chunsoft Co., Ltd.","Spike Chunsoft Co., Ltd.",NA,NA,"Overwhelmingly Positive","Overwhelmingly Positive",19.99,NA,NA,38,3,0,"False","False","False","Investigate murders, search for clues and talk to your classmates to prepare for trial. There, you'll engage in deadly wordplay, going back and forth with suspects. Dissect their statements and fire their words back at them to expose their lies! There's only one way to survive—pull the trigger.","","Anime|Visual Novel|Detective|Mystery|Story Rich|Great Soundtrack|Singleplayer|Psychological Horror|Horror|Adventure|Dark Comedy|Dark Humor|Puzzle|Point & Click|Funny|Comedy|Exploration|Survival|Action|Memes","Adventure","English|Japanese|Traditional Chinese","https://store.steampowered.com/app/413410/","https://store.steampowered.com/developer/SPIKECHUNSOFT","https://store.steampowered.com/publisher/SPIKECHUNSOFT","1,000,000 .. 2,000,000",0.5,FALSE
2169200,"Sniper Elite: Resistance","30 Jan, 2025","Rebellion","Rebellion",NA,119,"Mostly Positive","Very Positive",49.99,NA,NA,70,12,10,"False","False","False","Offering unparalleled sniping mechanics, stealth and tactical third-person combat, Sniper Elite: Resistance turns the attention of the award-winning series towards a hidden war, far from the front lines, deep within the heart of occupied France.","Sniper Elite: Resistance - Target Führer - Lights, Camera, Achtung|Sniper Elite: Resistance - Vercors Vendetta Mission and Weapons Pack|Sniper Elite: Resistance - Striking Range Mission, Weapons and Skins Pack|Sniper Elite: Resistance - Mud and Thunder Mission, Weapons and Skin Pack|Sniper Elite: Resistance - M1911 pistol|Sniper Elite: Resistance - Karabiner 98 Rifle|Sniper Elite: Resistance - Fairburne's Armoury Weapons and Skins Pack|Sniper Elite: Resistance - Commando Weapon and Skin Pack|Sniper Elite: Resistance Season Pass|Sniper Elite: Resistance - Wrath of the Resistance Weapon and Skins Pack","Action|Adventure|Singleplayer|Third-Person Shooter|Multiplayer|Action-Adventure|Stealth|Third Person|War|Sniper|World War II|Violent|Gore|Co-op|Shooter|Military|VR|Open World","Action|Adventure","English|French|Italian|German|Spanish - Spain|Japanese|Korean|Polish|Portuguese - Brazil|Russian|Simplified Chinese|Traditional Chinese","https://store.steampowered.com/app/2169200/","https://store.steampowered.com/developer/Rebellion","https://store.steampowered.com/publisher/Rebellion","50,000 .. 100,000",37.5,FALSE
3531720,"ELDEN RING NIGHTREIGN The Forsaken Hollows","3 Dec, 2025","FromSoftware, Inc.","FromSoftware, Inc.",NA,167,"Mixed","Mostly Negative",15,NA,NA,0,15,0,"False","True","False","","","Souls-like|Online Co-Op|Multiplayer|Roguelike|Singleplayer|Co-op|Action|PvE|Third Person|Roguelite|RPG|Action RPG|Open World|Dark|Violent|3D|Survival|Lore-Rich|Dating Sim|Story Rich","Action|RPG","English|Japanese|French|Italian|German|Spanish - Spain|Arabic|Korean|Polish|Portuguese - Brazil|Russian|Simplified Chinese|Spanish - Latin America|Thai|Traditional Chinese","https://store.steampowered.com/app/3531720/","https://store.steampowered.com/curator/45188208","https://store.steampowered.com/curator/45188208","0 .. 20,000",6.66666666666667,FALSE
546560,"Half-Life: Alyx","23 Mar, 2020","Valve","Valve",NA,533,"Overwhelmingly Positive","Overwhelmingly Positive",58.99,NA,NA,42,28,0,"True","False","False","Half-Life: Alyx is Valve’s VR return to the Half-Life series. It’s the story of an impossible fight against a vicious alien race known as the Combine, set between the events of Half-Life and Half-Life 2. Playing as Alyx Vance, you are humanity’s only chance for survival.","","VR|FPS|Story Rich|Horror|Female Protagonist|Shooter|Singleplayer|First-Person|Action|Sci-fi|Atmospheric|Zombies|Beautiful|Aliens|Adventure|Futuristic|Psychological Horror|Memes|Great Soundtrack|Gore","Action|Adventure","English|French|German|Spanish - Spain|Japanese|Korean|Russian|Simplified Chinese|Spanish - Latin America|Traditional Chinese|Italian|Czech|Hungarian|Polish|Portuguese - Portugal|Portuguese - Brazil|Ukrainian|Vietnamese|Bulgarian|Greek|Danish|Dutch|Norwegian|Romanian|Thai|Turkish|Finnish|Swedish","https://store.steampowered.com/app/546560/","https://store.steampowered.com/developer/valve","https://store.steampowered.com/publisher/valve","2,000,000 .. 5,000,000",1.16666666666667,FALSE
202970,"Call of Duty®: Black Ops II","12 Nov, 2012","Treyarch","Activision",NA,144,"Very Positive","Very Positive",59.99,NA,NA,35,5,36,"False","False","False","Pushing the boundaries of what fans have come to expect from the record-setting entertainment franchise, Call of Duty®: Black Ops II propels players into a near future Cold War","Call of Duty®: Black Ops II - Apocalypse|Call of Duty®: Black Ops II - Vengeance|Call of Duty®: Black Ops II - Uprising|Call of Duty®: Black Ops II - Revolution|Call of Duty®: Black Ops II - Nuketown Zombies Map|Call of Duty®: Black Ops II - Extra Slots Pack|Call of Duty®: Black Ops II - Afterlife Personalization Pack|Call of Duty®: Black Ops II - Aqua Personalization Pack|Call of Duty®: Black Ops II - Bacon Personalization Pack|Call of Duty®: Black Ops II - Beast Personalization Pack|Call of Duty®: Black Ops II - Benjamins Personalization Pack|Call of Duty®: Black Ops II - Breach Personalization Pack|Call of Duty®: Black Ops II - Comics Personalization Pack|Call of Duty®: Black Ops II - Coyote Personalization Pack|Call of Duty®: Black Ops II - Cyborg Personalization Pack|Call of Duty®: Black Ops II - Dead Man's Hand Personalization Pack|Call of Duty®: Black Ops II - Dia de los Muertos Personalization Pack|Call of Duty®: Black Ops II - Dragon Personalization Pack|Call of Duty®: Black Ops II - Glam Personalization Pack|Call of Duty®: Black Ops II - Graffiti Personalization Pack|Call of Duty®: Black Ops II - Jungle Warfare Personalization Pack|Call of Duty®: Black Ops II - Kawaii Personalization Pack|Call of Duty®: Black Ops II - Octane Personalization Pack|Call of Duty®: Black Ops II - Pack-A-Punch Personalization Pack|Call of Duty®: Black Ops II - Paladin Personalization Pack|Call of Duty®: Black Ops II - Party Rock Personalization Pack|Call of Duty®: Black Ops II - Rogue Personalization Pack|Call of Duty®: Black Ops II - UK Punk Personalization Pack|Call of Duty®: Black Ops II - Viper Personalization Pack|Call of Duty®: Black Ops II - Weaponized 115 Personalization Pack|Call of Duty®: Black Ops II - Zombies Personalization Pack|Call of Duty®: Black Ops II - North American Flags of the World Calling Card Pack|Call of Duty®: Black Ops II - South American Flags of the World Calling Card Pack|Call of Duty®: Black Ops II - European Flags of the World Calling Card Pack|Call of Duty®: Black Ops II - African Flags of the World Calling Card Pack|Call of Duty®: Black Ops II - Asian Flags of the World Calling Card Pack","Multiplayer|Action|FPS|Shooter|Singleplayer|First-Person|Co-op|War|Online Co-Op|Team-Based|Futuristic|Controller|Survival|Tactical|Horror|Great Soundtrack|Adventure|Sci-fi|Massively Multiplayer|Atmospheric","Action","English|French|German|Italian|Spanish - Spain","https://store.steampowered.com/app/202970/","https://store.steampowered.com/developer/callofduty","https://store.steampowered.com/publisher/Activision","2,000,000 .. 5,000,000",1.16666666666667,FALSE
3375780,"Trails in the Sky 1st Chapter","19 Sep, 2025","Nihon Falcom","GungHo Online Entertainment America, Inc.",NA,163,"Overwhelmingly Positive","Very Positive",59.99,NA,NA,43,5,68,"False","False","False","Trails in the Sky 1st Chapter reimagines the first chapter of a beloved series, infusing it with enhanced visuals and refined gameplay. Join Estelle and Joshua, partners bound by fate, as they unravel dark conspiracies threatening the peace of the Liberl Kingdom.","Trails in the Sky 1st Chapter Season Pass|Trails in the Sky 1st Chapter - Resort Style Swimsuits (Estelle & Joshua)|Trails in the Sky 1st Chapter - Jenis Royal Academy Uniform Set|Trails in the Sky 1st Chapter - Fine Red Diner Costume Set Vol. 1|Trails in the Sky 1st Chapter - Fine Red Diner Costume Set Vol. 2|Trails in the Sky 1st Chapter - Fine Red Diner Costume Set Vol. 3|Trails in the Sky 1st Chapter - Original Diner Costume Set Vol. 1|Trails in the Sky 1st Chapter - Original Diner Costume Set Vol. 2|Trails in the Sky 1st Chapter - Original Diner Costume Set Vol. 3|Trails in the Sky 1st Chapter - Glasses Set A|Trails in the Sky 1st Chapter - Glasses Set B|Trails in the Sky 1st Chapter - Trendy Headgear Set|Trails in the Sky 1st Chapter - Pom Pom Pal Set A|Trails in the Sky 1st Chapter - Pom Pom Pal Set B|Trails in the Sky 1st Chapter - Character Stand Set|Trails in the Sky 1st Chapter - Charming Backpack Set|Trails in the Sky 1st Chapter - Archangel Dress-up Set|Trails in the Sky 1st Chapter - Fallen Angel Dress-up Set|Trails in the Sky 1st Chapter - Demon King Dress-up Set|Trails in the Sky 1st Chapter - Exciting Effect set|Trails in the Sky 1st Chapter - Banner Set A|Trails in the Sky 1st Chapter - Banner Set B|Trails in the Sky 1st Chapter - Banner Set C|Trails in the Sky 1st Chapter - Two-Tone Hair Color Set|Trails in the Sky 1st Chapter - Unique Hair Color Set|Trails in the Sky 1st Chapter - Orbment Cover Set|Trails in the Sky 1st Chapter - Chibi Orbment Cover Set|Trails in the Sky 1st Chapter - Sepith Set 1|Trails in the Sky 1st Chapter - Sepith Set 2|Trails in the Sky 1st Chapter - Sepith Set 3|Trails in the Sky 1st Chapter - Sepith Set 4|Trails in the Sky 1st Chapter - Sepith Set 5|Trails in the Sky 1st Chapter - U-Material Set 1|Trails in the Sky 1st Chapter - U-Material Set 2|Trails in the Sky 1st Chapter - U-Material Set 3|Trails in the Sky 1st Chapter - U-Material Set 4|Trails in the Sky 1st Chapter - U-Material Set 5|Trails in the Sky 1st Chapter - Monster Ingredient Set A (1)|Trails in the Sky 1st Chapter - Monster Ingredient Set A (2)|Trails in the Sky 1st Chapter - Monster Ingredient Set A (3)|Trails in the Sky 1st Chapter - Monster Ingredient Set B (1)|Trails in the Sky 1st Chapter - Monster Ingredient Set B (2)|Trails in the Sky 1st Chapter - Monster Ingredient Set B (3)|Trails in the Sky 1st Chapter - Advanced Healing Set 1|Trails in the Sky 1st Chapter - Advanced Healing Set 2|Trails in the Sky 1st Chapter - Advanced Healing Set 3|Trails in the Sky 1st Chapter - Advanced Healing Set 4|Trails in the Sky 1st Chapter - Advanced Healing Set 5|Trails in the Sky 1st Chapter - Zeram Powder Set 1|Trails in the Sky 1st Chapter - Zeram Powder Set 2|Trails in the Sky 1st Chapter - Zeram Powder Set 3|Trails in the Sky 1st Chapter - Zeram Capsule Set 1|Trails in the Sky 1st Chapter - Zeram Capsule Set 2|Trails in the Sky 1st Chapter - Zeram Capsule Set 3|Trails in the Sky 1st Chapter - G-Pom Fruit Set 1|Trails in the Sky 1st Chapter - G-Pom Fruit Set 2|Trails in the Sky 1st Chapter - G-Pom Fruit Set 3|Trails in the Sky 1st Chapter - G-Pom Fruit Value Set 1|Trails in the Sky 1st Chapter - G-Pom Fruit Value Set 2|Trails in the Sky 1st Chapter - G-Pom Fruit Value Set 3|Trails in the Sky 1st Chapter - Droplet Set 1|Trails in the Sky 1st Chapter - Droplet Set 2|Trails in the Sky 1st Chapter - Droplet Set 3|Trails in the Sky 1st Chapter - Battle Boost Item Pack: Physical|Trails in the Sky 1st Chapter - Battle Boost Item Pack: Magical|Trails in the Sky 1st Chapter - Free Sample Set Vol.1|Trails in the Sky 1st Chapter - Free Sample Set Vol.2|Trails in the Sky 1st Chapter - Free Sample Set Vol.3","JRPG|RPG|Adventure|Turn-Based Combat|Female Protagonist|Story Rich|Action RPG|3D|Politics|Romance|Conspiracy|Singleplayer|Magic|Dark|Party-Based RPG|Anime|Action|Modern|Remake|Turn-Based Tactics","Action|Adventure|RPG","English|French|German|Japanese|Spanish - Spain","https://store.steampowered.com/app/3375780/","","https://store.steampowered.com/publisher/gungho","0 .. 20,000",6.66666666666667,FALSE
3124340,"Demeo x Dungeons & Dragons: Battlemarked","20 Nov, 2025","Resolution Games","Resolution Games",NA,NA,"Very Positive","",28.99,NA,NA,32,11,0,"False","False","False","A cooperative tactical RPG set in the D&D universe. Embark on a fantasy tabletop adventure. Your quest, on your schedule.","","Tactical RPG|Turn-Based Tactics|Online Co-Op|Dungeons & Dragons|Board Game|Strategy RPG|Class-Based|Tabletop|VR|Fantasy|Grid-Based Movement|Roguelite|Turn-Based Strategy|RPG|Strategy|Turn-Based Combat|Magic|Tactical|Adventure|Co-op","Adventure|RPG|Strategy","English|French|German|Japanese|Korean|Spanish - Latin America|Spanish - Spain|Italian|Portuguese - Brazil|Simplified Chinese|Traditional Chinese","https://store.steampowered.com/app/3124340/","https://store.steampowered.com/developer/resolutiongames","https://store.steampowered.com/publisher/resolutiongames","0 .. 20,000",6.66666666666667,FALSE
361420,"ASTRONEER","16 Dec, 2016","System Era Softworks","System Era Softworks",NA,901,"Very Positive","Very Positive",29.99,NA,NA,56,13,9,"False","False","False","Interact with strange new worlds in a unique and tactile way, molding the environment itself as if it were clay in your hands. Build your base, master resource management, automate your production lines, and more as you unravel the mysteries of the universe, alone or with friends.","Astroneer: Megatech|ASTRONEER: Glitchwalkers|ASTRONEER: Glitchwalkers - Deluxe Cosmetic Pack|ASTRONEER: Evolution Bundle|ASTRONEER Suit Bundle|ASTRONEER Athleisure Bundle|ASTRONEER Essential Bundle|ASTRONEER (Original Soundtrack)|Astroneer: Megatech - Deluxe Cosmetic Pack","Multiplayer|Open World Survival Craft|Open World|Space|Survival|Exploration|Base Building|Co-op|Sandbox|Adventure|Building|Crafting|Sci-fi|Automation|Singleplayer|Third Person|Colorful|Atmospheric|Simulation|Indie","Adventure|Indie","English|French|Italian|German|Spanish - Spain|Dutch|Japanese|Korean|Polish|Russian|Simplified Chinese|Portuguese - Brazil|Turkish","https://store.steampowered.com/app/361420/","https://store.steampowered.com/developer/systemera","https://store.steampowered.com/publisher/systemera","2,000,000 .. 5,000,000",1.16666666666667,TRUE
4329260,"Substance 3D Painter 2026","11 Mar, 2025","Adobe","Adobe",32,NA,"Mostly Positive","",194.99,NA,NA,0,9,0,"False","False","False","Adobe Substance 3D Painter is the reference texturing app for 3D professionals and enthusiasts. From AAA Game Developers to Indies, from Feature Animation to Visual Effects studios, the industry uses Painter to bring their creations to life.","","Animation & Modeling|Game Development","Animation & Modeling|Game Development","English|French|Italian|German|Spanish - Spain|Japanese|Korean|Portuguese - Portugal|Simplified Chinese","https://store.steampowered.com/app/4329260/","","","0 .. 20,000",6.66666666666667,FALSE
1256670,"Library Of Ruina","10 Aug, 2021","ProjectMoon","ProjectMoon",NA,793,"Very Positive","Very Positive",24.99,NA,NA,76,4,1,"True","False","False","""May you find your book in this place."" Combat between the guests and the librarians breaks out as if it were on a stage. Defeated guests turn into books, and the Library grows onward. And eventually, get your hands on… The one singular, perfect book.","Library of Ruina - ArtBook","Story Rich|Card Game|Difficult|Strategy|Deckbuilding|Turn-Based Combat|Great Soundtrack|Singleplayer|Psychological Horror|Visual Novel|Indie|Gore|Turn-Based|Card Battler|Turn-Based Strategy|2D|Anime|Horror|RPG|Action","Indie|RPG|Strategy","English|Japanese|Simplified Chinese|Korean","https://store.steampowered.com/app/1256670/","https://store.steampowered.com/curator/40685294","https://store.steampowered.com/curator/40685294","1,000,000 .. 2,000,000",0.5,TRUE
2488370,"Cash Cleaner Simulator","8 May, 2025","Mind Control Games","Forklift Interactive",NA,165,"Very Positive","Overwhelmingly Positive",19.5,NA,NA,12,13,3,"True","False","False","Check it, clean it, sort it, ship it. Welcome to the life of a cash cleaner. Take jobs from underworld contacts and clean some cash. Just don't try to leave...","Cash Cleaner Simulator - LOUD & LOADED|Cash Cleaner Simulator - Luxury Loadout|Cash Cleaner Simulator - Slay the Look","Cozy|Simulation|Multiple Endings|Satire|Management|Relaxing|Life Sim|Sandbox|Physics|Singleplayer|Crime|First-Person|Resource Management|Immersive Sim|Colorful|Realistic|Dark Humor|Atmospheric|Automation|Controller","Casual|Indie|Simulation","English|German|French|Spanish - Spain|Japanese|Russian|Simplified Chinese|Turkish|Traditional Chinese|Polish|Portuguese - Brazil|Italian|Korean","https://store.steampowered.com/app/2488370/","https://store.steampowered.com/developer/mind-control-games","https://store.steampowered.com/publisher/forklift","100,000 .. 200,000",75,TRUE
4249150,"Breath of Fire IV","1 Apr, 2026","CAPCOM Co., Ltd.","CAPCOM Co., Ltd.",301,NA,"Mostly Positive","",9.99,4.99,50,0,2,0,"True","False","False","Master an array of skills and magic to unlock strategic victories in battle as you go head to head with unique enemies using powerful ""Dragon Transformations"" and combo actions! Follow the intertwining stories of Ryu and Fou-Lu to their thrilling conclusion in this classic RPG adventure.","","RPG|Adventure|JRPG|Party-Based RPG|Turn-Based Tactics|Pixel Graphics|2.5D|Dark Fantasy|War|Magic|Turn-Based Combat|PvE|Singleplayer|Anime","Adventure|RPG","English|Japanese","https://store.steampowered.com/app/4249150/","https://store.steampowered.com/developer/capcom","https://store.steampowered.com/publisher/capcom","0 .. 20,000",6.66666666666667,FALSE
293760,"Automation - The Car Company Tycoon Game","12 Mar, 2015","Camshaft Software Ltd","Camshaft Software Ltd",NA,204,"Very Positive","Overwhelmingly Positive",26.99,NA,NA,0,13,2,"True","False","False","Make your dream cars a reality with Automation’s unparalleled car and engine design tools. Gain a competitive edge through smart engineering and business decisions to help you build an automotive empire. Will you become an industry leader, or just a footnote in automotive history?","Supporter Pack - Official Sound Track|Supporter Pack - V16 Engines","Simulation|Management|Building|Sandbox|Automobile Sim|Realistic|Crafting|Strategy|Early Access|Moddable|Education|Indie|Racing|Automation|Economy|Science|Singleplayer|Physics|Replay Value|Immersive Sim","Indie|Racing|Simulation|Strategy|Early Access","English|French|German|Spanish - Spain|Polish|Italian|Japanese|Portuguese - Brazil|Portuguese - Portugal|Russian|Simplified Chinese|Turkish|Indonesian","https://store.steampowered.com/app/293760/","https://store.steampowered.com/developer/camsoft","https://store.steampowered.com/publisher/camsoft","500,000 .. 1,000,000",100.2,TRUE
2457220,"Avowed","18 Feb, 2025","Obsidian Entertainment","Xbox Game Studios",NA,220,"Mostly Positive","Very Positive",49.99,NA,NA,50,12,1,"True","False","False","Avowed is a first-person fantasy RPG set in the world of Eora, where your choices carve a path through war, intrigue, and ancient mysteries. Navigate a land in turmoil, forge powerful alliances or deadly rivalries, and wield magic and steel to shape the fate of the Living Lands—and your own destiny.","Avowed Premium Upgrade","RPG|Fantasy|Singleplayer|First-Person|Story Rich|Magic|Adventure|Character Customization|Choices Matter|Combat|Action RPG|Third Person|Open World|Colorful|3D|Violent|Action|Mature|Atmospheric|Multiplayer","RPG","English|French|Italian|German|Spanish - Spain|Polish|Portuguese - Brazil|Russian|Simplified Chinese|Spanish - Latin America|Japanese|Korean","https://store.steampowered.com/app/2457220/","https://store.steampowered.com/developer/XboxGameStudios","https://store.steampowered.com/publisher/XboxGameStudios","500,000 .. 1,000,000",100.2,FALSE
2916430,"Fast Food Simulator","10 Dec, 2024","No Ceiling Games","No Ceiling Games",NA,222,"Very Positive","Mostly Positive",14.79,9.61,35,11,22,0,"False","False","False","Welcome to the world's most chaotic place! Play solo or co-op with up to 6 players. Run a fast-food restaurant, and work with your friends to expand your business. Take orders, make burgers, and increase your earnings by dealing with customers.","","Simulation|Online Co-Op|Cooking|Multiplayer|Management|Co-op|Indie|First-Person|3D|Singleplayer|Artificial Intelligence|Realistic|Early Access|Immersive Sim|Job Simulator|Character Customization|Psychological Horror|Funny|Horror","Indie|Simulation|Early Access","English|French|Italian|German|Spanish - Spain|Hungarian|Japanese|Korean|Polish|Portuguese - Brazil|Russian|Simplified Chinese|Spanish - Latin America|Traditional Chinese|Turkish|Ukrainian|Portuguese - Portugal|Arabic|Dutch|Danish|Finnish|Swedish","https://store.steampowered.com/app/2916430/","https://store.steampowered.com/developer/noceilinggames","https://store.steampowered.com/publisher/noceilinggames","200,000 .. 500,000",175,TRUE
268500,"XCOM® 2","4 Feb, 2016","Firaxis Games","2K",NA,343,"Very Positive","Very Positive",19.99,NA,NA,88,11,7,"False","False","False","XCOM 2 is the sequel to XCOM: Enemy Unknown, the 2012 award-winning strategy game of the year. Earth has changed and is now under alien rule. Facing impossible odds you must rebuild XCOM, and ignite a global resistance to reclaim our world and save humanity.","XCOM 2: War of the Chosen|XCOM 2: Reinforcement Pack|XCOM 2: War of the Chosen - Tactical Legacy Pack|XCOM 2: Shen's Last Gift|XCOM 2: Alien Hunters|XCOM 2: Anarchy's Children|XCOM 2: Resistance Warrior Pack","Strategy|Tactical|Turn-Based Combat|Character Customization|RPG|Singleplayer|Turn-Based Tactics|War|Sci-fi|Military|PvE|Post-apocalyptic|Isometric|Perma Death|Turn-Based Strategy|Turn-Based|Alternate History|Grid-Based Movement|Top-Down|Logic","Strategy","English|French|Italian|German|Spanish - Spain|Japanese|Korean|Polish|Russian|Simplified Chinese|Traditional Chinese","https://store.steampowered.com/app/268500/","https://store.steampowered.com/developer/firaxisgames","https://store.steampowered.com/publisher/2K","5,000,000 .. 10,000,000",2.5,FALSE
4271160,"Zero Stress King: Idle Defense","30 Mar, 2026","Pauloondra","Pauloondra",592,NA,"Very Positive","",4.69,3.75,20,12,17,1,"False","False","False","A short relaxing incremental game disguised as a tower defense, but enemies can’t reach your walls. Thanks to lava.","Zero Stress King: Beach Episode (Supporter Pack)","Casual|Strategy|Indie|Idler|Clicker|Tower Defense|Relaxing|Arcade|Auto Battler|Resource Management|2D|Cute|Pixel Graphics|Short|Fantasy|Colorful|PvE|Singleplayer|Replay Value|Family Friendly","Casual|Indie|Strategy","English|French|Italian|German|Spanish - Spain|Japanese|Korean|Polish|Portuguese - Brazil|Russian|Simplified Chinese|Turkish|Greek|Thai|Portuguese - Portugal|Spanish - Latin America|Traditional Chinese","https://store.steampowered.com/app/4271160/","https://store.steampowered.com/developer/Pauloondra","https://store.steampowered.com/publisher/Pauloondra","0 .. 20,000",6.66666666666667,TRUE
1147010,"Frostpunk: On The Edge","20 Aug, 2020","11 bit studios","11 bit studios",NA,NA,"Mixed","",12.99,1.29,90,0,12,0,"False","True","False","","","Strategy|Simulation|Survival|City Builder|Steampunk","Simulation|Strategy","English|French|German|Spanish - Spain|Polish|Russian|Simplified Chinese|Portuguese - Brazil|Turkish|Italian|Japanese|Korean","https://store.steampowered.com/app/1147010/","https://store.steampowered.com/developer/11bitstudios","https://store.steampowered.com/publisher/11bitstudios","0 .. 20,000",6.66666666666667,FALSE
289070,"Sid Meier’s Civilization® VI","20 Oct, 2016","Firaxis Games","2K",NA,NA,"Very Positive","Very Positive",59.99,NA,NA,320,12,10,"False","False","False","Expand your empire, advance your culture and go head-to-head against history’s greatest leaders. Will your civilization stand the test of time?","Sid Meier’s Civilization® VI: Leader Pass|Sid Meier's Civilization® VI: New Frontier Pass|Sid Meier's Civilization® VI: Gathering Storm|Sid Meier’s Civilization® VI: Rise and Fall|Sid Meier's Civilization® VI: Portugal Pack|Sid Meier's Civilization® VI: Vietnam & Kublai Khan Pack|Sid Meier's Civilization® VI: Babylon Pack|Sid Meier's Civilization® VI: Byzantium & Gaul Pack|Sid Meier's Civilization® VI: Ethiopia Pack|Sid Meier's Civilization® VI: Maya & Gran Colombia Pack","Strategy|Turn-Based Strategy|Multiplayer|Historical|Grand Strategy|Singleplayer|Turn-Based|4X|City Builder|War|Simulation|Tactical|Management|Building|Online Co-Op|Moddable|Great Soundtrack|Co-op|Hex Grid|Atmospheric","Strategy","English|French|Italian|German|Spanish - Spain|Japanese|Korean|Polish|Portuguese - Brazil|Russian|Simplified Chinese|Traditional Chinese","https://store.steampowered.com/app/289070/","https://store.steampowered.com/developer/firaxisgames","https://store.steampowered.com/publisher/2K","10,000,000 .. 20,000,000",5,FALSE
2756920,"Keep Driving","6 Feb, 2025","YCJY Games","YCJY Games",NA,165,"Very Positive","Very Positive",18,14.4,20,17,10,0,"False","False","False","An atmospheric management RPG about life on the open road. Pick up hitchhikers, work odd jobs, customize and repair your car, and map your route across the country. Use upgrades, skills and items to overcome challenges. And remember to take it easy. You’re young. You have time.","","Pixel Graphics|Atmospheric|RPG|Inventory Management|Driving|Adventure|Exploration|Indie|Multiple Endings|Resource Management|Singleplayer|2D|Procedural Generation|Open World|Party-Based RPG|1990's|Simulation|Turn-Based Tactics|Automobile Sim|Character Customization","Adventure|Casual|Indie|RPG|Simulation","English|French|German|Spanish - Spain|Japanese|Russian|Simplified Chinese|Swedish|Ukrainian|Portuguese - Brazil","https://store.steampowered.com/app/2756920/","https://store.steampowered.com/developer/YCJYgames","https://store.steampowered.com/publisher/YCJYgames","100,000 .. 200,000",75,TRUE
1331550,"Big Ambitions","10 Mar, 2023","Hovgaard Games","Hovgaard Games",NA,409,"Very Positive","Very Positive",22.99,NA,NA,99,22,0,"False","False","False","Big Ambitions is a revolutionary role-playing business sim. Go from nothing to the biggest entrepreneur in New York by opening small businesses or slowly building huge corporations any way you like.","","Early Access|Management|Economy|Simulation|Capitalism|Life Sim|Sandbox|Singleplayer|Resource Management|Time Management|Inventory Management|Immersive Sim|3D|Top-Down|Third Person|Open World|RPG|Modern|Stylized|Isometric","Indie|Simulation|Early Access","English|French|German|Spanish - Spain|Korean|Portuguese - Brazil|Russian|Simplified Chinese|Turkish|Italian|Traditional Chinese|Czech|Danish|Dutch|Finnish|Greek|Hungarian|Japanese|Polish|Romanian|Ukrainian|Lithuanian","https://store.steampowered.com/app/1331550/","https://store.steampowered.com/developer/hovgaard","https://store.steampowered.com/publisher/hovgaard","500,000 .. 1,000,000",100.2,TRUE
3315530,"Crusader Kings III: All Under Heaven","28 Oct, 2025","Paradox Development Studio","Paradox Interactive",NA,NA,"Mixed","",29.99,NA,NA,0,9,0,"False","True","False","","","Strategy|Medieval|Grand Strategy|Simulation|RPG|Historical|Management|Character Customization|Life Sim|RTS|Sandbox|Choices Matter|War|Singleplayer|Political|4X|Economy|Moddable|Multiplayer|Real-Time with Pause","RPG|Simulation|Strategy","English|French|German|Spanish - Spain|Russian|Simplified Chinese|Korean|Polish|Japanese","https://store.steampowered.com/app/3315530/","https://store.steampowered.com/developer/paradoxinteractive","https://store.steampowered.com/publisher/paradoxinteractive","0 .. 20,000",6.66666666666667,FALSE
4159460,"RoadCraft - Reclaim Expansion","24 Mar, 2026","Saber Interactive","Focus Entertainment",79,NA,"Mixed","",14.99,NA,NA,0,15,0,"False","True","False","","","Adventure|Simulation","Adventure|Simulation","English|French|Italian|German|Spanish - Spain|Simplified Chinese|Traditional Chinese|Polish|Portuguese - Brazil|Russian|Czech|Korean|Arabic|Turkish|Japanese","https://store.steampowered.com/app/4159460/","https://store.steampowered.com/developer/SaberInteractive","https://store.steampowered.com/publisher/Focus","0 .. 20,000",6.66666666666667,FALSE
431730,"Aseprite","22 Feb, 2016","Igara Studio","Igara Studio",NA,276,"Overwhelmingly Positive","Overwhelmingly Positive",16.79,NA,NA,0,19,0,"False","False","False","Aseprite is a pixel-art tool to create 2D animations, sprites, and any kind of graphics for games.","","Pixel Graphics|Design & Illustration|Animation & Modeling|Software|Game Development|Utilities|2D|Indie|Cute|Retro|Singleplayer|Funny|Souls-like|Difficult|Colorful|Story Rich|Hentai|Survival Horror","Animation & Modeling|Design & Illustration|Game Development","English|French|Italian|German|Korean|Russian|Simplified Chinese|Spanish - Latin America|Arabic|Dutch|Japanese|Portuguese - Portugal|Turkish|Afrikaans|Hungarian|Indonesian|Norwegian|Catalan|Thai","https://store.steampowered.com/app/431730/","https://store.steampowered.com/developer/igarastudio","https://store.steampowered.com/publisher/igarastudio","1,000,000 .. 2,000,000",0.5,FALSE
